id,forbidden_word,clean_word
1,🤏🏻,
2,🖕🏿,
3,🖕🏾,
4,🖕🏽,
5,🖕🏼,
6,🖕🏻,
7,🖕,
8,👌🏻👈🏻,
9,👉🏻👌🏻,
10,ﾜｷﾞﾅ,
11,ﾛﾝﾊﾟﾘ,사시
12,ﾛﾝﾄﾞﾝ,런던
13,ﾛｽｹ,러시아인
14,ﾗｲ病,한센병
15,ﾕﾙﾏﾝ,
16,ﾔﾝｷｰ,반항적 분위기를 가진 청소년
17,ﾔﾘﾏﾝ,
18,ﾔﾘまん,
19,ﾏﾝｺ,
20,ﾏｽﾀｰﾍﾞｰｼｮﾝ,
21,ﾏｽﾀｰベーション,
22,ﾏｽﾀｰべーしょん,
23,ﾏンコ,
24,ﾏンこ,
25,ﾏんコ,
26,ﾏんこ,
27,ﾍﾟﾆｽ,
28,ﾌﾟﾛﾃﾞｭｰｻｰ,프로듀서
29,ﾌﾟｯｼｰ,
30,ﾌｪﾗﾁｵ,
31,ﾌｪﾗ,
32,ﾌｨｽﾄﾌｧｯｸ,
33,ﾋﾞｯｺ,장애우
34,ﾋﾓ,경제적 지원을 받으며 지내는 사람
35,ﾋｯｷｰ,은둔형 외톨이
36,ﾊﾟﾝﾏ,여성
37,ﾊﾟﾝ助,여성
38,ﾊﾞﾙﾄﾘﾝ腺液,신체 분비물
39,ﾊﾞﾀ屋,중고 물품을 다루는 상인
40,ﾊﾞｷﾞﾅ,
41,ﾊﾞｶﾁｮﾝ,한국인
42,ﾊｹﾞ,머리숱이 없는 사람
43,ﾈｵｳｨｽﾞ,네오위즈 게임즈
44,ﾆｺﾖﾝ,일용직 노동자
45,ﾆｸﾞﾛ,흑인
46,ﾆｶﾞｰ,어두운 피부색
47,ﾅﾋﾞｹﾞｰﾀｰ,네비게이터
48,ﾄﾙｺ嬢,
49,ﾃﾞﾑﾊﾟ,템파
50,ﾃﾞｨｰﾌﾟｽﾛｰﾄ,
51,ﾁﾝﾎﾟｼﾞｳﾑ,
52,ﾁﾝﾊﾞ,걸음이 불편한 사람
53,ﾁﾝｺ,
54,ﾁﾝｹﾞ,
55,ﾁﾝこ,
56,ﾁｿｺ,
57,ﾁｬﾝｺﾛ,중국인
58,ﾁｪﾘｰﾎﾞｰｲ,연애 경험이 적은 사람
59,ﾁンこ,
60,ﾁんｺ,
61,ﾁんコ,
62,ﾁんこ,
63,ﾀﾞﾒｵﾝ,좋지 않은 상황
64,ﾀﾞｯﾁﾜｲﾌ,
65,ｾｯｸｽ,
66,ｽﾍﾟﾙﾏ,
67,ｽｹｺﾏｼ,
68,ｽｶﾄﾛ,
69,ｼﾞｰｴﾑ,유전자 변형
70,ｼﾞｬﾝｷｰ,약물 의존이 있는 사람
71,ｼﾞｬｯﾌﾟ,일본인
72,ｼﾈ,
73,ｼｮﾝﾍﾞﾝ,배뇨
74,ｻﾞｰﾒﾝ,
75,ｺﾞﾑﾌｪﾗ,
76,ｺﾞﾑ尺,고무로 된 자
77,ｺﾞﾑふぇら,
78,ｺﾞﾐ屋,
79,ｺﾝﾄﾞｰﾑ,
80,ｹﾞｰﾑﾏｽﾀｰ,유전자 변형
81,ｹﾞｰﾑﾁｭｰ,게임 진행
82,ｹﾞｰﾑｵﾝ,게임 시작
83,ｹﾁｬﾏﾝ,
84,ｸﾝﾆﾘﾝｸﾞｽ,
85,ｸﾝﾆ,
86,ｸﾛﾝﾎﾞ,
87,ｸﾘﾄﾘｽ,
88,ｸﾘﾄりす,
89,ｸﾘとﾘｽ,
90,ｸｿ野郎,
91,ｸｿやろう,
92,ｸｽｺ,
93,ｸｻﾏﾝ,
94,ｷﾞｯﾁｮ,
95,ｷﾓｵﾀ,
96,ｷﾁｶﾞｲ,
97,ｶﾞﾏﾝ汁,
98,ｶﾞﾊﾞﾏﾝ,
99,ｶﾞｲ児,
100,ｶﾘｸﾋﾞ,
101,ｶﾘ首,
102,ｶｳﾊﾟｰ腺液,
103,ｵﾘﾝﾋﾟｯｸ,올림픽 대회
104,ｵﾒｺ,
105,ｵﾏﾝｺ,
106,ｵﾏンコ,
107,ｵﾏンこ,
108,ｵﾏんコ,
109,ｵﾏんこ,
110,ｵﾌｨｼｬﾙ,공식
111,ｵﾅﾆｰ,
112,ｵﾁﾝｺ,
113,ｵﾁﾝこ,
114,ｵﾁンこ,
115,ｵﾁんｺ,
116,ｵﾁんコ,
117,ｵﾁんこ,
118,ｵマﾝｺ,
119,ｵマﾝこ,
120,ｵマンｺ,
121,ｵマンコ,
122,ｵマンこ,
123,ｵマんｺ,
124,ｵマんコ,
125,ｵマんこ,
126,ｵチﾝこ,
127,ｵチンコ,
128,ｵチンこ,
129,ｵチんｺ,
130,ｵチんコ,
131,ｵチんこ,
132,ｵまンこ,
133,ｵまんこ,
134,ｵちﾝこ,
135,ｵちンこ,
136,ｵちんこ,
137,ｴｽｷﾓｰ,
138,ｳﾞｧｷﾞﾅ,
139,ｳﾝｺ,
140,ｲﾀ公,
141,ｱﾒ公,
142,ｱﾇｽ,
143,ｱﾅﾙﾌｧｯｸ,
144,ｱﾅﾙ舐め,
145,ｱﾅﾙ処女,
146,ｱﾅﾙファック,
147,ｱﾅﾙ,
148,ｱｵｶﾝ,
149,ｱｲﾇ犬,아이누
150,ｱｲﾇ人,아이누
151,ｒｍｔ,현금 거래
152,힝구,슬프다
153,힙찔이들,옷을 멋지게 입고 싶어 하는 사람들
154,힙찔이,힙합 찌질이
155,힙찔,유행을 어색하게 따라가는 사람
156,힙스터,자신만의 고유한 스타일을 추구하는 사람
157,힘숨찐,진짜 힘을 숨긴 사람
158,힐링,치유
159,히어로즈,히어로즈 시리즈
160,히밤,
161,히메컷,일자 앞머리 헤어스타일
162,히로뽕,
163,히뜩하다,아이디어가 독특하다
164,희한한놈이네,참 특이한 사람이네
165,희쭈그리,소심해 보이는 모습
166,희연사,희귀한 연예인 사진
167,희얼사,희귀한얼굴 사진
168,흠터레스팅,흥미롭다
169,흠좀무,좀 무섭다
170,흙수저라지만,형편이 어려웠지만
171,흙수저,서민층
172,흑형,흑인
173,흑인이야흑인,피부색이 어두운 사람이에요
174,흑인이라서,그분이라서
175,흑인이나,피부색이 어두운 사람이나
176,흑인이,피부색이 어두운 사람이
177,흑인을,흑인 분을
178,흑인보다,흑인분들 보다
179,흑인됨,피부색이 어두워짐
180,흑인녀에게,흑인 여성분에게
181,흑인녀가,흑인 여성분이
182,흑인관련,인종 관련
183,흑인,피부색이 어두운 사람
184,흑두루미,타인이 하는 말을 그대로 따르다가 큰 손해를 보는 어리석은 사람
185,흐졉,서툰 상태
186,흐젚,서툰 상태
187,흐접쌔끼,사람
188,흐접,서툰 상태
189,휴덕,특정한 것을 좋아하는 행동을 멈춤
190,휴거지,휴먼시아 아파트 사는 거지
191,휙휙호무리,히키코모리
192,휘소가치,타인에겐 무의미해도 내게는 의미 있는 가치
193,휘게라이프,편안함을 추구하는 라이프스타일
194,훔쳐간새끼,훔쳐간 사람
195,훈녀,훈훈한 여자
196,훈남웃음짓고있는꼬라지,웃고 있는 모습
197,훈남,훈훈한 남자
198,후팔,
199,후진국이라,발전이 덜 된 나라라
200,후진국들이,발전이 덜 된 나라들이
201,후좡,
202,후장팔아쳐먹을새끼,매우 무례한 사람
203,후장입사,
204,후장에서,
205,후장에,뒤쪽에
206,후장뚫어,
207,후장꽂아,
208,후장,뒤쪽
209,후비파,
210,후벼,
211,후배위,
212,후릴년,사람
213,후리지마,놀리지 마
214,후뢰자식,사람
215,후로자,
216,후레자식,
217,후레자,
218,후레아들,
219,후레발,
220,후레년,
221,후러덜,
222,후랴,
223,후래자식,사람
224,후래자,
225,후라질년,
226,후라질넘,
227,후라질,
228,후라들년,사람
229,후라들,
230,후라덜넘,사람
231,후라덜,
232,후다년,
233,횽아,형아
234,횰로족,자신의 행복과 현재를 즐기는 사람들
235,횰로,자신의 행복과 현재를 즐기는 사람
236,효수하고,처벌하여 여러 사람에게 경고하고
237,효소찐따,어수룩한 사람
238,횡보,횡보
239,회의주의자,회의를 자주 하는 회사사람
240,회오리주,맥주와 양주를 회오리처럼 흔들어 섞은 술
241,회사샛기,회사 사람
242,회사새끼가,회사 사람이
243,회사밥,회사 주차장의 전기차 충전 시설
244,회사대표란놈이,회사 대표라는 사람이
245,회방남,회사 방침을 철저히 따르는 남자
246,회냉,회냉면
247,황인이,아시아인이
248,황오시,세게 밀어치기
249,황물,황금 물폭탄
250,환승이직,환승해서 바로 이직
251,확찢,
252,확찐자,살이 급격하게 찌다
253,확찌,
254,확벌,
255,화이팅,힘내
256,화이트불편러,사회 부조리에 대한 주장을 펼치는 사람
257,화양년,
258,화성아재들이,화성 중년 남성들이
259,화성아재들은,화성 중년 남성들은
260,화를나게만들어요씨발놈이,그 사람이 화나게 한다
261,화냥뇬,
262,화냥년,
263,화냥,
264,홍인이,홍색 피부 톤의 사람을
265,홍인들이,붉은색 피부 톤을 가진 사람들
266,홍인남자라고,외국 남자라고
267,홍인,외국인
268,홈퍼니족,공채시즌에 집에서 원서접수에 매진하는 사람
269,홈트족,홈 트레이닝 하는 사람들
270,홈트,홈 트레이닝
271,홈캠핑,집에서 캠핑
272,홈루덴스,집에서 노는 걸 즐기는 사람
273,홀오자식,
274,홀리몰리과카몰리,매우 놀랍다
275,홀로족,나 홀로 살아가는 족속
276,홀든놈이,홀든이라는 사람이
277,혼혈인데,다문화 가정 자녀인데
278,혼혈에,다문화 가정 자녀에
279,혼틈,혼란을 틈 타서
280,혼음,행동 표현
281,혼영,혼자 영화
282,혼여,혼자 여행
283,혼술,혼자 술 마시기
284,혼생네컷,혼자서 인생 네 컷
285,혼밥,혼자 밥 먹기
286,혼바비언,혼자 밥 먹는 사람
287,혼모노남덕은,애니메이션을 좋아하는 남성은
288,혼모노,진짜
289,혼놀로그,혼자 노는 브이로그
290,혼놀,혼자 놀기
291,호테스빠,특정 업종
292,호테스바,특정 업종
293,호캉스,호텔에서의 바캉스
294,호주촌구석,호주의 작은 마을
295,호좁,서툰 상태
296,호졉,서툰 상태
297,호오로,
298,호양년,
299,호스티스,접객직
300,호스트빠,특정 업종
301,호빠,특정 업종
302,호봉쒜리,
303,호봉쎄끼,
304,호봉세씨,
305,호모자식,
306,호모쎄끼,
307,호모쌕,
308,호모쉐이,
309,호모섹,
310,호모,동성애자
311,호루자슥,
312,호롸,
313,호로짜식,
314,호로잡,
315,호로자식,
316,호로자슥,
317,호로자,
318,호로오,
319,호로씹잡놈이,심하게 말하는 사람
320,호로쌔꺄,
321,호로쌔기다,좋지 않은 행동을 한다
322,호로쉑,
323,호로색,
324,호로새끼라면서,사람이라면서
325,호로새끼,정말 무례한 친구
326,호로새꺄,
327,호로새,
328,호로뇬,
329,호로년,
330,호로개잡늠,
331,호로개자슥,
332,호로,
333,호레,
334,호러세귀,나쁜 사람
335,호러새끼,나쁜 사람
336,호래자,
337,호냥뇬,
338,호냥년,
339,호구쉐끼,순진한 사람
340,호구새끼들도있는데,손해를 보는 사람들도 있는데
341,호구새끼가,손해만 보는 사람이
342,호구새끼,손해를 보는 사람
343,호구,순진한 사람
344,호광킹,호감형 광고
345,호관과,호텔관광과
346,호갱짓,손해보는 행동
347,혜자,가격에 비해 양과 질이 매우 뛰어남
348,혐짤,혐오스러운 사진
349,혈중마라농도,마라 요리를 먹은 빈도
350,혈육한남에서,남자 형제에게서
351,혈육통해서얘기햇는데시발,가족을 통해 이야기했는데
352,혈육새끼,가족
353,혈육만자식새끼라이거냐,가족만 챙기는 거냐
354,혈육가성비한남존나빡치제씨발,가족 일로 너무 화가 나는데
355,현피,현실 싸움
356,현타,현실자각타임
357,현질,현금 결제
358,현웃,현실에서 웃다
359,현실찐따들은,소극적인 사람들은
360,현실좆찐따도태퀸,현실에서 어려움이 많은 사람
361,현모양처에,좋은 배우자에
362,혀로보지핱기,
363,혀로보지핧기,
364,헴타이,부적절 만화
365,헬페미의,강한 페미니즘의
366,헬창,헬스에 미친 사람
367,헬지관이,헬스장이
368,헬조센,살기 힘든 나라
369,헬조선패치,힘든 나라 변화
370,헬조선이라고,한국이라고
371,헬조선의,한국 사회의
372,헬조선에서는,한국에서는
373,헬조선,살기 힘든 나라
374,헬잘알,헬스 잘 아는 사람
375,헬보직,힘든 보직
376,헬린이,웨이트 트레이닝 초보자
377,헬게이트,혼란스러운 상황
378,헨타이,부적절 만화
379,헤완얼,헤어의 완성은 얼굴
380,헤드샷,머리를 사격
381,헤남인거,남성인 것
382,헛지랄이고,괜한 행동이고
383,헐보,
384,헐미친겁나싸네,정말 많이 저렴하네
385,헐렁보지,
386,헐랭방구,어이가 없다
387,헐랭,어이가 없다
388,헐놈,
389,헐년,
390,헐넘,
391,헐,어이가 없다
392,허좁,허접
393,허졉,허접
394,허젚,허접
395,허벌챙넘,정신없는 사람
396,허벌창,
397,허벌자지,
398,허벌자식,
399,허벌보지,
400,허벌년,
401,허버리년,
402,허뎝,너무하네
403,허덥,조용히 하자
404,허네,하네
405,행세권,은행 역세권
406,행복회로,행복한 상상
407,행그리,배고파서 화가 남
408,햄찌,햄스터
409,핼반도,우리 나라
410,핸타이,부적절 만화
411,핵존맛,정말 맛있는 음식
412,핵인싸,엄청난 인사이더
413,핵아싸,엄청난 아웃사이더
414,핵노답,답이 없는
415,핵꿀잼,큰 재미
416,핵공감,크게 공감
417,항문쑤셔,
418,항문수셔,
419,항마력,정신적 내성
420,핫타임,기간 이벤트
421,함주까,그럴까
422,함빨자,
423,함대줄래,도와줄래
424,함대줄까,도와줄까
425,함대주까,
426,함냉,함흥냉면
427,할타,
428,할아재입니다,어르신입니다
429,할아재들이,어르신들이
430,할아재들은,어르신들은
431,할아재,어르신
432,할배새끼는,할아버지는
433,할배들,할아버지들
434,할배놈,할아버지
435,할미,할머니
436,할매한테,할머니께
437,할매님,할머니
438,할매께,할머니께
439,할매,할머니
440,할망구의,할머니의
441,할많하않,할 말은 많지만 하지 않겠다
442,할류열풍,할아버지들이 일으키는 열풍
443,할뇬,
444,한타,한다
445,한심한새끼,너무 안타까운 사람
446,한심한놈들이,답답한 사람들이
447,한시키,한 사람
448,한명갑니다씨발,한 명 갑니다
449,한달살기,한지역에 오래 머물며 즐기는 여행방식
450,한놈이,한 사람이
451,한놈은,한국 사람은
452,한놈만,한 사람만
453,한놈,한 사람
454,한녀들끼리,여성들끼리
455,한녀들,한국 여성들
456,한녀당했으니,여자에게 당했다고 하니
457,한남한테,한국 남성한테
458,한남충이라고,한국 남성을 비하하는 표현이라고
459,한남충이,한국 남성이
460,한남충은,어떤 사람은
461,한남충에,한국 남자에게
462,한남충새끼,한국 남성
463,한남충들을,남성들을
464,한남충,한국 남성
465,한남천국,남성 중심적 문화
466,한남중의,한국 남성 중에서
467,한남주제에,한국 남성인데
468,한남저씨,한국 아저씨
469,한남임,한국 남성임
470,한남인,한국남자
471,한남이면,한국 남자면
472,한남이랑,한국 남자랑
473,한남이라지만,한국 남자라지만
474,한남이라,한국 남자라
475,한남이다,한국 남자다
476,한남이고,한국 남자이고
477,한남이갓지,한국 남성이 그렇지
478,한남유충,한국 어린 남학생
479,한남유저와,한국 남성 이용자와
480,한남아재들이,한국 중년 남성들이
481,한남아재가,한국 남성 분이
482,한남아,한국 남자야
483,한남새끼한테,한국 남성에게
484,한남새끼라,한국 남성이라서
485,한남새끼가,한국 남자가
486,한남새끼,한국 남자
487,한남보는,한국 남성을 보는
488,한남배우들,한국 남성 배우들
489,한남민국,남녀 이슈가 많은 사회
490,한남무리,한국 남성 무리
491,한남력,한국 남성 능력
492,한남들한테,남성들에게
493,한남들이,한국 남자들이
494,한남들아,남성분들아
495,한남들때문에,한국 남성들 때문에
496,한남들,한국 남자들
497,한남되기라고,한국 남성 되기라고
498,한남돌이,한국 남성 아이돌
499,한남개저씨들,한국 성인 남성들
500,한남개저,한국 남자 아저씨
501,한남같은,한국 남성 같은
502,한국자댕이,한국 사람
503,한국놈이지만,한국 사람이지만
504,한국놈이,한국 사람
505,한국놈들아,한국 사람들아
506,한국놈들,한국 사람들
507,한과영,한국 과학 영재 학교
508,학세권,학원 역세권
509,학살했기에,큰 피해를 주었기에
510,학살자,큰 해를 끼친 사람
511,학교시발,학교
512,하타치,망했다
513,하키맘,아이스하키 경기장까지 데려다주는 엄마
514,하층백인들의,경제적으로 어려운 백인들의
515,하층백인들,가난한 백인들
516,하차감,차에서 내릴 때 받는 느낌과 시선
517,하이피킹덤,하이피킹덤 게임
518,하이피드래곤,하이피드래곤 모험 게임
519,하이텐션,마냥 들뜬 기분
520,하이바,방탄헬멧
521,하이루,안녕
522,하운팅,잠적했다 돌아와서 태연히 문자를 하는 사람
523,하우스푸어,집을 가지고 있지만 가난한 사람
524,하시발,
525,하스데,하드 스우 데미안
526,하메,하우스메이트
527,하루윌,하드 루시드 윌
528,하드코어,강도가 센 것
529,하드캐리,매우 열심히 승리로 이끈
530,하는놈들,하는 사람들
531,하는년들이,하는 사람들이
532,하같색,하늘 아래 같은 색조는 없다
533,핑프,손도 까딱 안하는 왕자 공주 같은 사람
534,핑거나이츠,핑거나이츠 게임
535,필테,필라테스
536,필킬,반드시 죽일 수 있다
537,필카,필름 카메라
538,필수템,반드시 필요한 아이템
539,필밴,반드시 선택 금지
540,필리핀남자들아,필리핀 남성들아
541,피흡,체력 흡수
542,피코네코,피코네코 캐릭터 브랜드
543,피켓팅,치열한 티켓팅
544,피카츄네이놈,피카츄 같은 녀석
545,피엠,기획 담당자
546,피씨충피씨충,예의 따지는 사람
547,피씨충,PC 문화를 좋아하는 사람
548,피스톤질응,빠르게 움직이는 동작은
549,피스톤질,빠르게 움직이는 동작
550,피스톤,반복적인 움직임
551,피방,피시방
552,피맥,피자와 맥주
553,피망플러스,게임 서비스
554,피망포커,피망 포커 게임
555,피망맞고,피망 맞고 게임
556,피디,제작 담당자
557,피나치공,피자나라 치킨공주
558,플미충한테,플레이 미스 하는 사람한테
559,플미충,플레이 미스 하는 사람
560,플미꾼,되팔이하는 사람
561,플로깅,걷거나 뛰면서 길거리의 쓰레기를 줍는 봉사활동
562,플렉스,과시 자랑
563,플레이어,게임 참여자
564,플러스피망,게임 서비스
565,플라스틱수저,서민층
566,프사,프로필 사진
567,프리터족,직업없이 아르바이트를 하며 지내는 사람
568,프리커족,모은 돈으로 얼마간 놀거나 자기계발을 하며 사는 계층
569,프로한남들아,한국 남자들아
570,프로아나,거식증을 찬성하는 사람
571,풔킹,이런
572,풋잡,
573,품절녀,유부녀
574,품절남,유부남
575,풀창,영창 징계 최대치
576,풀접,서버에 인원이 가득 접속
577,풀알,남성의 소중한 곳
578,풀방,게임 상의 방에 인원이 가득
579,풀발기하는거니까요,과하게 흥분하는 거니까요
580,풀멍,풀을 멍하게 쳐다보며 휴식
581,푼수짓,엉뚱한 행동
582,푸라면,신라면
583,퐁퐁단,결혼생활에서 주도권이 없는 남성
584,퐁퐁남,결혼생활에서 주도권이 없는 남성
585,폴꾸,폴라로이드 사진 꾸미기
586,폰팔이,휴대폰 판매원
587,폰쎅,
588,폰쌕,
589,폰쉑,
590,폰섹을,전화로 장난을
591,폰섹스,
592,폰섹같이,전화 장난처럼
593,폰섹?스,
594,폰섹,전화 장난
595,폰세엑,
596,폰색,
597,폰떽,
598,폰딧불,핸드폰 불빛으로 시선을 빼앗는 사람
599,폰놈처럼,핸드폰을 자주 쓰는 사람처럼
600,폰x,
601,폰s,
602,폭우냔,폭우가
603,폭망인간이네,많이 힘든 상황이네
604,폭망,폭삭 망하다
605,폭딜,폭발적인 데미지
606,폭뀨,
607,포토러킹,블로그 뒤적거리기
608,포털앱,앱 서비스
609,포큐,
610,포카,포토 카드
611,포차,포장마차
612,포온섹,
613,포르로,부적절 영상
614,포르노인,
615,포르노에서의,
616,포르노,부적절 영상
617,포르너,부적절 영상
618,포르나,부적절 영상
619,포로느,부적절 영상
620,포로너,부적절 영상
621,포뀨,
622,폐티시,특정 취향
623,폐티쉬,특정 취향
624,폐티걸,특정 취향
625,폐니스,남성의 소중한 곳
626,폐거리,무리
627,평해튼,북한의 상류층
628,평타치,평균
629,평타,일반 공격
630,평생쳐맞다죽길바래,네가 잘 안되길 바래
631,평반,평생 반말
632,평냉,평양냉면
633,평가질하고,평가하고
634,편순이를,편의점 직원분을
635,편세권,편의점 역세권
636,편부모가정인지,편부모 가정인지
637,편맥,편의점 맥주
638,편리미엄,편리함이 곧 프리미엄
639,편도족,편의점 도시락을 찾는 사람들
640,펭귄아빠,가족을 보기 힘든 아빠
641,펫팸족,펫패밀리족
642,펠라치오,
643,펠라,친밀한 행동
644,펜타킬,5연속 킬
645,페팅,
646,페티시,특정 취향
647,페티쉬,특정 취향
648,페티걸,특정 취향
649,페친,페이스북 친구
650,페이스펙,외모가 능력
651,페북스타,페이스북 스타
652,페북,페이스북
653,페메,페이스북 메시지
654,페도충을,
655,페니스,남성의 소중한 곳
656,펔큐,
657,펔유,
658,펔뀨,
659,펔규,
660,펄뇬,
661,펄놈,
662,펄년,
663,펄넘,
664,펀섹,
665,펀색,
666,퍽큐,
667,퍽유,
668,퍼큐,
669,퍼케이션,경영난으로 인한 강제 무급휴가
670,퍼스트미션,첫 번째 임무
671,퍼르노,부적절 영상
672,팰라치오,
673,팬픽,연예인 혹은 작품의 2차 창작물
674,팬티안입었나이씨발놈,옷차림이 궁금한 말이 거친 남자
675,팬질,팬활동
676,팬아저,팬이 아니어도 저장
677,팬싸,팬 싸인회
678,팩폭,반박할수없는 진실로 상대에게 타격
679,팩트폭행,사실을 바탕으로 한 비판
680,패티시,특정 취향
681,패티쉬,특정 취향
682,패완얼,패션의 완성은 얼굴
683,패악질부리고,소란을 피우고
684,패악질,나쁜 행동
685,패스트힐링,빠른 치유
686,패스가,건너뛰기가
687,패션고자,패션 감각이 부족한 사람
688,패드립,더러운 농담
689,패니스,남성의 소중한 곳
690,패거리,무리
691,팔아먹은놈,책임을 저버린 사람
692,팔리는꼬라지보면,팔리는 모습 보면
693,팔로워,자신을 팔로우하고 있는 유저
694,팔럼,
695,팔뇬,
696,팔놈,
697,팔년,
698,팔넘,
699,판자촌이나,주택 환경이 열악한 곳이나
700,판새끼,사람
701,판꼬라지가,상황이
702,팍세권,공원이 근처에 있는 지역
703,파티원,그룹에 속하는 팀원
704,파테크,재테크
705,파큐,
706,파이어족,경제적 독립으로 일찍 은퇴하는 사람
707,파오후아니면,체격이 큰 사람이 아니면
708,파쇼새끼들도,권위적인 사람들도
709,파바,파리 바게트
710,파밍,성장하기 위해 모으기
711,파랜드워,파랜드워 모험 전략 게임
712,파데,파운데이션
713,파덜어택,게임하는데 아버지가 들이닥쳤다
714,팅기는새끼들,빠지는 사람들
715,팀킬,팀원을 공격
716,팀부,팀부스터
717,틱띠기,초단타 거래를 하는 코인방식
718,티키타카,대화가 잘 통하는 상황
719,티이발,아이구
720,티엠티,말 많은 사람
721,티어,단계
722,티본,일본
723,티발,아이구
724,티꼽냐,불편하니
725,티꼽,불편함
726,티껍냐,불편하니
727,티껍,불편
728,틀딱충이라고,어르신이라고
729,틀딱충,어른
730,틀딱이긴,연세가 있으시긴
731,틀딱색기와서,연세 있는 분이 오셔서
732,틀딱새끼들이,나이 든 분들이
733,틀딱새끼들은,연세가 많은 분들은
734,틀딱들이,어르신들이
735,틀딱년,어른
736,틀딱,어른
737,틀니압수,틀니를 압수하여 응징
738,튼실한벅지,건강해 보이는 다리
739,트창년들,트위터 하는 사람들
740,트젠이냐고,성별이 다른 사람이냐고
741,트젠,트랜스젠더
742,트리플킬,3연속 킬
743,트리플에이형,소심한 성격
744,트롤링,아군 팀을 고의로 패배하게 만드는 행위
745,트롤러,아군 팀을 고의로 패배하게 만드는 사람
746,트로피남편,가사와 육아를 책임지는 남편
747,트랜스젠더,성별 정체성이 다양한 사람
748,튀꼽냐,당황했니
749,튀꼽,당황
750,튀껍냐,당황했니
751,투디씹덕색기들보단,2D를 좋아하는 사람들보다는
752,퇴튜던트,퇴근 후 공부하는 직장인
753,퇴준생,퇴사 준비생
754,퇴물이니까,오래된 것이니까
755,퇴거위로금,퇴거했을때 받는 위로금
756,통맹,소통할 줄을 모름
757,톤어그로,톤에 맞지 않는 화장품 사용
758,톤그로,톤에 맞지 않는 화장품 사용
759,톡디,톡 아이디
760,토착왜구,일본을 지지하는 사람
761,토스매매법,재테크하는 방법
762,템빨,아이템 다 이기는
763,텔포,순간이동
764,테크트리,계필요한 선행 기술들13891
765,테크니카Q,테크니카Q 음악 리듬 게임
766,테슬라,테라와 참이슬을 섞은 것
767,텅장,돈이 없거나 적은 통장
768,털지갑,지갑
769,털보새끼도,수염 많은 사람도
770,턱스크,턱만 가린 마스크
771,터주제에,주제에
772,탱커,전방 포지션
773,탱구리,
774,탱구,
775,탭소닉스타,탭소닉 리듬 게임 스타 버전
776,탭소닉링스타,탭소닉링스타 리듬 게임 확장판
777,탭소닉,탭소닉 리듬 게임
778,탕진잼,일상생활에 지장이 없는 수준에서 푼돈을 쓰는 것
779,탑신병자,상단 라인을 가는 감정적인 유저
780,탑라인,상단 라인
781,탑라이너,상단 라인을 가는 유저
782,탑다이브,상단 라인 포탑 내부 공격
783,탐라,타임라인
784,탈코녀라고,메이크업을 하지 않는 여성이라고
785,탈주,도망
786,탈북자를,북한을 탈출한 분을
787,탈북자가,탈북한 분이
788,탈밍아웃,탈모를 고백하는 것
789,탈모놈,탈모인이
790,탈룰라,의도치 않게 패륜적 농담을 친 사람이 상황을 수습하는 모습
791,탈라도,전라도 지역 분들
792,탈덕,덕후 생활을 그만
793,탄핵시위질이며,탄핵 시위 같은 행동이며
794,탄탄한,단단한
795,탄알집,탄창
796,타조세대,노후 불안에 시달리면서도 대책없이 자포자기상태에 빠진 세대
797,타조대가리의,타조 머리의
798,타이니월드,타이니월드 게임
799,타이거맘,호랑이 엄마
800,킹좋다,매우 좋다
801,킹익,사회복무요원
802,킹왕짱,더 좋을 수 없을 때까지 좋은
803,킹받는다,열받는다
804,킹리적갓심,합리적 의심
805,킹능성,매우 높은 가능성
806,킹냥이,고양이
807,킹고프다,매우 배고프다
808,킬링필드꼴,큰 혼란
809,킬각,죽여야 할 때
810,키큰놈을,키 큰 사람을
811,키카,키즈 카페
812,키보드아줌마,온라인에서 의견을 많이 내는 분
813,키덜트,장난감을 좋아하는 어른
814,큼섹,
815,클리토리스,신체 부위
816,큰보지,신체 부위
817,큰놈이랑,큰 아이와
818,크카,크로스 카운터
819,크리토리스,신체 부위
820,크랙베리,휴대전화로 인터넷을 지나치게 사용하는 증상
821,퀸망진창,현실에서 엉망진창으로 빠져든다
822,쿼터갓,
823,쿼드라킬,한순간에 적을 넷 처치하는 것
824,쿵쾅이인데,체중이 많이 나가는 사람인데
825,쿰척쿰척,우물쭈물
826,쿨한,멋진
827,쿠크다스,약해서 부서지기 쉬운 것
828,쿠쿠루삥뽕,약오르지
829,쿠세권,쿠팡 역세권
830,쿠세,고치기 힘든 나쁜 버릇
831,쿠바쉐,쿠키 바닐라 쉐이크
832,쿠리네똥고냥이들,그 집 고양이들
833,콩불,콩나물 불고기
834,콩가루집안,도덕적이지 않은 가족
835,콜,거래처
836,콘돔,안전용품
837,코피스족,커피전문점에서 업무를 보는 직장인
838,코쟁이,서양인
839,코인충,암호화페 투자자
840,코비디어트,코로나 예방 수칙을 어기는 비상식적인 사람
841,코블리,웸블리 같은 코엑스
842,코린이,가상화폐 초보
843,코로니얼,코로나 시대에 태어난 세대
844,코로노미쇼크,코로나로 인한 소비위축 밎 생활고
845,코로나이혼,코로나 시대에 이혼이 증가
846,코로나결혼,코로나로 인한 외로움으로 결혼
847,코노,코인 노래방
848,케자식,사람
849,케세끼,
850,케세,
851,케새킹,무례한 사람
852,케새끼,무례한 사람
853,케새,무례한 말
854,케바케,경우에 따라 다른
855,케리레이싱,케리 레이싱 게임
856,케렌시아,오로지 나만을 위한 휴식 장소
857,케뇬,무례한 사람
858,컴퓨터새끼,컴퓨터가
859,컴쎅,
860,컴쌕,
861,컴섹스,
862,컴섹,
863,컴세엑,
864,컴색,
865,컴공,컴퓨터공학
866,컴x,
867,컴s,
868,컨츄리섹시인데,시골풍 매력이 있는데
869,컨셉충,현실과 다른 인격과 설정을 내세우는 사람
870,컨셉질이구나,컨셉인 것이구나
871,커엽다,귀엽다
872,커엄세엑,
873,커엄세액,
874,커엄새엑,
875,커엄새액,
876,커닐해달라고,부드럽게 해달라고
877,커닐하면서,부드럽게 하면서
878,커닐하면,부드럽게 하면
879,캥거루족,경제적으로 부모에게 의존하는 성인 자녀
880,캥거루맘,자식을 과잉보호 엄마
881,캠프닉,도심근교에서 즐기는 가벼운 캠핑
882,캠린이,캠핑 입문자
883,캘박,달력에 박제
884,캐시키,무례한 사람
885,캐스키,무례한 사람
886,캐스끼,
887,캐쉑끼,사람
888,캐쉐리,사람
889,캐셋키,무례한 사람
890,캐세끼,무례한 사람
891,캐새키,무례한 사람
892,캐새끼,사람
893,캐삭빵,캐릭터 삭제 대결
894,캐븅신,사람
895,캐병신,사람
896,캐릭터놈자식들,캐릭터 만든 사람들
897,캐릭 ,캐릭터
898,캐뇬,무례한 사람
899,캐놈,
900,캐년,
901,칼퇴,칼같이 퇴근
902,칼챔,칼을 무기로 사용하는 캐릭터
903,칼질을존나하는,칼질을 너무 많이 하는
904,칼제비,칼국수 수제비
905,칼빵놔서,다치게 해서
906,칼빵,다친 일
907,카페인고자,카페인 약한 사람
908,카페맘,교육정보를 나누는 엄마
909,카톡감옥,초대받아 나갈 수 없는 단톡방
910,카톡,카카오톡
911,카쎅,
912,카섹스,
913,카섹,
914,카러플,카트라이더 러쉬 플러스
915,카공족,카페에서 공부하는 사람
916,카x,
917,칭키아이하면서,칭얼거리면서
918,칭총,중국인
919,칭챙총,중국인
920,칭구칭긔,친구친구
921,침략자이자,침략한 사람이며
922,칠푼이,어수선한 사람
923,칠포세대,7가지를 포기한 세대
924,친추 ,친구 추가
925,친청,친정
926,친일파를,일본 편을 드는 사람을
927,친일파로,일본 편을 드는 사람으로
928,친일파라는,일본을 편드는 사람이라는
929,친일파는,일본 편을 드는 사람은
930,친일파가,일본 편인 사람이
931,친일파,일본 편을 드는 사람
932,친일매국노,일본 편을 드는 나라를 파는 사람
933,친오빠새끼가,친오빠가
934,친신,친구신청
935,친삭,친구 삭제
936,친목질,친목을 위한 좋지 않은 행위
937,친넘,친구
938,친구미친새끼가,정말 놀라게 한 친구가
939,친구돼지와,체격이 큰 친구와
940,친구돼지,체격 있는 친구
941,친구놈이,친구가
942,친구놈들은,친구들은
943,칙쇼,그만해
944,치팅데이,일이주에 한번 칼로리 보충하는 날
945,치킨각,치킨을 먹을법한 분위기
946,치밥,치킨과 밥
947,치맥,치킨과 맥주
948,치마바람,불합리적으로 실력을 행사하는 엄마
949,치떡,치킨과 떡볶이 세트
950,치느님,치킨
951,칀넘아,친구야
952,츠발,아이구
953,취켓팅,취소표 티케팅
954,취집만큼,결혼만큼
955,취집,취업 대신 시집
956,취준생,취업 준비생
957,취존,취향 존중
958,취뽀,취업 뽀개기
959,취럴,헛소리
960,취급도,대하기도
961,충공깽,충격적이고 공포다 사람들아
962,춤신춤왕,춤을 잘 추는 사람
963,추행을,폭력을
964,춎이다,그렇다
965,춎마라라,그러지 말아라
966,쵝오,최고
967,최최차차,최고는 최애고 차은우는 차은우다
968,최애캐,가장 사랑하는 캐릭터
969,최애,최고로 좋아하는
970,최관호대표님,최관호 대표님
971,최관호대표,최관호 대표님
972,최관호,최관호 대표님
973,최고좆엄,정말 대단함
974,촹뇬,사람
975,촹년,무례한 사람
976,촟,
977,총질로,무력 사용으로
978,촌학교,시골 학교
979,촌여성은,시골 여성은
980,촌씨브랭이,시골 분위기
981,촌씨브랑이,시골 분위기
982,촌씨브라리,시골 분위기
983,촌씨브,
984,촌스럽고,조금 오래된 느낌이고
985,촌병왔어,이상하게 행동해
986,촌놈인,시골 사람인
987,촌놈이라,시골 사람이라
988,촌놈이네,시골 출신이네
989,촌놈이,시골 사람이
990,촌놈의,시골 친구의
991,촌놈은,시골 친구는
992,촌놈병에,촌스러운 행동에
993,촌놈마라톤마냥,시골풍의 모습처럼
994,촌놈같잖아,소박해 보여
995,촌놈같이생김,소박하게 생김
996,촌놈같네,시골 사람 같네
997,촌놈,시골 사람
998,촌년하나가,한 시골에서 올라온 여성이
999,촌년인거,소박한 사람인 것
1000,촌년은,시골에 사는 여자는
1001,촌년비누하나면,비누 하나면
1002,촌년비누,촌스러운 비누
1003,촌년병이,시골병이
1004,촌년병의,어색한 행동의
1005,촌년병을,어색한 행동을
1006,촌년병,시골병
1007,촌년같애,촌스러워 보여
1008,촌년,시골 여자
1009,촌나시펄,참 어색하다
1010,촌구석에서,시골에서
1011,촌구석까지,외진 지역까지
1012,초품아,초등학교를 품은 아파트
1013,초크초크,촉촉
1014,초코아,초등학교가 코 앞에 있는 아파트
1015,초짜,초보자
1016,초식남,연애에 소극적이고 관심 없는 남자
1017,초상권따윈없다,초상권이 없는 것처럼 행동한다
1018,초딩하난데,초등학생인데
1019,초딩칭구들과,초등학생 친구들과
1020,초딩잇템,초등학생 인기템
1021,초딩입맛처럼,어린이 입맛처럼
1022,초딩입맛저격이지,어린이가 좋아할 맛이지
1023,초딩입맛저격,어린이 입맛에 꼭 맞는
1024,초딩입맛인데,어린이 입맛인데
1025,초딩입맛인,어린이 입맛인
1026,초딩입맛이면,단순한 입맛이면
1027,초딩입맛이라,어린이 입맛이라
1028,초딩입맛을,초등학생 취향을
1029,초딩입맛으로,어린 취향으로
1030,초딩입맛에게도,어린 취향에게도
1031,초딩입맛말고,단순한 취향 말고
1032,초딩입맛들,어린 입맛들
1033,초딩입맛,어린이 입맛
1034,초딩일까,초등학생일까
1035,초딩인가,초등학생인가
1036,초딩이상이,초등학생 이상이
1037,초딩이들,초등학생 친구들
1038,초딩이,초등학생이
1039,초딩은,초등학생은
1040,초딩유행,초등학생 유행
1041,초딩용,어린이용
1042,초딩애가,초등학생이
1043,초딩아들,초등학생 아들
1044,초딩시절,초등학생 시절
1045,초딩스럽던,어린애 같던
1046,초딩수준,어린이 수준
1047,초딩새끼,초등학생
1048,초딩본능을,어린아이 같은 마음을
1049,초딩말투로,어린아이 말투로
1050,초딩때,초등학생 때
1051,초딩들도,초등학생들도
1052,초딩들or,초등학생들 또는
1053,초딩들,초등학생들
1054,초딩되고,초등학생이 되고
1055,초딩도,초등학생도
1056,초딩놈들,초등학생들
1057,초딩같음에베벱베,초등학생 같다는 느낌이 들어서
1058,초딩같음,아주 어린 느낌임
1059,초딩같은,어린 학생 같은
1060,초딩같고,초등학생 같고
1061,초딩가서도,초등학생이 되어서도
1062,초딩,초등학생
1063,쳤같다,속상하다
1064,쳐죽일놈,사람
1065,쳐죽일년,사람
1066,쳐죽일것,혼나야 할 것
1067,쳐죽일,크게 혼낼
1068,쳐죽인더,없앤다
1069,쳐죽인다,혼낸다
1070,쳐죽인,크게 혼낸
1071,쳐죽여버리고싶다,정말 화가 난다
1072,쳐올려놓냐개저씨발,왜 그렇게 올려놨어요
1073,쳐쑤셔박어,넣어
1074,쳐먹은새끼들이,먹은 사람들이
1075,쳐먹어,먹어
1076,쳐먹고,먹고
1077,쳐닥,조용히
1078,체위,자세
1079,체모,털
1080,청포족,청약을 포기한 사람들
1081,청백전,청년 백수 전성시대
1082,청무피사,청약은 무슨 프리미엄 주고 사
1083,첫더,처음인
1084,첫날밤하는거,
1085,첫경험,처음 경험
1086,첨으로,처음으로
1087,철수저,서민층
1088,천조국,미국
1089,천벌받을새끼,나쁜 사람
1090,척하면서시발,척하면서
1091,처죽일놈,사람
1092,처죽일년,사람
1093,처박다,두다
1094,처먹을,먹을
1095,처먹어,먹어
1096,처먹고,먹고
1097,처단될놈,처벌받을 사람
1098,처녀지,여성이지
1099,처녀막,
1100,처녀냐,결혼 안한 여성이냐
1101,처녀가,젊은 여성이
1102,챵뇬,무례한 사람
1103,챵년,
1104,챙넘이라,사람이라
1105,챔프,챔피언
1106,채린이,암호화폐 채굴 초보
1107,창질,
1108,창여,여자
1109,창렬하다,값에 비해 아쉽다
1110,창동맘,창동에 사는 어머니
1111,창뇬,사람
1112,창뇨,여자
1113,창놈새끼가,사람이
1114,창놈,사람
1115,창년씨팔련거리는,나쁜 말을 퍼뜨리는 행동은
1116,창년도아니고,그런 사람도 아니고
1117,창년,여성
1118,창녀촌의,
1119,창녀촌을,
1120,창녀촌,
1121,창녀의,여성의
1122,창녀에게,여성에게
1123,창녀버지,
1124,창녀만,성노동자만
1125,창녀를,여성을
1126,창녀란,여성이란
1127,창녀네,여성이네
1128,창녀,
1129,창넘,무례한 사람
1130,창남,사람
1131,창ㅇ년,무례한 사람
1132,참새아빠,아내와 자식만 강남으로 유학 보낸 아빠
1133,참견질이야,참견하는 거야
1134,착한등신,착하지만 서툰 사람
1135,착한가격,저렴하거나 싼 가격
1136,차애,두번째로 좋아하는
1137,차앙년,무례한 사람
1138,차앙녀,여자
1139,차승희대표님,차승희 대표님
1140,차승희대표,차승희 대표님
1141,차승희,차승희 대표님
1142,차박,차량에서 숙박
1143,차린이,자동차를 잘 알지 못하는 사람
1144,차도녀,차가운 도시 여자
1145,차도남,차가운 도시 남자
1146,찢어죽일놈,사람
1147,찢어죽일년,사람
1148,찢어죽,
1149,찢어벌,찢어 벌
1150,찐텐,꾸밈 없는 진짜 기분
1151,찐탱,진짜
1152,찐찌버거,인기 없는 사람
1153,찐우정,진짜 우정
1154,찐사랑,굉장한 사랑
1155,찐빨갱이처럼,그렇게 행동하면
1156,찐빠,하나 빼먹는 종류의 실수
1157,찐본계,진짜 본인 계정
1158,찐막,진짜 마지막
1159,찐따히키코모리같애,너무 소극적인 사람 같아
1160,찐따티,소극적인 느낌
1161,찐따특,친구 적은 특징
1162,찐따처럼구는면,어색하게 행동하면
1163,찐따처럼,소극적인 것처럼
1164,찐따질과,서툰 행동과
1165,찐따인지,서투른 사람인지
1166,찐따이므로,친구가 적으므로
1167,찐따였던,소극적이었던
1168,찐따였는데,어색했는데
1169,찐따새끼야,너무 소극적인 사람아
1170,찐따새끼다,너무 소극적인 사람이다
1171,찐따새끼,서툰 친구
1172,찐따마냥,모자란 사람마냥
1173,찐따력정싱병,서툴고 어려움이 있는
1174,찐따라서못먹는다는게,부끄러워서 못 먹는다는 게
1175,찐따라,어색한 사람이라
1176,찐따들이,소극적인 친구들이
1177,찐따들아,친구들아
1178,찐따들,서툰 사람들
1179,찐따될까바,왕따처럼 보일까 봐
1180,찐따될거,소극적 사람이 될까
1181,찐따는,서툰 사람은
1182,찐따년,
1183,찐따나,서툰 사람이나
1184,찐따개비새끼,사람
1185,찐따같이하고,소극적으로 하고
1186,찐따같음,조금 서툴러 보임
1187,찐따같고,외로워 보이고
1188,찐따갓은,서툰 편은
1189,찐따가,친구가 적은 사람이
1190,찐따,소극적인 친구
1191,찍퇴,찍어서 퇴직
1192,찍은것들,찍은 것들
1193,찌질이,자신감 없는 사람
1194,찌발,아이구
1195,찌롤,헛소리
1196,찌랄,헛소리
1197,쯰롤,헛소리
1198,쯰랄,헛소리
1199,쮜랄,헛소리
1200,쭈삼,쭈꾸미 삼겹살
1201,쭈둥아리,입
1202,쭀,쫓
1203,쬬또,조금
1204,쬬까,조금
1205,쬬개,나눠
1206,쫓까,그러지 마
1207,쫓같,기분 나쁜
1208,쫒같은,정말 불편한
1209,쫒,쫓
1210,쫏같구,정말 마음에 안 들고
1211,쫏,
1212,쫍빱,초보자
1213,쫍밥,초보자
1214,쫌쫌따리,조금씩
1215,쫄보주제에,겁이 많으면서
1216,쫄보여서,겁이 나서
1217,쫄보를,겁이 많은 사람을
1218,쫄보라,겁이 많아서
1219,쫄보도,겁 많은 사람도
1220,쫄보가,겁이 많은 사람이
1221,쫄보,겁 많은 사람
1222,쫄다구,따르는 사람
1223,쫃같네,마음이 불편하네
1224,쫃갇네,마음이 불편하네
1225,쫂맛탱이다,정말 맛있다
1226,쫀맛,정말 맛있어
1227,쫀나,아주
1228,쫀ㄴㅏ,아주
1229,쪽팔리게,부끄럽게
1230,쪽팔렸나보지시발,부끄러웠나봐
1231,쪽파리,일본인
1232,쪽빠리,일본인
1233,쪽발이,일본 사람
1234,쪽바리같은,일본인 관련 비하 표현
1235,쪽바리,일본인
1236,쪼빤다,
1237,쪼빠라,그만해
1238,쪼렙,낮은 레벨
1239,쪼다새끼,서툰 아이
1240,쪼까튼,엉망인
1241,쪼까,
1242,쪼개지마,실실 웃지마
1243,쪼개다,실실 웃는다
1244,쪼갈,작은 부분
1245,쪼가튼,기분 나쁜
1246,쪼가리,작은 부분
1247,쪼ㅈ,
1248,쪼ㅆ,
1249,쪼ㄲㅏ,
1250,쪄죽따,쪄 죽어도 따뜻한 물 샤워
1251,쩤밥,서툰사람
1252,쩝쩝훑훑,호기심
1253,쩝쩝박사,음식을 맛있게 먹는 법을 아는 사람
1254,쩝쩝도사,음식을 맛있게 먹는 법을 아는 사람
1255,쩝밥,서툰사람
1256,쩔다,멋있다
1257,쩍벌돼지개저남한테서,덩치 큰 남자한테서
1258,쩍벌남,다리를 쩍 벌리고 앉는 남자
1259,쩌리짱,정준하
1260,쨔져,짜져
1261,쨔저,짜져
1262,짱꼴라산이면,중국산이면
1263,짱꼴라,중국 사람
1264,짱께,중국인
1265,짱깨새끼들,중국 사람들
1266,짱깨라고,중국 사람이라고
1267,짱깨는,중국인은
1268,짱깨,중국 사람
1269,짱게,중국인
1270,짱개컨텐츠인건,중국 콘텐츠인 것
1271,짱개의,중국인의
1272,짱개새끼들아,중국 분들아
1273,짱개들한테,중국인들에게
1274,짱개같은,중국인처럼
1275,짱개,중국인
1276,짭쉐,경찰관
1277,짭새,경찰관
1278,짭뇬,
1279,짭놈,
1280,짭년,
1281,짭것,가짜
1282,짬찌,군생활이 짧다는 말
1283,짬짜면,짬뽕 짜장면 반반메뉴
1284,짬지,여성의 소중한 곳
1285,짬시키다,일을 미루다
1286,짬바,연륜으로 인한 여유
1287,짬때리다,일을 딴 사람에게 미루다
1288,짧치,짧은 치마
1289,짤방,짤림 방지용 사진 추가
1290,짠테크,절약을 통해 투자 자금을 모으는 것
1291,짝부랄,
1292,짜치다,기대치에 미치지 못하다
1293,짜찌,
1294,짜지털,털
1295,짜지,남성의 소중한 곳
1296,짜즤,남성의 소중한 곳
1297,짜쥐털,털
1298,짜쥐,남성의 소중한 곳
1299,짜아식,아이
1300,짜식들,아이들
1301,짜식,아이
1302,짜샼,저 사람
1303,짓거리해서,행동을 해서
1304,짓거리하고,행동하고
1305,짓거리지만,행동이지만
1306,짓거리와,행동과
1307,짓거리를해,이상한 행동을 해
1308,짓거리를,이상한 행동을
1309,짓거리들이,행동들이
1310,짓거리들만하고있으니,이상한 행동만 하고 있으니
1311,짓거리,행동
1312,집콕,집에 콕 박혀서 지내는
1313,집안꼴이,집안 모습이
1314,집사람,아내
1315,집구석이나,집에서나
1316,집구석이,집이
1317,집구석에서,집에서
1318,집구석에,집 안에
1319,집구석아,집안아
1320,짐승새끼나,동물아나
1321,짐승돌,짐승처럼 거친 아이돌
1322,짐승남은,터프한 남성은
1323,짐승남,터프한 남성
1324,짐승,동물
1325,질질싸,실수하다
1326,질올,이상하게
1327,질얼,이상하게
1328,질알,이상하게
1329,질싸,
1330,질사정,
1331,질벽에,
1332,질내사정,
1333,진짜좆같이리얼리스틱한,진짜 매우 현실적인
1334,진짜존나존나약하게0,정말정말 약하게
1335,진짜나쁜넘,정말 나쁜 사람
1336,진짜꿀고구마에요,정말 맛있는 고구마예요
1337,진짜개꼴뵈기싫어죽겟음,정말 보기 불편해서 힘들어
1338,진지충이었다,너무 진지했다
1339,진지충,지나치게 진지한 사람
1340,진좌빨은,진보 성향은
1341,진순,진라면 순한맛
1342,진상남이니,예의 없는 남성이라니
1343,진봉신연의,진봉신연의 게임
1344,진매,진라면 매운맛
1345,진동오나홀,진동 기기
1346,직캠,직접 찍은 영상
1347,직촬,직접 촬영
1348,직찍사,직접 찍은 사진
1349,직찍,직접 찍음
1350,직딩,직장인
1351,직구,직접구매
1352,지핥,
1353,지하는꼬라지,그가 하는 모습
1354,지집전문대,지방 전문대
1355,지좆대로,제멋대로
1356,지좆,제멋
1357,지져버려,정리해
1358,지적질하는,지적하는
1359,지적질과,지적하는 행동과
1360,지적질,지적하는 행동
1361,지잡임,지방 대학을 다닌 사람임
1362,지잡대가,지방 대학이
1363,지잡대,지방 대학
1364,지자식새끼,자기 아이
1365,지이럴,이상하게
1366,지이랄,이상하게
1367,지이라알,어수선함
1368,지옥철,몹시 붐비고 비좁은 지하철
1369,지에미애비,그의 부모님
1370,지에미,그의 어머니
1371,지어미,그의 어머니
1372,지애비,그의 아버지
1373,지스팟,
1374,지새끼가,자녀가
1375,지새끼,자기 아이
1376,지뺏,지인 뺏기
1377,지방인이라,지방 사람이라
1378,지방인들이,지방에 사는 분들이
1379,지방에서,지역에서
1380,지방에,지역에
1381,지방민이라,지방에 살아서
1382,지방러의설움,지방 거주자의 어려움
1383,지방러,지방 거주자
1384,지방그지,지방 사람
1385,지미럴,소란스러움
1386,지미랄,헛소리
1387,지못미,지켜주지 못해 미안해
1388,지리다,엄청나다
1389,지름신,신제품이나 마음에 드는 것을 사도록 부추기는 존재
1390,지룰,난리
1391,지룔,엉뚱함
1392,지뢀함,괜히 소란을 피움
1393,지뢀,난리
1394,지롤하길래,엉뚱하게 굴길래
1395,지롤임,말도 안 됨
1396,지롤발광,난리
1397,지롤,소란
1398,지렐,어수선함
1399,지럴발광,난리
1400,지럴,소란
1401,지랼,소란
1402,지랠,소란
1403,지랗,어수선함
1404,지랄했는지,왜 그런 행동을 했는지
1405,지랄햇는데,난리가 났는데
1406,지랄해줄라고,그러려고
1407,지랄해야지,괜히 소란을 피우네
1408,지랄해서,엉망으로 해서
1409,지랄해도,아무리 난리를 쳐도
1410,지랄해놓고,엉뚱한 짓 해놓고
1411,지랄해,그만 소란 떨어
1412,지랄함,소란을 피움
1413,지랄할땐,억지 부릴 때는
1414,지랄할때,소란 부릴 때
1415,지랄할,난리칠
1416,지랄한적,소란 피운 적
1417,지랄한다는게,그러려는 게
1418,지랄한것도,난리 친 것도
1419,지랄한거임,너무 과하게 행동한 것임
1420,지랄하지마라,하지 마세요
1421,지랄하지마,그만해 줘
1422,지랄하지,그러지 말고
1423,지랄하자로,행동하자고
1424,지랄하셨자나요,그렇게 말씀하셨잖아요
1425,지랄하면안됨,소란 피우면 안 됨
1426,지랄하면,그러면
1427,지랄하며,소란을 피우며
1428,지랄하라고,그러라고
1429,지랄하던가,하고 싶은 대로 하세요
1430,지랄하던,이상하게 행동하던
1431,지랄하니까,소란 피우니까
1432,지랄하는데,막 행동하는데
1433,지랄하는구나,엉뚱하게 행동하는구나
1434,지랄하는것처럼,이상하게 행동하는 것처럼
1435,지랄하는것도,함부로 행동하는 것도
1436,지랄하는거,소란 피우는 거
1437,지랄하는,소란을 피우는
1438,지랄하네,왜 그러니
1439,지랄하냐고,왜 그러냐고
1440,지랄하냐,왜 그러니
1441,지랄하기전에,억지 부리기 전에
1442,지랄하기,소란 피우기
1443,지랄하고,이상하게 행동하고
1444,지랄하겠는데,난리가 나겠는데
1445,지랄카는데,떠드는데
1446,지랄쳐해대고,이상하게 행동하고
1447,지랄질할거면,엉뚱한 행동을 할 거면
1448,지랄지랄해대는데,이상하게 행동하는데
1449,지랄지랄인게,소란스럽다는 게
1450,지랄지랄들이야,너무 소란스럽다
1451,지랄지랄거릴것이다,과하게 소리칠 것이다
1452,지랄지랄,이상하게
1453,지랄좀작작,그만 좀 소란 떨자
1454,지랄쟁이,소란을 피우는 사람
1455,지랄입니다,정말 심하네요
1456,지랄임,소란이야
1457,지랄인지,소란인지
1458,지랄이지,소란이지
1459,지랄이예요,너무 심해요
1460,지랄이여,너무 과하게 그러네
1461,지랄이야,소란이야
1462,지랄이세요,말이 지나치세요
1463,지랄이더라고요,정말 그러더라고요
1464,지랄이다,말이 너무 과하다
1465,지랄이네,이상하네
1466,지랄이냐고,무슨 일이냐고
1467,지랄이냐,왜 그러니
1468,지랄이고,소란스럽고
1469,지랄의,이상한
1470,지랄을,소란을
1471,지랄은,그런 행동은
1472,지랄육갑,과한 행동
1473,지랄옘병들이냐,소란스러운 거냐
1474,지랄옘병들,엉망으로 행동을
1475,지랄염병을,엉망으로 행동을
1476,지랄염병떠는,불평하는
1477,지랄염병들을,소란들을
1478,지랄쌈치기,다툼
1479,지랄쌈바,엉망으로 떠드는
1480,지랄삽차기,소란 행동
1481,지랄북딱,이상하게 화내기
1482,지랄보고도,엉뚱한 행동을 보고도
1483,지랄병,이상한 행동
1484,지랄벙거지나는데,이상한데
1485,지랄발광하면,심하게 소란 피우면
1486,지랄발광,난리
1487,지랄맞은,엉뚱한
1488,지랄맞았는데,힘들었는데
1489,지랄맞았기에,상황이 엉망이었기에
1490,지랄맞아서,힘들어서
1491,지랄맞다,엉망이다
1492,지랄맞는거,상황이 엉망인 것
1493,지랄맞게,엉뚱하게
1494,지랄말라고,그러지 말라고
1495,지랄말고,소란 피우지 말고
1496,지랄랐다,헷갈렸다
1497,지랄떠니까,난리치니까
1498,지랄떠는데,소란을 피우는데
1499,지랄들한다고,소란을 일으킨다고
1500,지랄들이야,소란스러워
1501,지랄들이셔,왜 그러시는지
1502,지랄들이다,난리를 치다
1503,지랄도,난리도
1504,지랄났었다,난리였었다
1505,지랄났다,큰 소동이 났다
1506,지랄났는데,난리가 났는데
1507,지랄났네,소란났네
1508,지랄났,소동이 났
1509,지랄나셨지,왜 그러시는지
1510,지랄까는,소란피우는
1511,지랄과,이상한 행동과
1512,지랄견이지만,버릇이 고약하지만
1513,지랄같은,말도 안 되는
1514,지랄,말도 안됨
1515,지라알,어수선함
1516,지껄임,떠듦
1517,지껄일까봐,막 말할까 봐
1518,지껄일,말 할
1519,지껄인,말한
1520,지껄이지마,말 막 하지 마
1521,지껄이지,말하지
1522,지껄이신거,말씀하신 거
1523,지껄이면서,말하면서
1524,지껄이면,말하면
1525,지껄이며,떠들며
1526,지껄이든,말하든
1527,지껄이더니,떠들더니
1528,지껄이는지,말하는지
1529,지껄이는데,떠들고 있는데
1530,지껄이는건가,말하는 건가
1531,지껄이는거,말하는 것
1532,지껄이는,말하는
1533,지껄이네,말하네
1534,지껄이기,말하기
1535,지껄이고는,말하고는
1536,지껄이고,말하고
1537,지껄였는데,말했는데
1538,지껄여봤어요,말해봤어요
1539,지껄여대거든,말을 하거든
1540,지껄여놔소,말해 놓았소
1541,지껄여놓은,말해 놓은
1542,지껄여놓으면,말해 놓으면
1543,지껄어라,말해라
1544,지꺼리지들,헛소리들
1545,지깐놈들이,그런 사람들이
1546,지구오존층뚫는대존맛,엄청 맛있어
1547,지구대존맛,아주 맛있는 음식
1548,지ㄹ,그러지 말자
1549,지ral,헛소리
1550,지X,엉뚱한 행동
1551,지123랄,소란을
1552,즤미럴,
1553,즤뢀,어수선함
1554,즤롤,엉뚱함
1555,즤랼,어수선함
1556,즤랅,소란
1557,즤랄,
1558,즐겜,즐겁게 게임
1559,즐 ,즐
1560,즈럴,어수선함
1561,즈랄,소란
1562,즈그애미가,그의 어머니가
1563,즈개비,그 사람 아버지
1564,즂빠지게,힘들게
1565,쥰내,정말
1566,쥘얼,
1567,쥘알,
1568,쥗,
1569,쥐쥐배,여성
1570,쥐좆,
1571,쥐이럴,왜 그래
1572,쥐엠,그거
1573,쥐세키,자기 아이
1574,쥐새키,자기 아이
1575,쥐새끼,새앙쥐
1576,쥐룰,그러지 말자
1577,쥐뢀,그러지 말자
1578,쥐롤,헛된 소란
1579,쥐럴,그러지 말자
1580,쥐랼,그러지 말자
1581,쥐랄,그러지 말자
1582,쥐가게,지마켓
1583,줴수없다,기분이 나쁘다
1584,줫나가르침,매우 가르침
1585,줫나,정말
1586,줟,
1587,줜나,정말
1588,줒나,아주
1589,중이병,사춘기
1590,중생아,사람아
1591,중빠,
1592,중립충이지만,중립적인 사람이지만
1593,중립충,중립적인 사람
1594,중립기어,누구의 편도 안 들고 있는 상황
1595,중딩쓰,중학생들
1596,중딩때,중학생 때
1597,중딩,중학생
1598,중꿔,중국 사람
1599,중규직,무기계약직으로 계약직과 정규직의 중간적인 형태
1600,중궈가,중국이
1601,중국혼혈인데,중국계 혈통이 있는데
1602,중국아줌마한테,중국 여성분한테
1603,중국놈들,중국 사람들
1604,중경외시,중앙대 경희대 외국어대 시립대
1605,줏어먹어줄텐데,주워 먹어 줄 텐데
1606,줍줍족,인테리어와 재태크 분야에서 남이 버린 것을 줍는 사람
1607,줌바하는여자,줌바 하는 사람
1608,줌마체,중장년 여성들이 주로 사용하는 문체
1609,줌마들이,아주머니들이
1610,줌마그램,중년 여성의 SNS
1611,줄에목매달고자살하고싶다고요시발,매우 힘든 마음 이라고요
1612,줄쓰큰들,사람들
1613,줄담,연이어 피워대는 담배
1614,죽통,머리
1615,죽텔죽,라이너가 죽은 뒤 텔레포트 직후 또 다시 죽어버리는 상황
1616,죽일라고,없앨라고
1617,죽일놈,사람
1618,죽일년,그 사람
1619,죽인다,정말 강하게 말했어
1620,죽이삔다,혼내준다
1621,죽이려해,해치려 해
1622,죽이니까,없애니까
1623,죽이는데,해치는 데
1624,죽이는,멋진
1625,죽이기에,없애기에
1626,죽이고요,해치고요
1627,죽이고싶음,정말 화가 남
1628,죽이고싶었을꺼에요,정말 화가 났을 거예요
1629,죽이고싶네,정말 화가 나네
1630,죽이고다님,심하게 괴롭혔음
1631,죽이고,멈추고
1632,죽음의사각형,내신 수능 논술 입학사정관
1633,죽음,돌아가심
1634,죽을래,그만하자
1635,죽을놈,사람
1636,죽을년,사람
1637,죽으라고,그만하라고
1638,죽여준다,엄청 잘한다
1639,죽여주삼,정말 좋아요
1640,죽여왔어도,힘들게 해왔어도
1641,죽여야합니다,처벌해야 합니다
1642,죽여야지,혼내줘야지
1643,죽여야된다,절대 쓰지 않는 말입니다
1644,죽여야겠어요,정말 화가 나요
1645,죽여야,멈춰야
1646,죽여버릴라니까,정말 화가 나니까
1647,죽여버릴까,절대 쓰면 안 되는 말이에요
1648,죽여버릴거야,정말 화난다
1649,죽여버리면,없애버리면
1650,죽여버리고싶었어요,정말 화가 났어요
1651,죽여버리고싶어,정말 화가 난다
1652,죽여버리고싶네,정말 화난다
1653,죽여버리고싶게,정말 화나게
1654,죽여버리고십음,없애버리고 싶음
1655,죽여버리고,해치려고 하고
1656,죽여버려지들은,기대어 사는 사람들은
1657,죽여버려야돼,멈춰야 해
1658,죽여버려야,혼내주어야
1659,죽여버려,멈추게해 버려
1660,죽여,그만해
1661,죽었으면,그만했으면
1662,죽어야,그만해야
1663,죽어라,그만해라
1664,죽어그냥,그냥 그만해
1665,죽어,그만해
1666,죽순이,죽치고 있는 여자
1667,죽밀라,죽어도 밀어야 하는 라인
1668,죽는거야시발,정말 큰일 나는 거야
1669,죽는,없어지는
1670,죽구싶냐,그만하고 싶냐
1671,죽구십냐,그만하고 싶냐
1672,죽고잡,
1673,죽고싶었어요,너무 힘들었어요
1674,죽고싶어지는거,너무 속상한 기분
1675,죽고싶어,너무 힘들어
1676,죽고싶냐,그렇게 하지 말아
1677,죽겠다고,힘들다고
1678,주포지션,주로하는 게임 포지션
1679,주캐,주로 사용하는 캐릭터
1680,주제에,입장에 비해
1681,주접떨,과하게 행동하
1682,주접,과한 행동
1683,주전매매,주인이 매도후 전세로 사는 조건의 거래
1684,주장하는것들은,주장하는 내용들은
1685,주잘알,주식 고수
1686,주작,조작
1687,주임사,주택 임대 사업자
1688,주인집아줌마로,집주인 어른으로
1689,주세권,술한잔 하기 좋은 곳
1690,주사파새끼들이,특정 성향의 사람들
1691,주사아줌마가,나이 든 간호사 분이
1692,주먹질도,손찌검도
1693,주린이,주식 초보
1694,주딩이,입
1695,주디,입
1696,주둥이,입
1697,주둥아리,입
1698,주뎅이,입
1699,주뎅,입
1700,주데이,입
1701,주길년,사람
1702,주글래,그만하자
1703,주글년,그 사람
1704,주구장창,주야장천
1705,죹,
1706,죷까,
1707,죶으로,엉망으로
1708,죶빠,힘들어
1709,죶마난,조금 과한
1710,죶니,정말
1711,죶나,아주
1712,죶같은,좋지 않은
1713,죶가튼,기분 나쁜
1714,죶,
1715,죵늬,정말
1716,죵나,정말
1717,죵,정말
1718,죴,
1719,죳삐리,엉뚱한사람
1720,죳밥,서툰사람
1721,죳또,정말
1722,죳나,정말
1723,죳까,하지마
1724,죨리,아주
1725,죧만한,좋지 않은
1726,죧같,기분 나쁘다
1727,죤만놈,
1728,죤만년,
1729,죤니,정말
1730,죤뇬,
1731,죤내게,정말
1732,죤나,매우
1733,죡,
1734,죠콰퉤,마음이 안 든다
1735,죠콰테,마음이 안 든다
1736,죠콰태,마음이 안 든다
1737,죠콰떼,마음이 안 든다
1738,죠카툰,
1739,죠카테,기분 나쁘다
1740,죠카태,기분 나쁘다
1741,죠빠,힘들어
1742,죠랄하네,왜 그러니
1743,죠랄이란,이상한 행동이란
1744,죠랄,이상한 행동
1745,죠또,정말
1746,죠낸맞음,정말 맞음
1747,죠까틍,기분 나쁨
1748,죠까튼,작은
1749,죄수없다,기분이 나쁘다
1750,죄랄,
1751,좨수없다,기분이 나쁘다
1752,좨랄,
1753,좟,별로
1754,좝것,사람
1755,좌파타령질말곤,정치 이야기만 한다는
1756,좌좀,생각이 다른 분
1757,좌이트,
1758,좌음,
1759,좌슥들,다른 의견을 가진 사람들
1760,좌슥,사람
1761,좌쉭,친구
1762,좌빨종북주의자들,진보 성향이 강한 사람들
1763,좌빨정신이,진보 성향이
1764,좌빨정권들어오면서,진보 정권이 들어서면서
1765,좌빨로,진보 성향으로
1766,좌빨들이,진보 성향 사람들이
1767,좌빨들의,진보 성향 사람들의
1768,좌빨들만,진보적인 사람들만
1769,좌빨,진보적인 성향의 사람
1770,좋페,좋아요를 눌러주면 페이스북 메시지를 보내겠다
1771,좋테,좋아요 테러
1772,좋쿤,좋은
1773,좋밥,서툰 사람
1774,좋물,별로인 것
1775,좋못사,좋다 못해 사랑함
1776,좋만한것,좋지 않은 것
1777,좋만한,적당한
1778,좋만,
1779,좋댓구알,좋아요 댓글 구독 알림설정
1780,좋까,그만
1781,좋같은,
1782,좋같아지는,점점 나빠지는
1783,좋같,기분 안 좋아
1784,좊,
1785,좉빨,
1786,좉나,정말
1787,좉까,
1788,좉,
1789,좈,
1790,좇이,
1791,좇삐리,조금 모자란 사람
1792,좇빺,조금 모자란 사람
1793,좇빱,조금 모자란 사람
1794,좇빨,
1795,좇빠,힘들어
1796,좇밮,조금 모자란 사람
1797,좇밥,조금 모자란 사람
1798,좇만,잠깐
1799,좇또,또 다시
1800,좇도,전혀
1801,좇대가리,
1802,좇대,크게
1803,좇나,정말
1804,좇까,
1805,좇같은,좋지 않은
1806,좇같아서,정말 기분 나빠서
1807,좇같네,마음이 불편하다
1808,좇같,기분 나쁘다
1809,좇가튼,기분 나쁜
1810,좇가,
1811,좇~,
1812,좇_,
1813,좇!,
1814,좇,
1815,좆홍인놈들,흑인 남성들
1816,좆팔새끼들,나쁜 사람들
1817,좆털,
1818,좆터,말실수
1819,좆탱,엉뚱함
1820,좆창이네,정말 엉망이네
1821,좆창은,엉망이 되는 건
1822,좆창냇는데,엉망이 됐는데
1823,좆창낼고면,엉망으로 만들 거면
1824,좆창내놓고,엉망으로 해놓고
1825,좆창났어,엉망이 됐어
1826,좆창남,일이 엉망인 사람
1827,좆창나는데,엉망이 되는데
1828,좆창,엉망진창
1829,좆찐따로만드네,서툰 사람처럼 만들었네
1830,좆찐,
1831,좆짜라,잠깐
1832,좆짜,조금
1833,좆집소리듣는데,이상한 소리 듣는데
1834,좆집,이상한 곳
1835,좆질,이상한 행동
1836,좆지랄,이상한 행동
1837,좆잡고,잡고
1838,좆이쁘고,예쁘고
1839,좆이랑,
1840,좆이라서,그렇다고 해서
1841,좆이나뱅뱅이다,작거나 도는 거다
1842,좆이나,아주
1843,좆이,나쁜 게
1844,좆의,나쁜
1845,좆을놀리지말라이것,그만 장난하자
1846,좆을,
1847,좆쑤시,
1848,좆소의,조금
1849,좆소라지만,작은 규모지만
1850,좆소라,작은 기업이라
1851,좆소가,작은 회사가
1852,좆소,작은 소규모
1853,좆센징들아,한국사람들아
1854,좆세우고,준비하고
1855,좆선에서,조선에서
1856,좆선등의,조선 등의
1857,좆새끼,버릇없는 아이
1858,좆삐리,조금 모자란 사람
1859,좆뼁,고생
1860,좆뻬,
1861,좆뺑,고생
1862,좆빼,힘들어
1863,좆빺,조금 모자란 사람
1864,좆빱,조금 모자란 사람
1865,좆빨좆빨,지나치게 추종하며
1866,좆빨아,
1867,좆빨러는,지나치게 따르는 사람은
1868,좆빨러년은,지나치게 따르는 사람은
1869,좆빨고있을것같아요,정말 좋아하는 것 같아요
1870,좆빨,
1871,좆빤,
1872,좆빡치는,짜증나는
1873,좆빡치네,정말 속상하네
1874,좆빠지게,아주 열심히
1875,좆빠라,
1876,좆빠,힘들어
1877,좆비비,
1878,좆븅신같다고,정말 이해가 안 된다고
1879,좆불,감정이 격해져서
1880,좆본인이라,일본 사람이라
1881,좆본인,일본인
1882,좆본그룹이제,일본 그룹 이제
1883,좆본,일본
1884,좆병신찐따새끼들이,정말 못된 행동을 하는 사람들
1885,좆병신,서툰 사람
1886,좆벤이,게임 커뮤니티 사용자가
1887,좆벤,문제가 생겨서
1888,좆뱅이가,정말 이상한 사람이
1889,좆뱀들,이상한 사람들
1890,좆뱀,이상한 사람
1891,좆밥이잖아,작은 거잖아
1892,좆밥이,작은 것이
1893,좆밥은,작은 것은
1894,좆밥으로,서툰 사람으로
1895,좆밥산이,작은 산이
1896,좆밥,작은 것
1897,좆밖에,아무것도
1898,좆박았다고,실수했다고
1899,좆바른다는,좋게 말한다는
1900,좆물,
1901,좆문가라고,전문가라고
1902,좆목이,좋지 않은 습관이
1903,좆목때메,목이 아파서
1904,좆목,목 통증
1905,좆먹어,
1906,좆망행사,망한 행사
1907,좆망진창,엉망진창
1908,좆맛에,이상한 맛에
1909,좆만한새끼,아주 어린아이
1910,좆만한놈,아주 철없는 사람
1911,좆만한년,아주 유치한 사람
1912,좆만한건물에,작은 건물에
1913,좆만한,아주 작은
1914,좆만큼,아주 작게
1915,좆만아,철없응 아이야
1916,좆만,아주 작은
1917,좆마니는,말이 많은 사람은
1918,좆마니,많이
1919,좆마난,적당한
1920,좆또,
1921,좆됨,큰일 남
1922,좆될거같아서,큰일날 것 같아서
1923,좆된마음을,힘든 마음을
1924,좆된듯,망한 것 같아
1925,좆된다니,큰일 난다니
1926,좆된네,큰일 났네
1927,좆된거다,큰일 났다
1928,좆된거같은데,잘 안 되는 것 같은데
1929,좆되진,안 좋아지진
1930,좆되는거,망하는 거
1931,좆되는,큰일 나는
1932,좆되길,잘 해결되길
1933,좆되게,매우 어렵게
1934,좆됐으면,잘 안풀렸으면
1935,좆됐다,큰일났다
1936,좆됐나봐,큰일 났나 봐
1937,좆됏음좋겠다,잘됐으면 좋겠다
1938,좆돼바라,정신 차려라
1939,좆돼는걸,큰일 나는 걸
1940,좆도없음,아무것도 없음
1941,좆도없엇는데,아무것도 없었는데
1942,좆도없단다,전혀 없단다
1943,좆도없게하고선,전혀 없게 하고선
1944,좆도안통해,전혀 안 통해
1945,좆도몰라시발,전혀 모르겠어요
1946,좆도모르면서지맘대로지껄이고있다는걸알수있다,잘 모르면서 제멋대로 말하고 있다는 걸 알 수 있다
1947,좆도 ,전혀
1948,좆대씀,정말 힘들었음
1949,좆대로,마음대로
1950,좆대는거두,자랑하는 것도
1951,좆대거든,큰일 나거든
1952,좆대가리들은,무례한 사람들은
1953,좆대가리,
1954,좆대,크게
1955,좆달렸다고,남자라고
1956,좆달려서,남자라서
1957,좆니,정말
1958,좆놈들은,사람들은
1959,좆놈들,사람들
1960,좆노잼게임이란거임,너무 재미없는 게임이라는 거임
1961,좆년,무례한 사람
1962,좆나드럽개,아주 지저분하게
1963,좆나,정말
1964,좆꼴려,
1965,좆꺄튼년,
1966,좆까라,그만하자
1967,좆까고앉아있다,어처구니 없다
1968,좆까,상관없어
1969,좆구린데,정말 마음에 안 드는데
1970,좆고생임,많이 고생함
1971,좆같지도,싫지도
1972,좆같죠,정말 불편하죠
1973,좆같이하고다니지않나요,이상하게 하고 다니지 않나요
1974,좆같이하고,엉망으로 하고
1975,좆같이지랄하니까,이상하게 행동하니까
1976,좆같이줫다고,정말 힘들게 느껴졌다고
1977,좆같이생긴새끼야,모습이 마음에 들지 않는 친구야
1978,좆같이생겨서,이상하게 생겨서
1979,좆같이생겨도,좀 이상하게 생겨도
1980,좆같이구는데,이상하게 행동하는데
1981,좆같이,아주 싫게
1982,좆같음이,너무 별로인 점이
1983,좆같음,별로임
1984,좆같은짓만,엉망인 행동만
1985,좆같은지,왜 이렇게 불편한지
1986,좆같은아이디어를,별로인 아이디어를
1987,좆같은새끼시발진짜,정말 너무 심해
1988,좆같은새끼들아,얘들아 왜 그러니
1989,좆같은새끼들,정말 속상한 사람들
1990,좆같은새끼,아주 무례한 아이
1991,좆같은면,정말 답답하면
1992,좆같은데,정말 마음에 안 드는데
1993,좆같은농담하고,별로인 농담하고
1994,좆같은놈,정말 못된 사람
1995,좆같은남자새끼들,불친절한 남자들
1996,좆같은거,정말 마음에 안 드는 것
1997,좆같은,너무 싫은
1998,좆같으면,싫으면
1999,좆같으라고,힘들라고
2000,좆같으니까,싫으니까
2001,좆같애,싫어
2002,좆같았던게,정말 불편했던 게
2003,좆같았답니다,정말 힘들었답니다
2004,좆같아짐,기분이 안 좋아짐
2005,좆같아져버림,완전히 엉망이 되어버림
2006,좆같아서,싫어서
2007,좆같아삼,별로예요
2008,좆같아,싫어
2009,좆같다니까,별로라니까
2010,좆같다는,별로라는
2011,좆같다고,별로라고
2012,좆같다,아주 별로다
2013,좆같노,정말 별로네
2014,좆같네요,정말 불편하네요
2015,좆같네씨발,정말 불편하네
2016,좆같네,정말 불편하네
2017,좆같내,정말 별로네
2018,좆같기는,별로이기는
2019,좆같기vs여자만나고좆같기,둘 다 마음에 안 들기
2020,좆같고,싫고
2021,좆같게해,기분 나쁘게 해
2022,좆같게,아주 싫게
2023,좆같,싫은
2024,좆갘지만,별로지만
2025,좆간,
2026,좆가튼,별로 같은
2027,좆~,
2028,좆!,
2029,종토방,종목토론방
2030,종자들이,사람들이
2031,종자들은,사람들은
2032,종자들에게,사람들에게
2033,종자들아,사람들아
2034,종북좌빨들아,생각이 다른 사람들아
2035,종북좌빨,생각이 다른 사람
2036,종북빨갱이들의,진보 성향을 가진 사람들의
2037,종북빨갱이들은,진보 성향을 가진 사람들은
2038,종북빨갱이들아,진보 성향을 가진 사람들아
2039,종북빨갱이들과,진보 성향이 강한 사람들과
2040,종북,북한을 따르는
2041,종간나새끼,사람
2042,종간나,사람
2043,좄까,
2044,좄ㄲㅏ,
2045,좃털,털
2046,좃터는,말실수하는
2047,좃탱,조금 모자란 사람
2048,좃찐,
2049,좃짜,조금
2050,좃죽음,아주 힘듦
2051,좃잡고,그만하자
2052,좃이나빨어,
2053,좃이,것이
2054,좃에피나,
2055,좃씨부림,엉뚱하게 행동함
2056,좃쌍,
2057,좃심해서,열심히 해서
2058,좃소사장,작은 회사 사장
2059,좃소기업주제에,작은 회사인데
2060,좃소,작은 회사
2061,좃삐,조금 모자란
2062,좃뽄,
2063,좃뼁,고생
2064,좃뻬,
2065,좃뺑,고생
2066,좃빼,힘들어
2067,좃빺,초보자
2068,좃빱,초보자
2069,좃빨,
2070,좃빤,
2071,좃빡쳐,너무 속상해
2072,좃빠라라,헛소리
2073,좃빠라,그만하라
2074,좃빠네,정말이네
2075,좃빠구리,
2076,좃빠,
2077,좃부랄,남성의 소중한 곳
2078,좃봉지,
2079,좃보지,여성의 소중한 곳
2080,좃병신,
2081,좃뱅,고생
2082,좃밮,
2083,좃밥주제에,실력이 부족한 주제에
2084,좃밥아,초보자야
2085,좃밥,초보자
2086,좃발,
2087,좃박사,아는체하는 사람
2088,좃물냄새,초보자 냄새
2089,좃물,초보자
2090,좃먹어,그만하자
2091,좃맨,엉뚱한사람
2092,좃만한쉐이,아주 유치한 사람
2093,좃만한놈,
2094,좃만한년,
2095,좃만한것,아주 작은 것
2096,좃만한,아주 작은
2097,좃만이,아이
2098,좃만안그지,
2099,좃만아,얘야
2100,좃만나,잠깐
2101,좃만,
2102,좃마무리,마무리하자
2103,좃마니,많이
2104,좃마난,조그마한
2105,좃마나,조금
2106,좃또,
2107,좃떠,
2108,좃될것같다,큰일 날 것 같다
2109,좃된다,망한다
2110,좃도없지,아무것도 없지
2111,좃도 ,전혀
2112,좃대로사네,제멋대로 행동하네
2113,좃대로,마음대로
2114,좃대가리,머리
2115,좃니재수야,재수가 없네
2116,좃넘,사람
2117,좃냄새,나쁜 냄새
2118,좃나씹,
2119,좃나게,아주
2120,좃나개,매우
2121,좃나 ,정말
2122,좃꼴린,
2123,좃꼴리,
2124,좃께,조금만
2125,좃깨,조금만
2126,좃깠,
2127,좃깟네,기분이 나쁘네
2128,좃깟,
2129,좃깔,
2130,좃깐,
2131,좃까리,쓸데없는 말
2132,좃까,하지 말자
2133,좃구린,좋지 않은
2134,좃같이하네,싫게 하네
2135,좃같이,엉망으로
2136,좃같음,별로임
2137,좃같은,정말 기분 나쁜
2138,좃같어,마음이 안 든다
2139,좃같아,마음이 안 든다
2140,좃같다,기분 나쁘다
2141,좃같네,기분이 나쁘네
2142,좃같내,별로네
2143,좃같,
2144,좃갔다,정말 속상하다
2145,좃갔,별로
2146,좃갓내,별로네
2147,좃간년,사람
2148,좃가튼뇬,아주 무례한 사람
2149,좃가튼,안 좋은
2150,좃가,
2151,좃~,
2152,좃!,
2153,좁빱,허술한 사람
2154,좁빠라라,그만하자
2155,좁밥운영자,미숙한 운영자
2156,좁밥같아,조금 소심해 보여
2157,좁밥,초보자
2158,좁물,초보자
2159,좁년,사람
2160,좀쓰레기,정리가 필요해
2161,좀비잉,잠적했다 다시온 상대가 관계를 유지하는 행동
2162,좀물,종물
2163,좀만한,적당한
2164,좀만아,잠깐만
2165,좀마니,정말이니
2166,좀마난,정말 나는
2167,졸잼,정말 재미있어
2168,졸맛탱,정말 맛있는 음식
2169,졸맛인데,정말 맛있는데
2170,졸랭,정말
2171,졸라큰,엄청 큰
2172,졸라착잡해보이는디,엄청 복잡해 보이는데
2173,졸라좋음,정말 좋음
2174,졸라재미없어여,정말 재미없어요
2175,졸라웃기다,정말 웃기다
2176,졸라없다,매우 없다
2177,졸라어려움,매우 어려움
2178,졸라빼입구와서,꾸미고 와서
2179,졸라부드러워요,아주 부드러워요
2180,졸라매워,엄청 매워
2181,졸라많음,정말 많음
2182,졸라마싯다요,정말 맛있어요
2183,졸라마시떠,정말 맛있어
2184,졸라리,정말
2185,졸라릐,정말
2186,졸라뤼,정말 좋아
2187,졸라기여움,매우 귀여움
2188,졸라귀여워서,매우 귀여워서
2189,졸라게,정말 많이
2190,졸라 ,졸라
2191,졸까라,그만하라
2192,졸귀,졸라 귀엽다
2193,졸개들,따르는 사람들
2194,졸같은넘,그 사람
2195,졸 ,졸
2196,졷따,짜증
2197,졷도,전혀
2198,졷놔,전화
2199,졷네,정말
2200,졷내,아주
2201,졷나,정말
2202,졷까,
2203,졷같은,너무 별로인
2204,졷같았던게,정말 불편했던 게
2205,졷같,싫은
2206,졷가,
2207,졷,
2208,졵나많아,정말 많아
2209,존희,매우
2210,존잼이였음,정말 재미있었음
2211,존잼이었눈데,아주 재미있었는데
2212,존잼이다,매우 재미있다
2213,존잼으로,아주 재미있게
2214,존잘중에,정말 잘생긴 사람 중에
2215,존잘인줄알고,잘생긴 줄 알고
2216,존잘,정말 잘생긴
2217,존예존잘이고,정말 예쁘고 잘생기고
2218,존예보스,정말 예쁘고 최고
2219,존예,아름다운
2220,존아만음,정말 아름다움
2221,존버정신,끝까지 버티는 마음
2222,존버를,참고 기다리기를
2223,존버,끝까지 버티기
2224,존못임,많이 어색함
2225,존못,많이 어색함
2226,존모,존댓말 모드
2227,존멋탱,정말 멋짐
2228,존멋,정말 멋진
2229,존먹어,그만하자
2230,존맹구,어수룩한 사람
2231,존망,엉망
2232,존맛탱이어따,정말 맛있었다
2233,존맛탱이니까,정말 맛있으니까
2234,존맛탱이,정말 맛있는 음식
2235,존맛탱구리,정말 맛있는 음식
2236,존맛탱,정말 맛있어
2237,존맛임돠,정말 맛있다
2238,존맛임,정말 맛있어
2239,존맛인지는,정말 맛있는지는
2240,존맛인지,정말 맛있는지
2241,존맛이였당,정말 맛있었다
2242,존맛이었음,정말 맛있었음
2243,존맛이라구요,정말 맛있다구요
2244,존맛이다,정말 맛있다
2245,존맛이넹,정말 맛있네
2246,존맛이네유,정말 맛있네요
2247,존맛이구만,정말 맛있구만
2248,존맛빵으로,정말 맛있는 빵으로
2249,존맛떡이에용,정말 맛있는 떡이에요
2250,존맛까진,아주 맛있다는 정도로
2251,존맛,정말 맛있어
2252,존만히,정말로
2253,존만한,정말 작은
2254,존만아,얘야
2255,존만새끼,사람
2256,존만,
2257,존마니,
2258,존마난,
2259,존마,정말
2260,존라,정말
2261,존니짜증나,정말 짜증나
2262,존니재수업음,정말 기분이 나쁘네
2263,존니어이없어,정말 이해가 안 돼
2264, 존니, 정말
2265,존년,
2266,존네,정말
2267,존너,매우
2268,존내열심히,정말 열심히
2269,존내,매우
2270,존낰,정말
2271,존나힘드네,매우 힘드네
2272,존나혐오감들어,정말 불편함이 느껴져
2273,존나헐거니까,너무 헐거우니까
2274,존나할거야,열심히 할 거야
2275,존나한심해보이는데,정말 안 좋아 보이는데
2276,존나하기싫게치워서,정말 하기 싫을 정도로 치워서
2277,존나피곤해,매우 피곤해
2278,존나피곤,정말 피곤
2279,존나패고싶은데,정말 화가 나는데
2280,존나틀고,아주 크게 틀고
2281,존나추운데,정말 추운데
2282,존나쳐웃고잇음,엄청 웃고 있음
2283,존나처먹이,많이 먹이
2284,존나처먹고,엄청 많이 먹고
2285,존나처먹,많이 먹어
2286,존나찍고,매우 찍고
2287,존나찌르고싶다,매우 화난다
2288,존나짱남,정말 최고다
2289,존나짜증나네진짜,정말 너무 짜증나네
2290,존나짜증나네,정말 짜증나네
2291,존나짜증,정말 짜증
2292,존나지랄하네,심하게 행동하네
2293,존나지랄싸네,정말 난리 치네
2294,존나줌,아주 줌
2295,존나죄송합니다,정말 죄송합니다
2296,존나좋아유,정말 좋아요
2297,존나좋아야해,정말 좋아야 해
2298,존나좋아미친존나,정말 좋아 정말
2299,존나좋아,정말 좋아
2300,존나존나,정말 정말
2301,존나져서,정말 져서
2302,존나자주나올걸요,정말 자주 나올걸요
2303,존나유치해,너무 유치해
2304,존나웃엇음,정말 웃었어
2305,존나웃긴다,정말 웃긴다
2306,존나웃기네,매우 웃기네
2307,존나웃겼는데,정말 웃겼는데
2308,존나웃겻음,엄청 웃겼음
2309,존나웃겨,정말 웃겨
2310,존나올라오고,정말 올라오고
2311,존나오래됨,정말 오래됨
2312,존나오네,많이 오네
2313,존나열심히,매우 열심히
2314,존나역겨워,정말 싫어
2315,존나얼굴에,얼굴에
2316,존나어렵,매우 어려워
2317,존나안듣고,말을 전혀 듣지 않고
2318,존나쓰는중,매우 쓰는 중
2319,존나싸패새끼들이네,지나치게 공감 없는 사람들 같네
2320,존나싫어하는,정말 싫어하는
2321,존나시끄럽다,너무 시끄럽다
2322,존나설레네,정말 설레네
2323,존나살앙스러움,정말 사랑스러움
2324,존나빤히쳐다보고,정말 빤히 쳐다보고
2325,존나빡친다,매우 화난다
2326,존나빡쳐,정말 화나
2327,존나비웃김,정말 웃김
2328,존나비싸다생각함,너무 비싸다고 느낌
2329,존나불편한티내면서,아주 불편해 보이면서
2330,존나보내놨네,엄청 많이 보냈네
2331,존나못생겨보인다,조금 안 어울려 보인다
2332,존나못먹는,정말 못 먹는
2333,존나매워진짜,정말 매워 진짜
2334,존나맛있음,정말 맛있음
2335,존나맛있다,정말 맛있다
2336,존나맛잇게,매우 맛있게
2337,존나맛엊다구,정말 맛있다고
2338,존나말도안되는것같지만,정말 말도 안 되는 것 같지만
2339,존나말거네,정말 말이 많네
2340,존나많이한다,정말 많이 한다
2341,존나많이하는데,정말 많이 하는데
2342,존나많이하는게,정말 많이 하는게
2343,존나많음,정말 많음
2344,존나많은데,정말 많은데
2345,존나많은,정말 많은
2346,존나많아,정말 많아
2347,존나많고,매우 많고
2348,존나만은데,정말 많은데
2349,존나리,매우
2350,존나뛰고,정말 열심히 뛰고
2351,존나떨궛고,정말 떨렸고
2352,존나돌진해서,정말 빨리 달려서
2353,존나더러운말이라서,정말 좋지 않은 말이라서
2354,존나당황햐서,정말 당황해서
2355,존나늙은기분일때,매우 피곤한 기분일 때
2356,존나눈치,눈치
2357,존나높은데,정말 높은데
2358,존나끼어드네,지나치게 끼어드네
2359,존나뀜,매우 뀜
2360,존나꼴배싫음,매우 싫음
2361,존나꼴려서,매우 마음에 들어서
2362,존나깝싸지,매우 짜증나지
2363,존나길어,엄청 길어
2364,존나귀엽고,정말 귀엽고
2365,존나게한다고,엄청 한다고
2366,존나게,정말 많이
2367,존나거지존이라서,정말 형편이 어려워서
2368,존나개때려버리고싶네,매우 화나네
2369,존나개더럽다고빠갯는데,매우 지저분하다고 했는데
2370,존나간편,정말 간편
2371, 존나 , 정말
2372,존꼴인데,정말 멋있는데
2373,존귘,정말 귀여워
2374,존ㄴㅏ,매우
2375,존ㄴ,아주
2376,존1나,정말
2377,존123나,정말
2378,졳,
2379,족짜,조금
2380,족뼁,고생
2381,족뺑,고생
2382,족빼,힘들어
2383,족빠,힘들어
2384,족밥,허술함
2385,족딸,
2386,족까치,
2387,족까내,그만해
2388,족까,그러지 말자
2389,족고수플레이나와서,고수 플레이 나와서
2390,족같이하고,이상하게 하고
2391,족같은넘,
2392,족같은,정말 마음에 안 드는
2393,족같애,싫어
2394,족같았음,별로였음
2395,족같아서,기분이 나빠서
2396,족같네,기분이 나쁘네
2397,족같내,기분이 나쁘네
2398,족같고,별로고
2399,족같,
2400,족갗,안 좋은
2401,족간네,정말 별로네
2402,족가튼년,사람
2403,족가튼넘,사람
2404,족가튼,그렇게 하지 말자
2405,조폭섹히랑,폭력 조직 같은 사람과
2406,조폭섹히다,폭력 조직 같다
2407,조폭깡패새끼들은,폭력 조직에 속한 사람들은
2408,조폭,조직폭력배
2409,조팝,초보자
2410,조팔거가,
2411,조토,
2412,조털,
2413,조카툰,
2414,조찐,어설픈 행동
2415,조찌랄하매,엉망으로 하며
2416,조짜,조금
2417,조질래,
2418,조진다,어려워지겠다
2419,조지냐,그만하자
2420,조져버린다,혼날 거야
2421,조젱이,장난꾸러기
2422,조쟁이,말이 많은 사람
2423,조읒됐네,큰일 났네
2424,조옺,정말
2425,조옷밥,허술함
2426,조옷나,정말
2427,조옷같,기분 나쁘다
2428,조옷가튼,정말 별로인
2429,조옷,정말
2430,조온나,정말
2431,조온,정말
2432,조옥같네,엉망이네
2433,조오옷,
2434,조오또,
2435,조오까,짜증나
2436,조쌔리뿔라,그만하자
2437,조센징,
2438,조센진,재일 한국인
2439,조선족,중국 동포
2440,조선스러운,전통적인
2441,조삐리,어수룩
2442,조뼁,고생
2443,조뻬,
2444,조뺑,
2445,조빼,
2446,조빺,초보자
2447,조빱이었다,서툰 편이었다
2448,조빱,초보자
2449,조빨,
2450,조빠,
2451,조무래기,어린 사람
2452,조모여행,혼자만의 시간과 자기계발에 집중하는것
2453,조뢀,헛소리
2454,조랭,쓸데없는 말
2455,조랄방구뿡뿡,엉뚱한 소리
2456,조랄,헛소리
2457,조또없음,아무것도 없음
2458,조또,정말
2459,조따,
2460,조녜,아름다운
2461,조낸커다랗고,정말 크고
2462,조낸,정말
2463,조내,매우
2464,조나빡가,짜증
2465,조나,매우
2466,조끗네,정말 별로네
2467,조끗,
2468,조께,조금
2469,조깥,
2470,조깠,
2471,조깟,
2472,조깓,
2473,조깐다,
2474,조깐냐,기분이 나쁘니?
2475,조까튼,기분 나쁜
2476,조까치,
2477,조까요,그만하세요
2478,조까시오,그만하세요
2479,조까,그만하자
2480,조기,조기 퇴직
2481,조건만남,
2482,조개핧아줘,
2483,조개쑤셔줘,
2484,조개속물,
2485,조개벌려조,
2486,조개마셔줘,
2487,조개따조,
2488,조개넓은년,
2489,조가틍,기분 나쁘다
2490,조가튼,안 좋은
2491,조가비,조개
2492,조刀ㅏ,헛소리
2493,조ㅊ,
2494,조ㅈ,
2495,졏,
2496,졎같다,기분 나쁘다
2497,졎,
2498,졌잘싸,졌지만 잘 싸웠다
2499,졋더,더욱
2500,졋같다,기분 나쁘다
2501,젼마니,많이
2502,져빱,
2503,져떠,저기
2504,져더,저기
2505,져꽈튼,기분 나쁜
2506,져까,그만하자
2507,젱장젠장,
2508,젱장,이런
2509,젬병,형편없음
2510,젠장할,정말 속상한
2511,젠장,아이참
2512,젠잡,
2513,제일미개한취급받고있는놈들이,가장 부정적으로 평가받는 사람들이
2514,제수없다,운이 안 좋네
2515,제설차부모,장애물을 치워주는 부모
2516,제당슈만,제가 당신을 슈퍼스타로 만들어 드릴게요
2517,제길쓰,
2518,제길,
2519,제기랄,이런
2520,제국주의추종자놈들도,제국주의를 따르는 사람들도
2521,제곧내,제목이 곧 내용
2522,제1세계,선진국
2523,젙니,아주
2524,젗잡고,
2525,젗빺,허술함
2526,젗빱,허술함
2527,젗밮,허술함
2528,젗밥,허술함
2529,젗만,잠깐
2530,젗까,짜증
2531,젗같,기분 나쁜
2532,젗,
2533,젖통,가슴
2534,젖탱이라고,가슴이라고
2535,젖탱이,가슴
2536,젖치기,
2537,젖잡고,
2538,젖은숲,
2539,젖빺,초보자
2540,젖빱,초보자
2541,젖빠,힘들어
2542,젖밮,허술함
2543,젖밥들,서툰 사람들
2544,젖밥,초보자
2545,젖만한,조그마한
2546,젖만,잠깐
2547,젖마니,많이
2548,젖마난,많은
2549,젖마나,정말
2550,젖또,저기
2551,젖떨,
2552,젖떠,저기
2553,젖디,조금
2554,젖도,저기
2555,젖더,저기
2556,젖대가리,머리
2557,젖나게,아주
2558,젖나,아주
2559,젖꼮찌,
2560,젖꼭쥐,젖꼭지
2561,젖꺽지,젖꼭지
2562,젖꺽쥐,젖꼭지
2563,젖까,그러지 말자
2564,젖같은,좋지 않은
2565,젖같네,기분 나쁘네
2566,젖같,기분 나쁜
2567,젖가튼,정말 별로인
2568,젖가,
2569,정치충,정치에 과몰입한 사람
2570,정치질하려는,정치적으로 이용하려는
2571,정치조폭일뿐이다,거친 정치인일 뿐이다
2572,정치쓰레기들,부적절하게 행동하는 정치인들
2573,정치노름에,정치 활동에
2574,정치꾼에겐,정치하는 사람에게는
2575,정줄놓,정신줄을 놓았다
2576,정자핧아,
2577,정자먹어,
2578,정자마셔,
2579,정액핧아,
2580,정액짜,
2581,정액발사,
2582,정액먹어,
2583,정액마셔,
2584,정액,
2585,정신질환,마음 건강 문제
2586,정신병환자들은,정신적으로 힘든 사람들은
2587,정신병자와,정신적으로 어려움 있는 사람과
2588,정신병자시키,정신적으로 불안한 사람
2589,정신병자를,마음이 아픈 사람을
2590,정신병자들이,마음이 아픈 사람들이
2591,정신병자들도,정신적 어려움이 있는 사람들도
2592,정신병자년이라,마음이 아픈 사람이라
2593,정신병자구나,마음이 아픈 사람이구나
2594,정신병자,마음이 아픈 사람
2595,정신나간아줌마,실수가 많은 사람
2596,정신나간,실수가 많은
2597,정상,매매 임대시 빨리 입주 가능한 물건
2598,정사,사랑이야기
2599,정병러였나,정신적으로 힘든 사람이었나
2600,정뚝떨,정이 뚝 떨어지다
2601,정돌이,정품을 사용하는 사람
2602,정글차이,양 팀의 정글 포지션 사이에 실력 격차
2603,정글러,중립 지역을 운용하는 포지션
2604,젓카,저기
2605,젓잡고,
2606,젓어었더,그렇게 했더라면
2607,젓소부랄,
2608,젓뺑이,고생
2609,젓빺,초보자
2610,젓빱,초보자
2611,젓빠,힘들어
2612,젓밮,허술함
2613,젓밥,아마추어
2614,젓물냄새,
2615,젓물,체액
2616,젓만한게,그 정도면
2617,젓만이,정말
2618,젓만아,정말
2619,젓만,
2620,젓마무리,마무리
2621,젓마니,정말
2622,젓마나,정말
2623,젓마,
2624,젓랄,
2625,젓또,저기
2626,젓떨,떨림
2627,젓떠,저기
2628,젓더,더욱
2629,젓대가리,머리
2630,젓니,좋니
2631,젓냄새,냄새
2632,젓나,정말
2633,젓꼭지,젖꼭지
2634,젓꼭쥐,젖꼭지
2635,젓꺽지,젖꼭지
2636,젓꺽쥐,젖꼭지
2637,젓까,
2638,젓같은놈,
2639,젓같은?,좋지 않은
2640,젓같은,좋지 않은
2641,젓같다,기분 나쁘다
2642,젓같네,기분 나쁘네
2643,젓같내,기분 나쁘네
2644,젓같,기분 나쁜
2645,젓갓,정말 별로다
2646,젓가튼쉐이,아주 못된 사람
2647,젓가튼,정말 별로인
2648,젓가,
2649,접밥,허술함
2650,접년,
2651,점물,
2652,점메추,점심 메뉴 추천
2653,점마,저 사람
2654,젊줌마그램,젊은 주부 SNS
2655,젊줌마,젊은 주부
2656,젊은새끼치고,젊은 사람치고
2657,절친,절친한 친구
2658,절라,매우
2659,절대지존좃밥,매우 허술한 사람
2660,절나,정말
2661,젇만,잠깐
2662,젇놔,전화
2663,전지저능하신,도움이 필요해 보이시는
2664,전지저능,도움이 필요해 보이는
2665,전여친,전 여자친구
2666,전업주부께서,전업주부님께서
2667,전생에에미가나라를팔아먹음,
2668,전색파한테,성향이 다른 사람에게
2669,전만한,그 정도의
2670,전만싀끼,
2671,전라디언,전라도 지역 분들
2672,전라도여자,전라도에서 온 여성
2673,전두환,전두환 대통령
2674,전담 ,전자 담배
2675,전니 ,아주
2676,전남친,전 남자친구
2677,전나 ,정말
2678,적폐년들,잘못한 사람들
2679,적폐같은,문제가 있는 듯한
2680,적꽈튼,
2681,적까지,
2682,적까쥐,
2683,적까,
2684,적가튼,
2685,저희애비뻘인데,저희 아버지 뻘인데
2686,저쩔티비,어쩌라고
2687,저쩔,어쩌라고
2688,저짓거리를,저 행동을
2689,저짓거리,저런 행동
2690,저지랄해놨음,저렇게 해놨어
2691,저지랄하면,저렇게 하면
2692,저지랄하니까,저렇게 행동하니까
2693,저지랄하고,저렇게 하고
2694,저지랄인가,저런 행동인가
2695,저지랄로잡아놓고,그렇게 해놓고
2696,저지랄떨때까지,저렇게 할 때까지
2697,저지랄떨고,저렇게 소란 피우고
2698,저지랄,그런 소란
2699,저엊,저기
2700,저엇,저기
2701,저썌끼,저 친구
2702,저세끼,저 친구
2703,저샋까,저 사람
2704,저새끼죽일까하고,저 사람 혼낼까 하고
2705,저새끼만큼은,저 사람만큼은
2706,저새끼를,저 사람을
2707,저새끼들이,저 사람들이
2708,저새끼들을,저 사람들을
2709,저새끼들,저 사람들
2710,저새끼는,저 사람은
2711,저새끼가,저 사람이
2712,저새끼,저 사람
2713,저새기들도,저 사람들도
2714,저빱,저 사람
2715,저빠지게,아주
2716,저빠,
2717,저렴이,싸고 가성비 좋은 물건
2718,저런인간들,저런 사람들
2719,저런새끼를,저런 사람을
2720,저런걸,저런 것을
2721,저떠씨벵,저쪽 사람
2722,저떠,저쪽
2723,저딴트윗,저런 글
2724,저딴식으로,저런 식으로
2725,저딴소리하니까,그런 말을 하니까
2726,저딴말,그런 말
2727,저딴게,저런게
2728,저딴걸,그런 것을
2729,저딴거하고,그런 걸 하고
2730,저딴,저런
2731,저따위로,저렇게
2732,저능아라고,지능이 낮다고
2733,저능아다,발달이 느린 사람이다
2734,저능아같은,배려가 부족한
2735,저놈인데,저 사람인데
2736,저놈이,저 사람이
2737,저놈의,저 사람의
2738,저놈들이,저 사람들이
2739,저놈들,저 사람들
2740,저놈,저 사람
2741,저년이,저 사람이
2742,저년,그 사람
2743,저꽛튼,
2744,저꽈튼,
2745,저꼬라지를,저런 모습을
2746,저꼬라지,저런 모습
2747,저깐,그런 식의
2748,저까튼년,
2749,저까튼,
2750,저까운영자,능력이 모자란 운영자
2751,저까라마이씽,그만해
2752,저까라마이신,그만해
2753,저까,
2754,쟘쥐,소중한 곳
2755,쟈지,
2756,잼민이,초등학생
2757,재종학원,재수 종합학원
2758,재수없어시발,기분이 좋지 않아
2759,재셥네,참 불편하네
2760,재섭어,마음이 불편해
2761,재섭써,기분이 별로야
2762,재섭서,기분이 별로야
2763,재미뿌,재미뿌셨다
2764,재랄,
2765,재능낭비,무의미한 곳에 재능을 투자
2766,재기해서,다시 일어서서
2767,재기해라,다시 시작해라
2768,재기한,다시 일어난
2769,재기하면,다시 시작하면
2770,재기도우미,다시 일어서도록 돕는 사람
2771,잦털,털
2772,잦이,
2773,장애년,
2774,장애가있어,몸이 불편해서
2775,장사꾼,장사하는 사람
2776,장님수준이고요,잘 못 보고요
2777,장난질치는,장난치는
2778,장꾸,장난꾸러기
2779,잡탱아,사람아
2780,잡탱년,
2781,잡종,다양한 종류
2782,잡시키,
2783,잡시퀴,
2784,잡소리,쓸데없는 말
2785,잡밥,
2786,잡뇸,
2787,잡뇬,사람
2788,잡놉,
2789,잡놈,사람
2790,잡노무,그 정도만한게
2791,잡노마드족,직업을 따라 유랑하는 직장인
2792,잡년,사람
2793,잡넘,사람
2794,잡너무,
2795,잡냔,
2796,잡껏,사람
2797,잡것아,그만해
2798,잡것들이,그런 사람들
2799,잡것,사람
2800,잠탱이,오래 자는 사람
2801,잠짓물마셔,
2802,잠지털,
2803,잠지에,부적절한 곳에
2804,잠지물마셔,
2805,잠지뚫어,
2806,잠지,여성의 소중한 곳
2807,잠쥐털,
2808,잠쥐,소중한 곳
2809,잘지내는꼴은,잘 지내는 모습은
2810,잘지껄여서,말을 많이 해서
2811,잘알,잘 아는 사람
2812,잘생쁨,잘생긴 느낌과 이쁜 느낌이 동시에 드러나는 것
2813,잘빨아,
2814,잖아,아니야?
2815,잔당들,남아 있는 사람들
2816,잔놈,어린 친구
2817,작자들의,사람들의
2818,작자가,사람이
2819,작은보지,여성의 소중한 곳
2820,작은놈아,작은 친구야
2821,자폐증을,발달 특성을
2822,자컨,자체 제작 컨텐츠
2823,자충수펙,도움은 커녕 마이너스 요소가 되는 스펙
2824,자짓,
2825,자지핧어,
2826,자지핧아줘,
2827,자지핧아,
2828,자지털,
2829,자지짤라,
2830,자지정개,
2831,자지에,사적인 부위에
2832,자지쓰레기,
2833,자지쑤셔,
2834,자지빨어,
2835,자지빨아줘,
2836,자지빨아,
2837,자지박어,
2838,자지뜯어,
2839,자지뜨더,
2840,자지때,
2841,자지도,잠도
2842,자지달린,남자인
2843,자지년,
2844,자지넣자,
2845,자지꽂아,
2846,자지구멍으로,
2847,자지구멍,
2848,자지구녕,
2849,자지가,몸의 소중한 부위가
2850,자지,남성의 소중한 곳
2851,자즤,남성의 소중한 곳
2852,자쥣,
2853,자쥐털,털
2854,자쥐,남성의 소중한 곳
2855,자전거타는아재놈,자전거 타는 아저씨
2856,자적자,자기를 꾸미는 사람
2857,자음남발,상황이 웃기고 어이없다
2858,자위행위,
2859,자위중,
2860,자위녀,
2861,자위남,
2862,자위,
2863,자연산,자연 그대로의
2864,자아지털,
2865,자아지,
2866,자아위,
2867,자식임,자녀임
2868,자식은,아이들은
2869,자식으로,아이로
2870,자식아,얘야
2871,자식새끼들,아이들
2872,자식들,아이들
2873,자식,아이
2874,자슥아,얘야
2875,자슥,아이
2876,자쉭,친구
2877,자소서,자기소개서
2878,자살했을거라면서,극단적인 선택을 했을 거라며
2879,자살해야지,스스로 떠나야지
2880,자살해야된다,절대 하면 안 되는 생각을 한다
2881,자살해야겠다,절대 하면 안 되는 생각을 했다
2882,자살해야,스스로 떠나야
2883,자살해서,안 좋은 일이 생겨서
2884,자살해라,그만둬라
2885,자살해도,스스로 떠나도
2886,자살함,스스로 생을 마감함
2887,자살할래,힘들다고 표현할래
2888,자살한다,스스로 떠난다
2889,자살한,스스로 떠난
2890,자살하고싶음,살고 싶지 않다는 생각이 듦
2891,자살하고싶은데,너무 힘든데
2892,자살하고싶었은데,정말 힘들었는데
2893,자살하고싳음,마음이 너무 힘듦
2894,자살하고,스스로 생을 마감하고
2895,자살핏,우울한 분위기
2896,자살충동,극도로 힘든 마음
2897,자살처리,사건 처리
2898,자살좀,극단적 선택을
2899,자살이후,안 좋은 일이 있고 나서
2900,자살이라니,생을 마감하다니
2901,자살이라고,스스로 상처 입은 일이라고
2902,자살이,스스로 그만두는 것이
2903,자살을,스스로 그만두는 것을
2904,자살말려요,절대 나쁜 선택 하지 않도록 막아요
2905,자살말려,절대 나쁜 선택 하지 않도록 도와줘
2906,자살,스스로 떠남
2907,자삭,자진 삭제
2908,자뻑,잘난 척
2909,자만추,자연스런 만남 추구
2910,자막거지같다,자막이 아쉽다
2911,자린이,자전거 초보
2912,자랑질하는,자랑하는
2913,자랑질,자랑하기
2914,자라족,부모에게 의지하는 성인 자녀
2915,자들이,사람들이
2916,자들거리는거,자꾸 떠드는 것
2917,자동봉진,자율활동 동아리활동 봉사활동 진로활동
2918,자댕이는,사람은
2919,자댕이,아이
2920,자낳괴,자본주의가 낳은 괴물
2921,자기핧아,
2922,자기핥아,
2923,자기찍오달라고아니씨발조명이없는데어떻게찍음,사진 찍어달라지만 조명이 없어서 어렵다
2924,자기미친것밖에,자기 정신없는 것밖에
2925,자궁색기,여성
2926,자궁문신,
2927,자궁,아기집
2928,자결로,스스로 선택으로
2929,자강두천,자존심 강한 두 천재
2930,자ㅈ,
2931,자ㅇㅜㅣ,
2932,자x,
2933,자ji,
2934,자g,
2935,있어빌리티하다,작업들의 수행 시기를 맞추다
2936,있는놈들이,있는 사람들이
2937,입안사정,
2938,입싸,입사
2939,입사후장,
2940,입덕,덕후 활동을 시작
2941,입꾹닫,입을 꾹 닫
2942,입결,입시 결과
2943,입걸레,말을 너무 거칠게 하는 사람
2944,임빙할,
2945,임마야,이 친구야
2946,임마,이 친구야
2947,읽씹,읽고 씹다
2948,일파만파,첫 홀을 기쁘게 다 같이 파로 시작하자
2949,일타강사,1등 스타 강사
2950,일코노미,혼자서 경제생활을 이어가는 트렌드
2951,일코,일반인 코스튬플레이
2952,일절만하자,거기까지만 하자
2953,일임사,일반 임대 사업자
2954,일생가,일상생활가능
2955,일빠한남씹덕으로,일본을 좋아하는 남성으로
2956,일본새끼들로,일본 사람들로
2957,일본놈들,일본 사람들
2958,일본남하고,일본 분과
2959,일베충,인터넷 이용자
2960,일베,특정 커뮤니티 이용자
2961,일말상초,일병 말에서 상병 초반에 연인과 헤어질 가능성이 높다
2962,인혐인거같아,사람이 싫은 것 같아
2963,인프피정병녀는,INFP 성향의 여성은
2964,인프라,경제 활동 기반 형성을 위한 기초 시설
2965,인터넷진흥원,인터넷 관련 기관
2966,인친,인스타그램 친구
2967,인어공주년,인어공주 캐릭터
2968,인싸,인사이더
2969,인스피리언스족,실외에서 하던 경험을 실내에서 즐기는 사람들
2970,인스타감성,인스타그램 감성
2971,인서울러들은,서울 대학생들은
2972,인서울,서울에 있는 4년제 대학
2973,인생템,인생 최고의 물건
2974,인생종친다는,모든 것이 망한 것 같다는
2975,인생샷,인생 살면서 가장 잘 찍은 사진
2976,인생새끼의,인생의
2977,인방갤,인터넷 방송 갤러리
2978,인만추,인위적인 만남 추구
2979,인라방,인스타 라이브 방송
2980,인도계로,인도 출신으로
2981,인기녀,인기 많은 친구
2982,인격장애,성격적인 어려움
2983,인게임,게임 내 상황
2984,인강증후군,수업을 빨리 감기 되감기 하고 싶은 심리
2985,인간입니다,사람입니다
2986,인간인가,사람인가
2987,인간이었나,사람이었나
2988,인간이다,사람이다
2989,인간이나,사람이나
2990,인간이긴,사람이긴
2991,인간이,사람이
2992,인간을,사람을
2993,인간은,사람은
2994,인간아,사람아
2995,인간들이나,사람들이나
2996,인간들이,사람들이
2997,인간들을,사람들을
2998,인간들은,사람들은
2999,인간들에게,사람들에게
3000,인간들아,여러분
3001,인간들,사람들
3002,인간과,사람과
3003,인간,사람
3004,인가봉가,인가 보다
3005,이할미의,이 할머니의
3006,이퇴백,이십 대에 퇴직한 무직자
3007,이코노사이드,생활고로 자살하는 사태
3008,이짓거리하는,이런 행동을 하는
3009,이짓거리,이런 행동
3010,이지랄했는데,이렇게 소란을 피웠는데
3011,이지랄하면서,이렇게 소란스럽게 하면서
3012,이지랄하면,이렇게 하면
3013,이지랄하는데,이렇게 하는데
3014,이지랄하는거,이렇게 소동을 부리는 거
3015,이지랄하네,왜 그러는지 모르겠네
3016,이지랄하냐,이게 뭐야
3017,이지랄하길래,이렇게 하길래
3018,이지랄하고있음,엉뚱한 행동을 하고 있음
3019,이지랄하고,이렇게 행동하고
3020,이지랄인거임,이렇게 하는 거야
3021,이지랄을하는데,이렇게 하는데
3022,이지랄로,이런 행동으로
3023,이지랄떨어,이렇게 행동해
3024,이지랄나서,이렇게 나서서
3025,이지랄,이렇게
3026,이좆같은새1끼야,너 정말 왜 그러니
3027,이종족,게임에 나오는 인간이 아닌 종족
3028,이제두놈이,이제 두 사람이
3029,이자식이라는,이 사람이라는
3030,이자식이라고,이 사람이라고
3031,이자식은,이 사람은
3032,이자식아,이 사람아
3033,이자식,이 친구
3034,이왜진,이게 왜 진짜임
3035,이양반이,이 사람이
3036,이아줌마같은것들,이 아주머니 같은 분들
3037,이아줌마,이 분
3038,이씹새끼야,이 사람아
3039,이씹새끼는,이 사람은
3040,이씨발진짜,이런 정말
3041,이씨발놈들이,이 사람들이
3042,이씨발,이런
3043,이시발아,이 사람아
3044,이시발,이런
3045,이시끼,이 사람
3046,이승만,이승만 대통령
3047,이스키,무례한 사람
3048,이스끼,무례한 사람
3049,이슈팔이하는,화제로 이용하는
3050,이쉬끼야,이 사람아
3051,이쉑꺄,이 친구
3052,이쉑,이 사람
3053,이쉐꺄,이 친구야
3054,이쇅,이 사람
3055,이세꺄,이 친구야
3056,이생집망,이번 생에는 집사기는 망했다
3057,이생망,이번 생은 망했다
3058,이샊히들아,이 사람들아
3059,이색히는,이 사람은
3060,이색히,이 사람
3061,이색이들,이 사람들
3062,이색기야,이 친구야
3063,이새키,무례한 사람
3064,이새끼야,왜 그러니
3065,이새끼를,이 사람을
3066,이새끼들이,이 사람들이
3067,이새끼들은,이 사람들은
3068,이새끼들아,이 친구들아
3069,이새끼들,이 사람들
3070,이새끼도,이 사람도
3071,이새끼는,이 사람은
3072,이새끼개미친새끼네,이 사람 정말 이상하네
3073,이새끼가,이 사람이
3074,이새끼,이 친구
3075,이새뀌야,이 사람아
3076,이새꺄,이 친구야
3077,이새기들아,얘들아
3078,이새,이 사람
3079,이상현실에서한마디도못하는개좃밥힉힉호무리가,현실에서 말 한마디 못 하는 사람들이
3080,이상한년소리나,이상하다는 말이나
3081,이빨에,치아에
3082,이빨,치아
3083,이부랄,정말
3084,이백충,월소득 200만원 이하인 사람
3085,이방놈,낯선 사람
3086,이뭐병,이게 뭐야병
3087,이명박근혜,이명박 박근혜 대통령
3088,이명박,이명박 대통령
3089,이런병신들한텐,이런 사람들한테는
3090,이런등신을,이런 모자란 사람들
3091,이런놈이,이런 사람이
3092,이런놈을,이런 사람을
3093,이런놈은,이런 사람은
3094,이런것이,이런 것이
3095,이런것들이,이런 사람들
3096,이란놈이,이란 사람이
3097,이딴소리까지,이런 말까지
3098,이딴말,이런 말
3099,이딴놈들이,이런 사람들이
3100,이딴거밖에없어,이것밖에 없네
3101,이딴,이런
3102,이따위임,이 정도 수준임
3103,이따위의,이런 종류의
3104,이따위여,이렇게야
3105,이따위야,이런 수준이야
3106,이따위말,이런 말
3107,이따위로,이런식으로
3108,이따위글을,이런 글을
3109,이따위,이런
3110,이따구지만,이런식이지만
3111,이따구야,이런거야
3112,이따구로만,이렇게만
3113,이따구로,이렇게
3114,이따구니,이렇게 되니
3115,이따구고,이런거고
3116,이등별,이등병을 막 대하지 않음
3117,이돌멩이의,이 돌멩이의
3118,이다우리는,이거다 우리는
3119,이늠시끼는,이 사람은
3120,이눔들아,얘들아
3121,이놈이,이 사람이
3122,이놈의,이런
3123,이놈에,이런
3124,이놈아,이 사람아
3125,이놈시키,이 사람
3126,이놈들을,이 사람들을
3127,이놈들아,여러분
3128,이놈들,이 사람들
3129,이놈,이 사람
3130,이노무,이런
3131,이년아,이 사람아
3132,이년도,이 여성도
3133,이년,사람
3134,이넘아,이 사람아
3135,이꼴이니까,이런 상황이니까
3136,이꼴이,이런 모습이
3137,이꼴,이 상황
3138,이꼬라지를,이 모습을
3139,이꼬라지,이 상태
3140,이기원대표님,이기원 대표님
3141,이기원대표,이기원 대표님
3142,이기원,이기원 대표님
3143,이것들아,이 친구들아
3144,이것들 ,이것들
3145,이개씹음침한,이 매우 음침한
3146,이개새끼가,이 사람이
3147,이간질을,사이를 틀어지게 하는 말을
3148,이간질시킨거다,갈라지게 만든 것이다
3149,의세권,의료 혜택 받기 좋은 지역
3150,의느님,성형외과 의사
3151,응디시티,
3152,응니얼굴,니 얼굴이나 신경 써라
3153,음해질에,헐뜯는 말에
3154,음침씹스런새끼들,어두운 사람들
3155,음욕,
3156,음습찐따인데,소극적인 사람인데
3157,음순,
3158,음부,신체 부위
3159,음모,털
3160,음란음흉색기넘치는,지나치게 선정적인
3161,음경,신체 부위
3162,을년,
3163,은혜팔아버림,고마움을 저버림
3164,은따,은근히 따돌림
3165,으조팔,정말 난처해
3166,으아아아앜,으악
3167,윰차,유모차
3168,윤며들다,윤여정에게 스며들다
3169,육아보다멘탈의업앤다운이심한이짓거리,육아보다 마음 기복이 심한 일
3170,육아맘소통,육아하는 분들 소통
3171,육아맘,육아하는 어머니
3172,육아를 열심히 하는 어머니,아이를 키우는 여성이니
3173,육씨랄놈,사람
3174,육씨랄년,사람
3175,육실헐,
3176,육실할,
3177,육시럴,
3178,육시랄,
3179,육봉,여섯 개 봉우리
3180,육본,육군본부
3181,육변기로,물건처럼
3182,육라밸,유아와 라이프 밸런스
3183,육깦,이상한 행동
3184,육깝,이상한 행동
3185,육구자세,
3186,육갚,이상한 행동
3187,육갑떨다,경멸스러운 말이나 행동을 한다
3188,육갑떠는,경멸스러운 말이나 행동을 하는
3189,육갑,이상한 행동
3190,유체이탈화법,책임 회피 발언
3191,유좆무죄무좆유죄,불공정하다
3192,유잼,재미있다
3193,유욱갑,이상하게
3194,유엑스플러스,유엑스플러스 디자인 스튜디오
3195,유색인종,다양한 피부색을 가진 사람들
3196,유사섹스,
3197,유방핧어,
3198,유방핧아,
3199,유방쪼물럭,
3200,유방쪼물딱,
3201,유방주물럭,
3202,유방빨아,
3203,유방만져,
3204,유방,가슴
3205,유리천장,여성 및 소수자의 승진을 막는 보이지 않는 장벽
3206,유리멘탈,유리처럼 깨지기 쉬운 정신
3207,유럽놈들,유럽 사람들
3208,유딩,유치원생
3209,유두핧어,
3210,유두빨어,
3211,유도리,여유
3212,유깦,이상하게
3213,유깝,이상하게
3214,유교보이,보수적인 남성
3215,유교걸,보수적인 여성
3216,위키피디홀리즘,위키피디아에 지나치게 의존한다
3217,위꾸,맛있는 걸 먹었다
3218,위꼴사,먹음직스러운 음식이 찍힌 사진
3219,웹질하다가,인터넷하다가
3220,웸등포,웸블리같은 영등포 CGV
3221,웜퇘지라고,몸집이 있다고
3222,월클,세계적인 수준
3223,월루,하는 일 없이 월급만 타 가는 직원
3224,월남패망꼴,좋지 않은 상황
3225,월급루팡,하는 일 없이 월급만 타 가는 직원
3226,월급로그인,월급이 순식간에 들어옴
3227,월급로그아웃,월급이 순식간에 나감
3228,월경충,
3229,월거지,월세 사는 가난한 사람
3230,원픽,가장 마음에 드는 딱 하나
3231,원조교제,불법 만남
3232,원조교재,
3233,원조가카,그분
3234,원샷원킬,한방에 한 명을 없애는 것
3235,원마일웨어,집에서 원마일 반경 내에서 입을 수 있는 옷
3236,원딜,원거리에서 적을 공격
3237,원나잇해요,짧은 만남 해요
3238,원나잇장인,짧은 만남 잘하는 사람
3239,원나잇,짧은 만남
3240,워킹푸어,열심히 일을 해도 가난한 사람들
3241,워크메틱,직장에 놓고 쓰는 화장품
3242,워크라이시스,워크라이시스 전략 게임
3243,워커홀릭,일 중독자
3244,워스토리,워스토리 게임
3245,워런치족,점심시간에 걷기 운동 하는 직장인
3246,워라밸,일과 삶의 균형
3247,워너비,닮고 싶은 사람
3248,웃겨서,재미있어서
3249,움짤,움직이는 짤방
3250,울반넘들,우리 반 친구들
3251,운지해서,사라져서
3252,운영팀,관리팀
3253,운영진,운영팀
3254,운영자씨발놈,능력이 모자란 운영자
3255,운영자미친놈,능력이 모자란 운영자
3256,운영자개새끼,능력이 모자란 운영자
3257,운영자,관리 담당자
3258,운명이다,운명이에요
3259,운명새끼의,운명의
3260,운동하는여자,운동하는 사람
3261,운동하는남자,운동하는 사람
3262,운동녀,운동하는 사람
3263,우유남,우월한 유전자 남자
3264,우웩개독,기독교
3265,우왕굳,멋지다
3266,우사모,우리 것을 사랑하는 사람들의 모임
3267,우미쑤셔,
3268,우래기,우리 아기
3269,우라질년,
3270,우라질,
3271,우귀체,우주에서 제일 귀여운 생명체
3272,용포디,용산 4DX
3273,용주냄비조개걸년이구나,사람이구나
3274,용아맥,용산 아이파크몰 CGV 아이맥스관
3275,욤뵹,급여
3276,욤병,엉뚱한 말
3277,욜로족,본인 관련 소비와 행복을 우선으로 하는 사람
3278,욘사마,배용준
3279,욘븅,
3280,욘뵹,
3281,욘병,
3282,욕지랄이여,너무 심하게 말하네
3283,욕쟁이가,화내는 사람이
3284,욕쟁이,화내는 사람
3285,욕을안할수가업,불평이 절로 나오네
3286,욕세권,부정적인 평가를 받으나 나중에 오르는 지역
3287,요플레현상,입술의 각질과 화장품이 뭉친 현상
3288,요지랄씨발,이게 무슨 일이야
3289,요즘애새끼들이,요즘 아이들이
3290,요잘알,요리 잘 아는 사람
3291,요요새끼,요요 하시는 분
3292,요씨댕,
3293,요린이,요리 초보
3294,요리하는여자,요리하는 사람
3295,요리고자인데,요리를 잘 못하는데
3296,요리고자도,요리가 서투른 사람도
3297,요리고자,요리를 서투르게 하는 사람
3298,요놈이,이 친구가
3299,요놈은,이 사람은
3300,요놈봐라,이 사람 봐라
3301,요놈들아,얘들아
3302,요놈,이 친구
3303,요년,이 사람
3304,요녀석들아,친구들아
3305,외퀴들한테,외국인들에게
3306,외국놈들,외국 사람들
3307,외국놈드라,외국 사람들아
3308,외국,다른 나라
3309,왤캐,왜 이렇게
3310,왝플레이션,가파른 인플레이션
3311,왜놈이라고,일본 사람이라고
3312,왜놈들이,일본사람들이
3313,왜놈들의,일본사람들의
3314,왜놈들을,일본사람들을
3315,왜놈들,일본사람들
3316,왜놈,일본인
3317,왜년,일본인
3318,왕털잠지,여성의 소중한 곳
3319,왕털자지,남성의 소중한 곳
3320,왕털보지,여성의 소중한 곳
3321,왕털버지,아버지
3322,왕좃,
3323,왕잠지,여성의 소중한 곳
3324,왕자지,남성의 소중한 곳
3325,왕새1끼,심하게 말하는 사람
3326,왕부랄,
3327,왕보지,
3328,왕버지,아버지
3329,왕따,집단 따돌림
3330,왕가슴으로,체격이 큰 모습으로
3331,왕가슴,큰 체격
3332,완장질하면서,규칙을 지나치게 강조하면서
3333,완소녀,완전 소중한 여자
3334,완소남,완전 소중한 남자
3335,완내스,완전 내 스타일
3336,왁구도,모습도
3337,와이파이셔틀,강요에 의해 와이파이를 제공하는 아이
3338,와이파이샷,공이 좌우로 나가는 골프 샷
3339,와우내,놀랍네
3340,와야될놈,와야 될 사람
3341,와드박다,와드를 설치하다
3342,와드,적을 예측하고 기습공격을 가능케 하는 아이템
3343,와꾸잡다,전체 방향과 틀을 잡다
3344,와꾸,얼굴
3345,옹고집쟁이들,고집이 센 사람들
3346,옷꼬라지가,마음에 안드는 의상이
3347,옵치,오버워치
3348,옴창,사람
3349,올인빌,인프라를 모두 갖춘 마을
3350,올블랙,모두 검은색
3351,올백,전부 백점
3352,올림픽리오2016,2016리오올림픽
3353,올림픽2016리오,2016리오올림픽
3354,올가즘,절정
3355,올가슴,가슴
3356,온텍팸,온라인으로 소통하는 모임
3357,온택트,사회적 거리두기로 온라인으로 소통하는 방식
3358,온콘,온라인콘서트
3359,온지랄,소란스러운 행동
3360,옥메와까,옥동자 메가톤바 와일드바디 까마쿤 아이스크림
3361,오피스빌런,사내 민폐 직원
3362,오피스브런치족,브런치를 사무실에서 즐기는 직장인
3363,오피,오피스텔
3364,오포세대,다섯가지를 포기한 세대
3365,오팔세대,삶을 적극적으로 즐기며 경제력을 갖춘 5060세대
3366,오티엘,좌절
3367,오타쿠질할거야,덕질할 거야
3368,오타쿠질,덕후활동
3369,오키도키,오케이
3370,오케바리,오케이
3371,오추메,오늘의 추천 메뉴
3372,오지다,대단하다
3373,오저치고,오늘 저녁 치킨 고
3374,오저씨,오빠와 아저씨의 중간쯤 되는 사람
3375,오입,
3376,오운완,오늘의 운동 완료
3377,오용환대표님,오용환 대표님
3378,오용환대표,오용환 대표님
3379,오용환,오용환 대표님
3380,오오티디,오늘의 패션
3381,오슷,오리지널 사운드트랙
3382,오빠흘러내려,
3383,오빠충,오빠라고 부르는 사람
3384,오빠아퍼,아파요
3385,오빠아파,아파요
3386,오빠새끼한테,오빠한테
3387,오빠새끼를,오빠를
3388,오뱅있,오늘 방송 있나요
3389,오뱅없,오늘 방송 없나요
3390,오뱅알,오늘 방송 알찼다
3391,오르가즘,절정
3392,오르가줌,
3393,오르가슴,
3394,오럴,
3395,오래비를,오빠를
3396,오래비는,오빠는
3397,오래비,오빠
3398,오랄,
3399,오라질년,
3400,오라질,오라버니
3401,오떡순,오뎅 떡볶이 순대
3402,오덕후,덕후
3403,오늘은꼬꼬마,오늘은 어린아이처럼
3404,오늘까지씨발처리하라고지랄하명어떡하라고니가확인해보라고좆같은새끼야,오늘까지 처리해달라고 하며 심하게 말했는데 확인해보라고 한 거예요
3405,오놀아놈,오 놀줄 아는 놈인가
3406,오노방,오락실에 딸린 작은 노래방
3407,오나홍,
3408,오나홀,
3409,오나전,완전
3410,오ㄴ홀,
3411,옘빙,
3412,옘병헐소리,짜증나는 소리
3413,옘병해서,짜증나서
3414,옘병,짜증나
3415,예지앞사,예전이나 지금이나 앞으로도 사랑해
3416,예술살인마,범죄자
3417,예수쟁이,기독교 신자
3418,예쁠,예쁜
3419,예랑,예비 신랑
3420,예대,예매 대기
3421,옆집아재가,옆집 아저씨가
3422,옆에잇는아재,옆에 계신 어른
3423,옆그레이드,상황이 별로 나아지지 않음
3424,옅빠,
3425,옂빠,
3426,영화보는여자,영화를 보는 여성
3427,영포티,나이에 비해 젊게 사는 40대
3428,영포자,영어 포기자
3429,영츠하이머,젊은 나이에 겪는 건망증
3430,영재애비는,영재 아버지는
3431,영잘알,영어 잘하는 사람
3432,영미권샛기들,영미권 사람들
3433,영드,영국 드라마
3434,영끌족,커보이려고 없는 돈이나 물건을 끌어모은 사람
3435,영끌,영혼까지 끌어모으는
3436,영국인들,영국 사람들
3437,영국쓰애끼들,영국 사람들
3438,영국놈,영국 사람
3439,영국계,영국 출신의
3440,영감탱이,어르신
3441,영감탱아,어르신
3442,영감탱,어르신
3443,엿쳐무라,그만해라
3444,엿이다,이상하다
3445,엿먹으셈,그만하시죠
3446,엿먹어라,
3447,엿먹어,그만하자
3448,엿먹구뒤져라,
3449,엿머거,그만하자
3450,엿놈,사람
3451,엿같이하면,엉망으로 하면
3452,엿같이,이상하게
3453,엿같을것같은데,불편할 것 같은데
3454,엿같은,별로인
3455,엿가튼,별로인
3456,엽떡,엽기 떡볶이
3457,염창,
3458,염장질,타인이 질투를 느끼게 하는 행동
3459,염소새끼호로,
3460,염뵹,
3461,염병헐것들,말을 막 하는 사람들
3462,염병헐,짜증나
3463,염병함,쓸데없이 소란 떨음
3464,염병할욘,
3465,염병할뇬,
3466,염병할놈들아,얘들아 왜 그러니
3467,염병할년,
3468,염병할,
3469,염병하네,괜히 소란스럽네
3470,염병이야,짜증나
3471,염병을,소란을
3472,염병떤다,소란을 피운다
3473,염병떠는것도,불평하는 것도
3474,염병,아이구
3475,염별할년,
3476,염뱅할,
3477,열활,열심히 하는 활동
3478,열폭,열등감 폭발
3479,열정충,열정이 많은 사람
3480,열일하다,열심히 일하다
3481,열렙,열심히 레벨
3482,열라,매우
3483,열공,열심히 공부
3484,엳빠,
3485,연쇄살인마로,연이어 범죄를 저지르는 사람으로
3486,연빙,
3487,연븅,
3488,연병,
3489,연놈,사람들
3490,역할맥,역전할머니맥주
3491,역이용하는새끼들이있네,악용하는 사람들이 있네
3492,역사고자의,역사 지식이 부족한 사람의
3493,역사고자를,역사 지식이 부족한 사람을
3494,역관광,상황 역전
3495,역겨운새끼,매우 불쾌한 사람
3496,여혐종자들에게,여성을 싫어하는 사람들에게
3497,여혐존나하고,여성을 무시하고
3498,여혐살인하는,여성을 혐오해 범죄를 저지르는
3499,여혐민국이라구요,여성에게 편견이 있다고요
3500,여혐민국,여성을 싫어하는 나라
3501,여혐,여성혐오
3502,여편네로,아내로
3503,여친,여자친구
3504,여초,여자가 남자보다 많음
3505,여주인공과,여자 주인공과
3506,여주인공,여자 주인공
3507,여자후배,여성 후배
3508,여자한테만지랄이지,여자한테만 그러지
3509,여자아이돌만,여자 아이돌만
3510,여자로,여성으로
3511,여자래퍼들,여성 래퍼들
3512,여자놀이,여자아이들 놀이
3513,여자같이,부드럽게
3514,여인들같은,여성들 같은
3515,여엄병,
3516,여아에게,어린 여자아이에게
3517,여성히어로가,여성 히어로가
3518,여성택시기사,여성 택시 기사님
3519,여성임원들의,여성 임원들의
3520,여성임원들,여성 임원들
3521,여성임원,여성 임원
3522,여성스럽게,부드러운 느낌으로
3523,여성스러워야,부드러워야
3524,여선배들,여자 선배들
3525,여사친따위도,여자 친구도
3526,여사친,성별이 여자인 그냥 친구
3527,여병추,여기 모자란 사람 추가
3528,여미새,
3529,여물통,먹이통
3530,여리여리,섬세해 보이는
3531,여돌,여자아이돌
3532,여대생이건,여성 대학생이건
3533,여대생도,여성 대학생도
3534,여교사,여성 선생님
3535,여고생야동,
3536,여고생교복야동,
3537,여고생교복,학생 교복
3538,여고생,여자 고등학생
3539,여경죽이기에,여성 경찰관 게임에
3540,여경이,여성 경찰관이
3541,여경은,여성 경찰관은
3542,여경때는,여성 경찰관일 때는
3543,엣찌는,아직은
3544,엣지있다,멋지고 뚜렷하다
3545,엠플레버,엔플레버 게임회사
3546,엠창,
3547,엠생이라고,힘든 삶이라고
3548,엠생이다,속상한 일이야
3549,엠생은,속상한 거야
3550,엠생되는거,속상한 일이야
3551,엠생,밑바닥 인생
3552,엠병,
3553,엘베,엘리베이터
3554,엔플레버,엔플레버 게임회사
3555,엔포세대,N가지의 것들을 포기한 세대
3556,엔지족,졸업 유예하는 사람
3557,엑박,엑스박스
3558,에프엠,정석 지침
3559,에이피스튜디오,창작 스튜디오
3560,에이에스엠알,백색소음
3561,에이시벌,아이구 정말
3562,에스엔에스,소셜 네트워킹 서비스
3563,에비,부모님
3564,에바참치,어이없음
3565,에바,오바
3566,에미창,
3567,에미젓,
3568,에미뒤1진,어머니가 돌아가신
3569,에미나,부모나
3570,에미,어머니
3571,에로,성인물
3572,에듀푸어,교육비 지출 때문에 빈곤하게 사는 가구
3573,에고서핑,자신 평판 확인
3574,엉짱,매력있는 엉덩이
3575,없앤다고지랄이고,없앤다고 큰 소란을 피우고
3576,없는놈들이라고,형편이 어려운 사람들이라고
3577,없는년,없는 여성
3578,없는것들이,형편이 어려운 분들이
3579,없그레이드,상황이 전보다 더 나빠짐
3580,업글인간,자신의 성장을 추구하는 사람
3581,엄훠,어머나
3582,엄친아,엄마 친구 아들
3583,엄아주의,엄마아빠가 보는것을 주의
3584,엄빠주의,엄마아빠가 보는것을 주의
3585,엄빠,엄마 아빠
3586,엄마젓,엄마젖
3587,엄마없,
3588,엄마먹었당,엄마로 대하기로 했다
3589,엄마놈이,엄마가
3590,엄근진,엄격 근엄 진지
3591,얼폭,얼음 물폭탄
3592,얼탱이,어이가 없다
3593,얼짱,예쁜 얼굴
3594,얼죽아,얼어 죽어도 아이스 아메리카노
3595,얼빵,얼굴 못생김
3596,얼빠될,누군가를 좋아하게 될
3597,얼리어먹터,새로 나온 음식을 먼저 접하는 부류
3598,얼간이,엉뚱한 사람
3599,얹혀사는놈,함께 사는 사람
3600,언플,언론플레이
3601,언제죽냐,그만했으면 좋겠다
3602,억텐,억지로 격한 반응
3603,억빠,무조건적인 옹호
3604,억까,억지 비난
3605,어퍼웨어,허리 위에만 잘 차려 입은 옷차림
3606,어케 ,어떻게
3607,어쩔비스포크냉장고,어쩌라고 비스포크 냉장고
3608,어쩔 ,어쩌라고
3609,어중이떠중이들의,여러 사람들의
3610,어장관리,이성이 자기를 벗어나지 못하게 하는 행동
3611,어잘공,어쩌다 잘 친 공
3612,어설트,공격적인
3613,어브로드족,방학을 이용해 해외로 눈을 돌림
3614,어붓하다,대충 알아서 하다
3615,어버버시키,말을 더듬게 하기
3616,어미쑤시자,
3617,어미따먹자,
3618,어미강간,
3619,어미,어머니
3620,어머니도없는게,
3621,어린놈이,어린 사람이
3622,어린노무스퀴가,어린 친구가
3623,어린년이,어린 친구가
3624,어린것한테,어린아이에게
3625,어른이냐고시팔,어른이냐고
3626,어떤아재가,어떤 아저씨가
3627,어떤새끼는,어떤 사람은
3628,어떤놈이,어떤 사람이
3629,어떤년이,어떤 여성이
3630,어딘가꼴리는데,괜히 마음이 흔들리는데
3631,어디서미친놈이,어디서 놀란 사람이
3632,어깡,넓은 어깨
3633,얨병,
3634,양타,단독중개
3635,양아치짓을,나쁜 행동을
3636,양아치새끼들한테,나쁜 사람들한테
3637,양아치새끼들이,예의 없는 사람들이
3638,양아치새끼덜,나쁜 행동을 하는 사람들
3639,양아치새끼가,성격이 나쁜 사람이
3640,양아치사기꾼,나쁜 행동을 하는 사기꾼
3641,양아치,나쁜 행동을 하는 사람
3642,양아취,나쁜 행동을 하는 사람
3643,양반이,사람이
3644,양반들이,사람들이
3645,양반,사람
3646,양놈의,외국인의
3647,양놈새끼들아,외국인들아
3648,양놈새끼들,서양 사람들
3649,양놈들이,외국사람들이
3650,양놈들은,서양 사람들은
3651,양놈들아,외국 사람들
3652,양놈들,외국 사람들
3653,양놈,서양인
3654,양년,서양 여성
3655,양넘,
3656,얍쓰짓거리,나쁜 행동
3657,얌체같은,눈치 없는
3658,얌마 ,이봐요
3659,얄짤없다,여지없다
3660,약질하고,약을 남용하고
3661,약쟁이,약을 남용하는 사람
3662,야플,
3663,야쿠르트아줌마가,유제품 판매원이
3664,야쿠르트아줌마,유제품 판매원
3665,야짤이었으면,자극적인 그림이었으면
3666,야외플레이,
3667,야오이,
3668,야애니,어른용 만화
3669,야스,
3670,야사,
3671,야비군,예비군
3672,야민정음,모양이 비슷한 글자들끼리 서로 바꿔 쓰는 한글
3673,야마돌아,이상한 사람아
3674,야리까다,담배를 피우다
3675,야동을,영상을
3676,야동으로,영상으로
3677,야동,어른 영상
3678,야껨,성인용 게임
3679,야께임,성인용 게임
3680,야근각,야근하게 될 것 같은 조짐
3681,야곱,야채 곱창
3682,야겜,성인용 게임
3683,야게임,성인용 게임
3684,앵앵충이라,계속 말하는 사람이라
3685,앵신새끼,사람
3686,앱창,망했어
3687,앱병,망했어
3688,앱등이,애플 추종자
3689,앱뒤진새끼야,나쁜 사람아
3690,앰창,망했어
3691,앰이라고,사람이라고
3692,앰생,맨날
3693,앰빙,
3694,앰병,
3695,앰뒤련,
3696,앨범깡,앨범에 동봉된 랜덤 구성품을 확인
3697,애플힙,탄력 있는 엉덩이
3698,애좌,사람
3699,애자들,사람들
3700,애유엄브,애는 유치원에 보내고 엄마들끼리 브런치를 먹다
3701,애액,체액
3702,애숭이,어린 친구
3703,애송이들이,어린 친구들이
3704,애새키고,아이이고
3705,애새끼라도,아이일지라도
3706,애새끼들보단,아이들보다는
3707,애새끼들,아이들
3708,애새끼나,아이거나
3709,애새끼,아이
3710,애빼시,애교 빼면 시체
3711,애비한테,아버지께
3712,애비충,가족을 강조하는 사람
3713,애비의,아버지의
3714,애비없,
3715,애비얘기를,아버지 얘기를
3716,애비씨발년들이,아버지와 가족들이
3717,애비속은,아버지는
3718,애비새끼가,아버지가
3719,애비새끼,아버지
3720,애비를,아버지를
3721,애비랑,아버지랑
3722,애비라는,아버지라는
3723,애비라,아버지라
3724,애비들은,아버지들은
3725,애비들,아버지들
3726,애비뒤,
3727,애비도없는게,
3728,애비도,아버지도
3729,애비닮았구나,부모님을 닮았구나
3730,애비는,아버지는
3731,애비같아서,아버지 같아서
3732,애비가,아버지가
3733,애비6명,아버지가 여러 명
3734,애비,아버지
3735,애뷔,아버지
3736,애미좃물,
3737,애미잡년,
3738,애미자지,
3739,애미없,
3740,애미애비한테,부모님께
3741,애미애비는,부모님은
3742,애미애비,부모님
3743,애미씨뱅,
3744,애미보지,
3745,애미랄,
3746,애미라죠,어머니라죠
3747,애미뒤진새끼들,나쁜 사람들
3748,애미뒤진새끼,나쁜 사람
3749,애미뒤,
3750,애미도없는게,
3751,애미도,어머니도
3752,애미는,어머니는
3753,애미가,어머니가
3754,애미,어머니
3755,애믜,어머니
3756,애뮈,어머니
3757,애무,다정하게 만짐
3758,애린녀석들아,어린 친구들아
3759,애들은,아이들은
3760,애늙은이라고,어른스러운 아이라고
3761,애늙은이,조숙한 사람
3762,애널입4,
3763,애널,
3764,애국노,나라를 해치는 사람
3765,애교질이냐며,애교냐며
3766,애교를,귀여운 행동을
3767,앞광고,드러내고 하는 광고
3768,앗싸리,그냥
3769,앗세이,새 것
3770,암캐,암컷 개
3771,알파메일,뭐든지 잘하는 남성
3772,알파맘,자녀 교육에 적극적으로 교육방식을 제공하는 엄마
3773,알티딸이나,리트윗을 많이 하거나
3774,알투비트,알투비트 음악 레이싱 게임
3775,알잘딱깔센,알아서 잘 딱 깔끔하고 센스있게
3776,알쓰,술을 잘 마시지 못하는 사람
3777,알빠,내가 알 바냐
3778,알박기,고가로 되파는 투기 수법
3779,않은것들,않은 것들
3780,안티새끼인가,안티팬인가
3781,안치면댐,안치면 됨
3782,안주인이신,주인이신
3783,안읽씹,안 읽고 씹다
3784,안여멸,안경 쓴 여드름 난 멸치
3785,안여돼,안경 쓴 여드름 난 돼지
3786,안에사정,
3787,안습,눈물날 정도다
3788,안물안궁,안 물어보았고 안 궁금하다
3789,안맞을때가존나빡침,안 맞을 때 정말 답답함
3790,안구정화,눈이 정화 됨
3791,안구웰빙,눈요기
3792,악플러,악성 댓글 다는 사람
3793,악플,악성 댓글
3794,악마샛귀,나쁜 사람
3795,악당,나쁜 사람
3796,악녀를,나쁜 사람을
3797,악개,악성 개인 팬
3798,아헤가오,
3799,아파텔,주거용 오피스텔
3800,아크베어즈,아크베어즈 게임 개발사
3801,아카데미맘,특정장소에서 교육정보를 공유하는 엄마
3802,아첨꾼이,너무 맞장구치는 사람이
3803,아첨꾼의,지나치게 잘 보이려는 사람의
3804,아차찹쌀떡,아차차
3805,아직도뚱땡이,아직도 체격이 큰 편
3806,아줌매들이,아주머니들이
3807,아줌마한테,어른한테
3808,아줌마편한세상,아주머니 편한 세상
3809,아줌마펌,아주머니 스타일 펌
3810,아줌마처럼,어른처럼
3811,아줌마의,아주머니의
3812,아줌마여서,중년 여성이어서
3813,아줌마여,어른이에요
3814,아줌마에게,아주머니에게
3815,아줌마면,어른이면
3816,아줌마로,아주머니로
3817,아줌마란,중년 여성이란
3818,아줌마라는,중년 여성이라는
3819,아줌마라고,어른이라고
3820,아줌마라가능한선물,경험 많은 분이라 가능한 선물
3821,아줌마라,성인 여성이라
3822,아줌마땜에,아주머니 때문에
3823,아줌마때문에,어른 때문에
3824,아줌마등등,중년 여성 등
3825,아줌마들,아주머니들
3826,아줌마니,아주머니니
3827,아줌마는,아주머니는
3828,아줌마께서,아주머니께서
3829,아줌마군단들이,중년 여성분들이
3830,아줌마같아,아주머니 같아
3831,아줌마같기,어른스러워 보이기
3832,아줌마가,어른이
3833,아줌마,어른
3834,아줌,아주머니
3835,아주미일상,아주머니의 일상
3836,아존아,아 정말
3837,아존나빡대가린가,정말 이해가 안 되나
3838,아존나,아주 많이
3839,아조팔,아
3840,아저씨아줌마들은,어른들은
3841,아재한테,아저씨에게
3842,아재하나,어떤 아저씨 한 분
3843,아재취향은아니고,아저씨 취향은 아니고
3844,아재집에서,어른 집에서
3845,아재지만,아저씨지만
3846,아재입맛,아저씨 취향
3847,아재였음,어른이었음
3848,아재에서,어른에서
3849,아재아재,중년 남성
3850,아재소리,어른이라는 말
3851,아재새끼여서,아저씨여서
3852,아재새끼가,어른이
3853,아재만,어른만
3854,아재력레벨업,어른 남자스러움이 상승
3855,아재랑,어른과
3856,아재때매,아저씨 때문에
3857,아재들한테,어른들에게
3858,아재들이,아저씨들이
3859,아재들의,아저씨들의
3860,아재들아,어른들아
3861,아재들과,중년 남성들과
3862,아재들,아저씨들
3863,아재도,어른도
3864,아재놈이,아저씨가
3865,아재냄새나는데,아저씨 같은데
3866,아재냄새,아저씨 냄새
3867,아재나,아저씨나
3868,아재같은,어른 같은
3869,아재가,아저씨가
3870,아재,아저씨
3871,아자싁들아,아 사람들아
3872,아이엠그루트,할 말은 많지만 하지 않겠다
3873,아이쇼핑,사진않고 눈으로만 즐기는 일
3874,아이돌관종친구를,아이돌을 좋아해 관심받고 싶어 하는 친구를
3875,아유씨발진짜,아유 정말
3876,아우디,스코어에 O가 4개 기록된 것
3877,아씹 ,
3878,아씨팔젖같네,정말 속상하네
3879,아씨발제발좀,아 제발 좀
3880,아씨발,
3881,아씨바,
3882,아십알,알겠어요
3883,아시잘,아시아 스타일
3884,아시밣,아쉽다
3885,아시발서울애미업는년,표현이 너무 과한 서울 사람
3886,아시발꿈,나쁜 꿈
3887,아시발,아이구
3888,아시바,아이구
3889,아비들은,아버지들은
3890,아버지도없는게,
3891,아미친,아 놀라워
3892,아무말대잔치,아무 말이나 마구 내뱉음
3893,아모른직다,아직 모른다
3894,아만추,아무나 만남 추구
3895,아리랑치기,속임수
3896,아래것들이,아래 계층의 사람들이
3897,아들새끼나,아들이나
3898,아들새끼,아들
3899,아들램,아들
3900,아들둘맘,아들 둘을 둔 어머니
3901,아들놈들도,아들들도
3902,아들놈,아들
3903,아들냄,아들
3904,아동포르노,
3905,아동음란물,
3906,아동성범죄자,아이를 해친 사람
3907,아동물,
3908,아동매춘물,
3909,아동매춘,
3910,아도치기,일정 단지의 모든 상가를 통매입 하는것
3911,아덜놈도,아들도
3912,아더메치,아니꼽고 더럽고 메스껍고 치사한
3913,아닥할래,말을 잠시 멈출래
3914,아닥하고,조용히 하고
3915,아닥공,아 닥치고 공부
3916,아닥,조용히 하자
3917,아니씨발,아니 정말
3918,아니쉬바,아이구 왜 그래
3919,아니개십새기,왜 그러는 거야
3920,아는아줌마가,아는 분이
3921,아는새끼,아는 사람
3922,아는것들,아는 사람들
3923,아나바다,아껴쓰고 나눠쓰고 바꿔쓰고 다시 쓰자
3924,아기충이용,아기 관련 표현으로 사용
3925,아구통,입
3926,아구창,입 안
3927,아괄,입
3928,아갈통,입
3929,아갈인지,입인지
3930,아갈이,입
3931,아갈빡,입
3932,아갈,입
3933,아가리해,말을 아껴줘
3934,아가리엔,입에는
3935,아가리에서,입에서
3936,아가리어터,말을 과하게 하는 사람
3937,아가리애국,말만 앞서는 애국
3938,아가리를씨부려좆빡치게,막말을 해서 화가 나게
3939,아가리를,입을
3940,아가리로만,말로만
3941,아가리로,말로만
3942,아가리라도,입이라도
3943,아가리도,입도
3944,아가리닥쳐,조용히해
3945,아가리다이어터,말만 하는 사람
3946,아가리,입
3947,앂팔,
3948,앂빨,
3949,앂년,
3950,앂,
3951,씾팔,
3952,씻퐁,
3953,씻펑,
3954,씻펄,
3955,씻팡,
3956,씻팔,
3957,씻탱구리,
3958,씻뿔,
3959,씻뽈,
3960,씻뻘,
3961,씻빨,
3962,씻불,
3963,씻볼,
3964,씻벨,
3965,씻벌,
3966,씻밸,
3967,씻발,
3968,씻끼,
3969,씺,
3970,씹활,
3971,씹헐,
3972,씹할연,
3973,씹할뇬,
3974,씹할놈,
3975,씹할년,
3976,씹할넘,
3977,씹할,
3978,씹한번,정말 한번
3979,씹하다,
3980,씹하꼬,일본식 작은 규모 방송
3981,씹풀,
3982,씹펄년아,이 사람아
3983,씹펄,
3984,씹퍼년,이 사람
3985,씹팸이라서,페미니즘을 지지해서
3986,씹팔연,
3987,씹팔련,
3988,씹팔뇬,
3989,씹팔놈,
3990,씹팔년,
3991,씹팔넘,
3992,씹팔,아이구
3993,씹팅,
3994,씹퉁,
3995,씹퇭,
3996,씹텡구리,
3997,씹텡,
3998,씹털,
3999,씹탱이,
4000,씹탱아,이 사람아
4001,씹탱꾸리,
4002,씹탱굴이,
4003,씹탱구리,
4004,씹탱,
4005,씹타구,정말 아프고
4006,씹쳐,
4007,씹처,
4008,씹창인가,엉망인가
4009,씹창이노,망했어
4010,씹창롬들,망한 사람들
4011,씹창년,
4012,씹창녀,
4013,씹창내버리겠다,망치겠다고 한다
4014,씹창내놓고,엉망으로 해놓고
4015,씹창나게,망하게
4016,씹창,매우 나쁨
4017,씹찔,
4018,씹찌질한,매우 소심한
4019,씹질,
4020,씹지럴,
4021,씹지랄,
4022,씹쥘,
4023,씹주구리,
4024,씹좇,
4025,씹좆,
4026,씹젖,
4027,씹쟁이,사람
4028,씹장이,
4029,씹장생,
4030,씹자지년,
4031,씹자지,
4032,씹자식,친구
4033,씹자슥,친구
4034,씹자석,친구
4035,씹인정,정말 인정
4036,씹인싸,아주 인기 많은 사람
4037,씹이,
4038,씹을뇬,
4039,씹을놈,
4040,씹을년,사람
4041,씹을넘,
4042,씹울알,
4043,씹오반데,너무 과한데
4044,씹연,
4045,씹에,
4046,씹얼,
4047,씹어,
4048,씹알넘,
4049,씹알,
4050,씹아,
4051,씹씨키,
4052,씹쓰레기,
4053,씹쓰래기,
4054,씹쓰,
4055,씹쒜,
4056,씹쐐,
4057,씹쎈찌,
4058,씹쎄리,
4059,씹쎄끼,
4060,씹쎄꺄,정말 왜 그래
4061,씹쎄,
4062,씹쌕끼,
4063,씹쌕,
4064,씹쌔키,
4065,씹쌔리,
4066,씹쌔끼가,사람이
4067,씹쌔끼,
4068,씹쌔꺄,
4069,씹쌔기,
4070,씹쌔,
4071,씹쌍,
4072,씹시끼,
4073,씹스키,
4074,씹스래기련은,나쁘게 행동한 여성은
4075,씹스,
4076,씹쉑히,
4077,씹쉑,
4078,씹쉐키,
4079,씹쉐리,
4080,씹쉐,친구
4081,씹숑,
4082,씹쇄,
4083,씹소리한,엉터리 말한
4084,씹소리,엉터리 말
4085,씹셋나루,
4086,씹센비들을,예민한 사람들을
4087,씹섹,
4088,씹세리,사람
4089,씹세끼,
4090,씹세,
4091,씹선비였는지,지나치게 조심스러웠는지
4092,씹선비,선비
4093,씹생알,
4094,씹생년,
4095,씹생,
4096,씹샛길,
4097,씹색히,
4098,씹색끼,
4099,씹색꺄,
4100,씹색기,
4101,씹색,
4102,씹새키,
4103,씹새캬,
4104,씹새야,나쁜 사람아
4105,씹새리,
4106,씹새들이,사람들이
4107,씹새들아,여러분
4108,씹새끼야,나쁜 사람아
4109,씹새끼를,무례한 사람을
4110,씹새끼들이지,무례한 사람들이지
4111,씹새끼들이,무례한 사람들이
4112,씹새끼들을,나쁜 행동을 하는 사람들을
4113,씹새끼들아,얘들아
4114,씹새끼들,나쁜 사람들
4115,씹새끼다,무례한 사람이다
4116,씹새끼가,사람이
4117,씹새끼,사람
4118,씹새꺄,
4119,씹새기들아,얘들아
4120,씹새기,
4121,씹새가,나쁜 사람이
4122,씹새,
4123,씹사꾸,
4124,씹쁠,
4125,씹뿔,
4126,씹뽕,
4127,씹뽀지,
4128,씹뻘,
4129,씹빵구,
4130,씹빨놈,
4131,씹빨넘,
4132,씹빨,
4133,씹빡,
4134,씹빠빠,
4135,씹빠,
4136,씹블,
4137,씹브랄,
4138,씹부랄,
4139,씹볼뇬,
4140,씹보지년,
4141,씹보지,
4142,씹벌,
4143,씹버지,아버지
4144,씹뱅쉰들인데,무례한 사람들인데
4145,씹밸,
4146,씹발놈,
4147,씹발년,
4148,씹발,
4149,씹미랄,
4150,씹물,
4151,씹만한,자그마한
4152,씹뜨다,실수하다
4153,씹떼끼,
4154,씹떼,
4155,씹땡그리,
4156,씹땡구리,
4157,씹땡,
4158,씹때끼,
4159,씹때꺄,
4160,씹때,
4161,씹딱꿍,
4162,씹딱꾸리,
4163,씹딱구리,
4164,씹딱,조용히 해줘
4165,씹덕후,특정 분야에 매우 빠진 사람
4166,씹덕질하러가노,덕후활동을 하러 가니
4167,씹덕질을,열성적인 팬 활동을
4168,씹덕새끼들,덕질하는 사람들
4169,씹덕상,덕후들 취향의 모습
4170,씹덕미가터짐,너무 귀여움
4171,씹덕모음집이라,관련 자료 모음이라
4172,씹덕들은,덕후들은
4173,씹덕겜,덕후들이 할 만한 게임
4174,씹덕,귀여움 좋아하는 사람
4175,씹더기,쓰레기
4176,씹닥,조용히 해줘
4177,씹다,먹다
4178,씹뇸,
4179,씹뇬,
4180,씹놈,
4181,씹노답,답이 없음
4182,씹념이,사람이
4183,씹년운영자,능력없는 운영자
4184,씹년양아치,여자
4185,씹년,사람
4186,씹녀,
4187,씹넘,
4188,씹꼰대,고집센 어른
4189,씹까,
4190,씹구멍,
4191,씹개,
4192,씹같은,정말 싫은
4193,씹같,
4194,씹갓길,
4195,씹가튼,
4196,씹가능,쉽게 가능
4197,씹8,정말
4198,씸새끼,
4199,씸뇬,
4200,씸년,
4201,씳알,
4202,씳발,
4203,씳박,
4204,씰알,
4205,씨활,
4206,씨할,
4207,씨필,
4208,씨플,
4209,씨풍,
4210,씨풀,
4211,씨퐝,
4212,씨퐈,
4213,씨퐁자지,
4214,씨퐁보지,
4215,씨퐁뇬,
4216,씨퐁넘,
4217,씨퐁,
4218,씨폴,
4219,씨펑,
4220,씨펄운영자,능력없는 운영자
4221,씨펄놈,
4222,씨펄년,
4223,씨펄,이런
4224,씨퍌,
4225,씨팡,
4226,씨팞,
4227,씨팝,
4228,씨팗,
4229,씨팕,
4230,씨팔허접,
4231,씨팔뇸,
4232,씨팔뇬,
4233,씨팔놈아,사람아
4234,씨팔놈,
4235,씨팔년,
4236,씨팔넘,
4237,씨팔,이런
4238,씨팏,
4239,씨팍세끼,
4240,씨팍새끼,
4241,씨팍새꺄,
4242,씨팍늠,
4243,씨팍놈,
4244,씨팍년,
4245,씨팍,
4246,씨파야,
4247,씨파알,
4248,씨파늠,
4249,씨파넘,나쁜 사람
4250,씨파 ,
4251,씨텡,
4252,씨탱구리,
4253,씨탱,
4254,씨키,
4255,씨창,
4256,씨입할,
4257,씨입팔,
4258,씨입쉐,친구
4259,씨입뇬,
4260,씨입년,
4261,씨이풀,
4262,씨이펄,
4263,씨이팔,
4264,씨이이팔,
4265,씨이빨,
4266,씨이빡,
4267,씨이블,
4268,씨이붕,
4269,씨이불,
4270,씨이벌,
4271,씨이뱅,
4272,씨이밸,
4273,씨이방,
4274,씨이발,
4275,씨이바,
4276,씨이댕,
4277,씨엑스,
4278,씨양눔,
4279,씨양놈,
4280,씨양념,
4281,씨양년,사람
4282,씨양넘,
4283,씨양,그만해
4284,씨앙눔,
4285,씨앙놈,
4286,씨앙년,사람
4287,씨앙넘,
4288,씨앙,
4289,씨씨,같은 대학교서 맺어진 커플
4290,씨섹끼,친구
4291,씨새발끼들,사람들
4292,씨삐라,
4293,씨쁠,
4294,씨뿔,
4295,씨뽥,
4296,씨뽤,
4297,씨뽈,
4298,씨뽀랄,
4299,씨뻥,
4300,씨뻘 ,
4301,씨뺠,
4302,씨뺄뇬아,나쁜 사람아
4303,씨빳다,
4304,씨빯,
4305,씨빨넘,
4306,씨빨,
4307,씨빡,
4308,씨빠,
4309,씨비바라랄,
4310,씨비랄,
4311,씨븡새끼,친구
4312,씨븡,
4313,씨블년,나쁜 여자
4314,씨블넘,
4315,씨블,
4316,씨브알,
4317,씨브룰,
4318,씨브럴,
4319,씨브랄,
4320,씨브,
4321,씨븅,
4322,씨뷩,
4323,씨뷀,
4324,씨붤,
4325,씨붕,
4326,씨불헐,
4327,씨불할,
4328,씨불얼,
4329,씨불알,
4330,씨불뇬,
4331,씨불놈,
4332,씨불년,
4333,씨불넘,
4334,씨불거리는거,말을 함부로 하는 것
4335,씨불,
4336,씨부얼,
4337,씨부릴,막 말할
4338,씨부린다,함부로 말한다
4339,씨부리자,말해보자
4340,씨부리면서,막 말하면서
4341,씨부리다가,말하다가
4342,씨부리는지,왜 말하는지
4343,씨부리는,말하는
4344,씨부리네요,말을 많이 하네요
4345,씨부리네,말을 많이 하네
4346,씨부리고,말을 많이 하고
4347,씨부리,말을 많이
4348,씨부롤,
4349,씨부려놓고,말만 해놓고
4350,씨부렝,
4351,씨부렁,
4352,씨부럴잡놈,사람
4353,씨부럴개잡놈,사람
4354,씨부럴,
4355,씨부랭,그만해
4356,씨부랠,
4357,씨부랄,
4358,씨부댕,
4359,씨뵐,
4360,씨봪,
4361,씨봣넘,
4362,씨봟,
4363,씨봙,
4364,씨봘,
4365,씨봉알,
4366,씨봉쉐,
4367,씨봉년,
4368,씨봉,
4369,씨볼놈,
4370,씨볼년,
4371,씨볼,
4372,씨보지,
4373,씨벵이,친구
4374,씨벵,
4375,씨벨세끼,친구
4376,씨벨년,
4377,씨벨,
4378,씨벧,
4379,씨베렐,
4380,씨베랄,
4381,씨벙,
4382,씨벌쉐이,나쁜 친구
4383,씨벌년,나쁜 사람
4384,씨벌넘,
4385,씨벌,
4386,씨버럴,
4387,씨버,
4388,씨뱔,
4389,씨뱅이,친구
4390,씨뱅딱,
4391,씨뱅놈,
4392,씨뱅가리,친구
4393,씨뱅,
4394,씨밸래미,
4395,씨밸놈,
4396,씨밸년,
4397,씨밸넘,
4398,씨밸,
4399,씨배랄,
4400,씨배,
4401,씨밯놈의,사람의
4402,씨밯,
4403,씨밮,
4404,씨방아,
4405,씨방쉐,친구
4406,씨방세,친구
4407,씨방새,친구
4408,씨밦,
4409,씨밥바,
4410,씨밤년,
4411,씨밣,
4412,씨밠백인놈들아,백인 여러분
4413,씨밠,
4414,씨밟,
4415,씨밝,
4416,씨발진짜,아 정말
4417,씨발존나이기적이고,아주 이기적이고
4418,씨발잡놈,사람
4419,씨발이게,이게
4420,씨발아,왜 그러니
4421,씨발씨발,
4422,씨발샊아,아이구 왜 그래
4423,씨발색기,친구
4424,씨발색,
4425,씨발새끼야,이 사람아
4426,씨발새끼들아,여러분
4427,씨발새끼들,나쁜 사람들
4428,씨발새끼가,심하게 말하는 사람이
4429,씨발새끼,정말 심한 표현
4430,씨발병신,
4431,씨발배부른새끼들,여유 있는 사람들
4432,씨발롬들아,이 사람들아
4433,씨발롬,나쁜 사람
4434,씨발로미,아이구 왜 그래
4435,씨발련,왜 그러니
4436,씨발럼들아,여러분
4437,씨발라먹을,나쁜
4438,씨발라마,
4439,씨발느개비새끼가,나쁜 사람이
4440,씨발뇸,
4441,씨발뇬,
4442,씨발놈이,나쁜 사람이
4443,씨발놈의새끼,친구
4444,씨발놈어,무례한 말투야
4445,씨발놈들,사람들
4446,씨발놈,왜 그래
4447,씨발년들아,이 사람들아
4448,씨발년,나쁜 여자
4449,씨발넘,
4450,씨발꼴페미탈코미친년또왔노,사람
4451,씨발것들,무례한 사람들
4452,씨발거,
4453,씨발개잡놈,사람
4454,씨발개새끼,
4455,씨발,
4456,씨박새,
4457,씨박,아이구
4458,씨바알,
4459,씨바새끼,친구
4460,씨바랄,
4461,씨바라,
4462,씨바,이런
4463,씨랼,
4464,씨랄,
4465,씨뗑,
4466,씨땡,
4467,씨뎅,
4468,씨댕이,
4469,씨댕년,
4470,씨댕,
4471,씨달,
4472,씨다바리,도와주는 사람
4473,씨끼,그 사람
4474,씨가랭뇬,
4475,씨가랭놈,예의가 없는 사람
4476,씨가랭년,예의가 없는 사람
4477,씨가랭넘,예의가 없는 사람
4478,씨가랭,
4479,씨ㅣ발,
4480,씨ㅡ발,
4481,씨ㅏㄹ,
4482,씨ㅍㅏ,
4483,씨ㅂ,
4484,씨X,정말
4485,씨8,정말
4486,씨28,
4487,씨1팔,
4488,씨1발,
4489,씨12발,
4490,씨123발,아이구
4491,씦알,
4492,씞,
4493,씝할,
4494,씝팔,
4495,씝탱구리,
4496,씝탱,
4497,씝창,
4498,씝질,
4499,씝알쉑들,사람들
4500,씝알늠,
4501,씝알놈,
4502,씝알,
4503,씝쎄,
4504,씝쌔,
4505,씝세,
4506,씝년,
4507,씝,
4508,씜쒜이,
4509,씌퐝,
4510,씌퐐,
4511,씌퐈,
4512,씌퐁,
4513,씌펄,
4514,씌팡,
4515,씌팕,
4516,씌팔,
4517,씌팏,
4518,씌팍,
4519,씌파,
4520,씌양,
4521,씌앙,
4522,씌알,
4523,씌뻘,
4524,씌빨,
4525,씌빌,
4526,씌블,
4527,씌불,
4528,씌뵹,
4529,씌봘,
4530,씌봉,
4531,씌벵,
4532,씌벨,
4533,씌벙,
4534,씌벌새기,
4535,씌벌련,
4536,씌벌,
4537,씌뱌,
4538,씌뱅,
4539,씌밸넘,
4540,씌밸,
4541,씌배,
4542,씌방,
4543,씌밝,
4544,씌발쇄,
4545,씌발넘,
4546,씌발,
4547,씌박,
4548,씌바라,이런
4549,씌바,
4550,씌뎅,
4551,씌델,
4552,씌댕,
4553,씌댈,
4554,씌8,
4555,씌28,
4556,씁헐,
4557,씁탱,
4558,씁창,
4559,씁얼,
4560,씁아,
4561,씁쒜,
4562,씁쎅,
4563,씁쎄야,이 친구야
4564,씁쎄,
4565,씁쌕,
4566,씁쌔,
4567,씁쉐,
4568,씁세,
4569,씁색,
4570,씁새끼,
4571,씁새,
4572,씁벌,
4573,쓸쓸비용,쓸쓸함을 달래기 위한 지출비용
4574,쓸만한 사람,능력있는 사람
4575,쓸놈,능력있는 사람
4576,쓸고퀄,쓸데없이 높은 품질
4577,쓱을,
4578,쓰퐈,
4579,쓰펄,
4580,쓰팡,
4581,쓰팔뇬,
4582,쓰팔놈,
4583,쓰팔년,
4584,쓰팔넘,
4585,쓰팔,
4586,쓰파,
4587,쓰으펄,
4588,쓰으팔,
4589,쓰으블,
4590,쓰으벌,
4591,쓰으발,
4592,쓰알,
4593,쓰뻘,
4594,쓰빨,
4595,쓰빌,
4596,쓰븡,
4597,쓰블,
4598,쓰브럴,
4599,쓰브랄쉽세,
4600,쓰브랄,
4601,쓰뷀,
4602,쓰붕쉐,
4603,쓰붕,
4604,쓰불,
4605,쓰부럴,
4606,쓰부랄,
4607,쓰봉쉐,
4608,쓰봉,
4609,쓰벵,
4610,쓰벨,
4611,쓰벌놈들은,사람
4612,쓰벌넘이,사람이
4613,쓰벌넘들아,나쁜 사람들아
4614,쓰벌넘들,나쁜 사람들
4615,쓰벌,
4616,쓰버럴,
4617,쓰밸,
4618,쓰방쉐,
4619,쓰방,
4620,쓰발,
4621,쓰박,
4622,쓰바할,
4623,쓰바새끼,
4624,쓰바,
4625,쓰리썸이,세 명이
4626,쓰뤠기국개보유당아,나쁜 정당
4627,쓰렉년,
4628,쓰렉,
4629,쓰레기짓을,나쁜 행동을
4630,쓰레기집단으로,문제가 많은 집단으로
4631,쓰레기지시발,너무 실망스럽지
4632,쓰레기입니다,쓰레기인데
4633,쓰레기인데,정말 나쁜 행동인데
4634,쓰레기야,너무 심했어
4635,쓰레기새끼긴,정말 나쁜 사람이긴
4636,쓰레기된거같아서,매우 부족해진 것 같아서
4637,쓰레기다,정말 나쁘다
4638,쓰레기냐,형편없니
4639,쓰레기같은,좋지 않은
4640,쓰레기가,너무한 사람이
4641,쓰뎅,
4642,쓰델,
4643,쓰댕,
4644,쓰는놈,쓰는 사람
4645,쓰글늠,
4646,쓰글놈,
4647,쓰글년,
4648,쓰글넘,
4649,쓔발,
4650,쓋파라,그만해
4651,쓋,
4652,쓉팔뇬,
4653,쓉팔놈,
4654,쓉팔년,
4655,쓉팔넘,
4656,쓉탱,
4657,쓉창,
4658,쓉질,
4659,쓉쒜,
4660,쓉쎄끼,
4661,쓉쎄,
4662,쓉쌔끼,
4663,쓉쌔,
4664,쓉새기,
4665,쓉새,
4666,쓉년,
4667,쓉 ,
4668,쒸풀,
4669,쒸퐐놈,
4670,쒸퐐넘,
4671,쒸퐉,
4672,쒸펄,
4673,쒸팡색끼,
4674,쒸팡색기,
4675,쒸팡,
4676,쒸팔뇬,
4677,쒸팔놈,
4678,쒸팔년,
4679,쒸팔넘,
4680,쒸팔,
4681,쒸팍,
4682,쒸파,
4683,쒸키,
4684,쒸입새,
4685,쒸이풀,
4686,쒸이펄,
4687,쒸이팔,
4688,쒸이빨,
4689,쒸이붕,
4690,쒸이불,
4691,쒸이벌,
4692,쒸이방,
4693,쒸이발,
4694,쒸이,
4695,쒸양,
4696,쒸앙,
4697,쒸알,
4698,쒸쌔,무례한 사람
4699,쒸뻘,
4700,쒸빵세이,예의없는 사람
4701,쒸빨넘,예의없는 사람
4702,쒸빨,
4703,쒸블,
4704,쒸뷰럴,
4705,쒸뷰랄,
4706,쒸붕,
4707,쒸불,
4708,쒸부럴,
4709,쒸부랄,
4710,쒸봘,
4711,쒸벨,
4712,쒸벌,
4713,쒸버,
4714,쒸밸넘아,이 사람아
4715,쒸배,
4716,쒸밮,
4717,쒸방쉐,
4718,쒸방새,
4719,쒸방,
4720,쒸발롬이,
4721,쒸발,
4722,쒸박,
4723,쒸바라,그만
4724,쒸바,이런
4725,쒸뎅,
4726,쒸댕,
4727,쒸뀌,예의없는 사람
4728,쒸,쉬
4729,쒭새,무례한 사람
4730,쒭사꾸,
4731,쒭가튼,불쾌한
4732,쒝캬,무례한 사람아
4733,쒝쓰,
4734,쒝쑤,
4735,쒝스,
4736,쒝수,
4737,쒝끼,무례한 사람
4738,쒜키,무례한 사람
4739,쒜이야,사람이야
4740,쒜리,친구
4741,쒜뒈가리,머리
4742,쒜끼,아이
4743,쒜끠,무례한 사람
4744,쒜뀌,무례한 사람
4745,쑵새,
4746,쑵년,
4747,쑤펄,
4748,쑤팡,
4749,쑤팔,
4750,쑤우시자,
4751,쑤셔박는꼴,넣는 모습
4752,쑤셔,건드려
4753,쑤벌,
4754,쑤발,
4755,쑤댕,
4756,쑤ㅣ벵아,
4757,쑈우망가,
4758,쐬끼,예의없는 사람
4759,쐑캬,무례한 사람
4760,쐑쓰,
4761,쐑쑤,
4762,쐑스,
4763,쐑수,
4764,쐑들,
4765,쐑꺄,
4766,쐑갸,
4767,쐐이,불쾌
4768,쐐데갈,머리
4769,쐐데가리,머리
4770,쐐대구빡,머리
4771,쐐대갈,머리
4772,쐐대가리,머리
4773,쐐끼,아이
4774,쐐뀌,
4775,쐉뇬,여자
4776,쐉년,여자
4777,쐉넘,
4778,쏘야,소시지 야채 볶음
4779,쏐,셨
4780,쎾씌해서,멋있어서
4781,쎾,섞
4782,쎽스,
4783,쎼끼,버릇없는 사람
4784,쎼ㄲㅣ,예의없는 사람
4785,쎆스,
4786,쎆끼,무례한 사람
4787,쎆,썩
4788,쎅히,
4789,쎅이,
4790,쎅쓰예쓰,
4791,쎅쓰,
4792,쎅쑤,
4793,쎅스,
4794,쎅수,
4795,쎅기,아이
4796,쎅,썩
4797,쎄키,예의없는 친구
4798,쎄퀴,예의없는 친구
4799,쎄엑스,
4800,쎄엑,
4801,쎄리,친구
4802,쎄럽,조용히해
4803,쎄끼,아이
4804,쎄끈,따뜻한 느낌
4805,쎄꺄,아이
4806,쎄기,아이
4807,썸,사귀진 않지만 미묘한 관계
4808,썩을시키,무례한 친구
4809,썩을시끼,버릇없는 친구
4810,썩을늠,
4811,썩을눔,
4812,썩을뇬,
4813,썩을뇨나,
4814,썩을놈,정말 나쁜 사람
4815,썩을노마,
4816,썩을년,
4817,썩을넘,
4818,썩을,참 속상하네
4819,썩은물,썩은 물
4820,썩스,
4821,썩소,썩은 미소
4822,썩글년,
4823,써억을,사람을
4824,써벌,
4825,써버럴,
4826,써발넘,
4827,써글시키,
4828,써글세끼,
4829,써글늠,
4830,써글눔,
4831,써글뇬,
4832,써글뇨나,
4833,써글놈,못된 사람
4834,써글노무,
4835,써글년,나쁜 사람
4836,써글넘,
4837,써글,
4838,썡쇼,과한 연기
4839,썎끼,
4840,썌키,
4841,썌끼,
4842,썌꺄,
4843,썅팔년,
4844,썅연,사람
4845,썅앙년,사람
4846,썅악연,사람
4847,썅악여,여자
4848,썅악년,사람
4849,썅악,
4850,썅썅바,쌍쌍바
4851,썅늠,나쁜 사람
4852,썅눔,
4853,썅뇬?,사람
4854,썅뇬,나쁜 사람
4855,썅놈이라는거랑,나쁘다고 하는 거랑
4856,썅놈,나쁜 사람
4857,썅년이란,나쁜 여자란
4858,썅년이,나쁜 여자가
4859,썅년때문에3시까지,어떤 사람 때문에 3시까지
4860,썅년,사람
4861,썅녀,
4862,썅넘,
4863,썅넌,사람
4864,썅,아이구
4865,썁쌔리,
4866,썁식,
4867,썁슥,
4868,쌴년,
4869,쌰앙늠,
4870,쌰앙뉸,사람
4871,쌰앙눔,
4872,쌰앙뇬,사람
4873,쌰앙놈,
4874,쌰앙년,사람
4875,쌰앙녀,여자
4876,쌰앙넘,
4877,쌰앙,
4878,쌰발라마,
4879,쌰발놈,
4880,쌰발년,
4881,쌰발넘,
4882,쌰발,
4883,쌰럽,조용히해
4884,쌰다마우쓰,조용히 이야기하자
4885,쌰꺄,
4886,쌬끼,무례한 사람
4887,쌩얼,화장하지 않은 맨얼굴
4888,쌩아,
4889,쌩쑈,과장된 행동
4890,쌩쇼,과장된 행동
4891,쌩보지,
4892,쌤,선생님
4893,쌖,색
4894,쌕히,
4895,쌕캬,
4896,쌕쓰,
4897,쌕쑤,
4898,쌕스,
4899,쌕쉬,
4900,쌕수,
4901,쌕년,사람
4902,쌕끼,
4903,쌕꺄,
4904,쌕기,
4905,쌕걸,
4906,쌕갸,
4907,쌔키,아이
4908,쌔퀴,
4909,쌔캬,
4910,쌔비다,훔치다
4911,쌔밸년,
4912,쌔리,
4913,쌔낑,
4914,쌔끼,아이
4915,쌔뀌,
4916,쌔꺄,아이
4917,쌔까,
4918,쌔기,아이
4919,쌍통,엉뚱한 행동
4920,쌍테,쌍커풀 테이프
4921,쌍욕할뻔,심한 말을 할 뻔
4922,쌍욕커플의,심하게 싸우는 커플의
4923,쌍욕이,심한 말이
4924,쌍욕을했음,심한 욕을 했음
4925,쌍욕을,심한 말을
4926,쌍욕봐주셔서,심한 말을 들어주셔서
4927,쌍욕,심한 욕
4928,쌍연?,사람
4929,쌍액,쌍커풀액
4930,쌍악연,
4931,쌍쌍보지,
4932,쌍부랄,
4933,쌍보지,
4934,쌍도녀의,까칠한 여자의
4935,쌍도남자의,남자의
4936,쌍도남으로,양다리 남자로
4937,쌍도남,무례한 남자
4938,쌍대,담배 한 갑 중 달랑 남은 두 개피
4939,쌍늠,사람
4940,쌍뉸,사람
4941,쌍눔,나쁜 사람
4942,쌍뇽,사람
4943,쌍뇸,
4944,쌍뇬,사람
4945,쌍뇨나,
4946,쌍놈이,버릇없는 사람
4947,쌍놈,친구
4948,쌍노무운영자,
4949,쌍노무,
4950,쌍년,사람
4951,쌍녀언,
4952,쌍넘,사람
4953,쌍넌,사람
4954,쌍너엄,
4955,쌉파서블,매우 가능하다
4956,쌉지랄은,과한 행동은
4957,쌉인싸,매우 인사이더인
4958,쌉쌕뀌,아이
4959,쌉노맛,맛없음
4960,쌉년,
4961,쌉그지라,정말 어려워서
4962,쌉가능,매우 가능
4963,쌀놈아,사람아
4964,싼마이집이,싼 가게가
4965,싼마이,싼 가게
4966,싹아지,예의 없음
4967,싹박아지,버릇이 없는 행동
4968,싹바가지,버릇이 없는 행동
4969,싹년,사람
4970,싸패아님,공감 능력이 부족한 사람이 아님
4971,싸패,공감이 부족한 사람
4972,싸튀충의,책임을 회피하는 사람의
4973,싸튀충남들,책임 안 지는 남자들
4974,싸카즘,풍자
4975,싸카씨,
4976,싸카시,
4977,싸지방,사이버 지식 정보방
4978,싸줄게,
4979,싸죠,
4980,싸제,군용품이 아닌 외부용품
4981,싸이코패스놈집에,사람 집에
4982,싸이코패스년이,이상한 여성이
4983,싸이코패스같은,이상한
4984,싸이코패스가,공감 능력이 부족한 사람이
4985,싸이코패스,이상한 사람
4986,싸이코,이상한 사람
4987,싸이버접수센터,싸이버수사 접수센터
4988,싸이버신고센터,싸이버수사 신고센터
4989,싸이버수사대원,싸이버수사 조사 담당자
4990,싸워싸워아레나,대결 놀이터
4991,싸워싸워,경쟁 놀이
4992,싸움질하는,싸우는
4993,싸앙늠,
4994,싸앙뉸,사람
4995,싸앙눔,
4996,싸앙뇽,
4997,싸앙놈,
4998,싸앙년,사람
4999,싸앙넘,
5000,싸벌,
5001,싸뱔,
5002,싸발년,
5003,싸발,정말
5004,싸바라마,
5005,싸다귀,뺨
5006,싸다구를,뺨을
5007,싸늠,사람
5008,싸뇬,사람
5009,싸놈,사람
5010,싸년,사람
5011,싸넘,사람
5012,싸까찌,
5013,싸까지,
5014,싸까씨,
5015,싸까시,
5016,싸까쉬,
5017,싸근늼,
5018,싸고시포,
5019,싸게해줄게,
5020,싸가지없는놈,버릇없는 사람
5021,싸가지,예의 없음
5022,싷바하,아이구나
5023,싶활,
5024,싶헐,
5025,싶할,
5026,싶펄,
5027,싶팔,
5028,싶팍,
5029,싶창,
5030,싶질,
5031,싶알,
5032,싶쎄,
5033,싶쌔,
5034,싶쉐,
5035,싶세,친구
5036,싶새,아이
5037,싶뻘,
5038,싶빨,
5039,싶빡,
5040,싶벌,
5041,싶발,
5042,싶8,
5043,싵팔,
5044,싴팔,
5045,싲팔,
5046,싱발,
5047,싱글족,아들내미
5048,싰벌,
5049,싰발,
5050,싯퐐,
5051,싯팟,
5052,싯팔뇬,
5053,싯팔,
5054,싯팍,
5055,싯파,
5056,싯뻘,
5057,싯빨,
5058,싯볼,
5059,싯벌,
5060,싯발,
5061,싯끼,버릇없는 사람
5062,십헐,
5063,십할련,
5064,십할뇬,
5065,십할놈,
5066,십할년,
5067,십할넘,
5068,십할,
5069,십하,
5070,십펄,
5071,십팡넘아,친구야
5072,십팔연,
5073,십팔새끼,
5074,십팔련,
5075,십팔놈,
5076,십팔년,
5077,십팔,
5078,십팍,
5079,십파,
5080,십퉁,
5081,십텡구리,문제행동
5082,십텡,
5083,십탱이,버릇없음
5084,십탱아,무례한 사람아
5085,십탱꾸리,
5086,십탱굴이,
5087,십탱구리,
5088,십탱,
5089,십챵,
5090,십창인데,정말 엉망인데
5091,십창년,
5092,십창녀,성적으로 모욕하는 욕
5093,십창,
5094,십질,
5095,십지럴,헛말
5096,십지랄함,이상한 행동함
5097,십지랄,
5098,십좌지,
5099,십좃,
5100,십쟁이,사람
5101,십장이,사람
5102,십자식,무례한 사람
5103,십자슥,친구
5104,십자석,사람
5105,십을년,사람
5106,십우랄년아,여자야
5107,십우랄년,
5108,십왈색기들,나쁜 사람들
5109,십왈,
5110,십알놈,
5111,십알넘,
5112,십앋,
5113,십씨키,버릇없는 사람
5114,십쎼,
5115,십쎅,
5116,십쎄끼,무례한 사람
5117,십쎄,
5118,십쌕,
5119,십쌔키,버릇없는 사람
5120,십쌔끼,
5121,십쌔꺄,버릇없는 사람아
5122,십쌔,
5123,십시퀴,무례한 사람
5124,십시끼,예의없는 사람
5125,십스키,
5126,십쉑히,버릇없는 사람
5127,십쉑,
5128,십쉐이,
5129,십쉐리,
5130,십쉐,
5131,십숑키,
5132,십쇼키,
5133,십쇡기,
5134,십쇄리,
5135,십셰리,친구
5136,십세이,상대를 심하게 무시하는 욕
5137,십세,
5138,십섀,
5139,십샹,
5140,십샛기들,사람들
5141,십색끼,
5142,십색꺄,
5143,십색,
5144,십새키,무례한 사람
5145,십새캬,무례한 사람아
5146,십새야,얘야
5147,십새리,친구
5148,십새끼들아,친구들아
5149,십새끼들,문제 있는 사람들
5150,십새끼,
5151,십새꺄,무례한 사람아
5152,십새까,무례한 사람
5153,십새,
5154,십사꾸,무례한 사람
5155,십쁠,
5156,십뿔,
5157,십뽈,
5158,십뻘,
5159,십빨,
5160,십빡,
5161,십블,
5162,십불,
5163,십부럴,
5164,십부랄,
5165,십볼,
5166,십벌,
5167,십버지,
5168,십밸,
5169,십발쌔꺄,무례한 사람아
5170,십발새끼,무례한 사람
5171,십발,
5172,십물,
5173,십라,
5174,십떼키,
5175,십떼끼,아이
5176,십땡글이,엉뚱한 친구
5177,십땡그리,엉뚱한 친구
5178,십땡구리,엉뚱한 친구
5179,십땡,
5180,십때키,무례한 사람
5181,십때끼,
5182,십때꺄,무례한 사람아
5183,십딱,
5184,십데꺄,친구야
5185,십뇬,무례한 사람
5186,십놈,버릇없는 사람
5187,십년,십 년
5188,십녀,친구
5189,십넘,무례한 사람
5190,십나,정말
5191,십가튼,
5192,십8섹,
5193,십8색,
5194,십8,정말
5195,심탱,버릇없는 행동
5196,심쿵,심장이 쿵했다
5197,심발끈,신발끈
5198,심멎,심장이 멎다
5199,심년아,이 친구야
5200,심년,무례한 사람
5201,심각한찐따인데,많이 서투른데
5202,싫팛늠,무례한 사람
5203,싫테,싫어요 테러
5204,싫존주의,싫어하는 것도 존중해 달라는 주의
5205,싫엇던놈,싫었던 사람
5206,싫어증,일에 지쳐 말을 안 하는 증상
5207,싫다,마음에 들지 않는다
5208,싥팕,
5209,실황충,방송하는 사람
5210,실프,가볍게 비하하거나 놀리는 말
5211,실친,실제 친구
5212,실좆민국,문제가 많은 사회
5213,실밸,
5214,실바시발놈,무례한 사람
5215,실매,실시간 매니저
5216,신행,신혼여행
5217,신컨,신의 경지같은 컨트롤
5218,신체훼손장면,신체가 다치는 장면
5219,신지애비만,네 아버지만
5220,신조차,출고된 이후 한 번도 주인이 바뀐 적 없는 1인 소유의 차
5221,신인주제에,신인이면서도
5222,신음소리,소리
5223,신시아,신세계 시흥 아울렛
5224,신발색깔,신발 색깔
5225,신발련,무례한 사람
5226,신발놈,거친 사람
5227,신발년,예의 없는 사람
5228,신발너마,무례한 사람
5229,신박하다,새롭고 놀랍다
5230,신랑구,남편
5231,신꾸,신발 꾸미기
5232,신기방기,신기하다
5233,식후땡,식후 피우는 담배
5234,식펄년이,여자가
5235,식펄년,무례한 사람
5236,식팔,
5237,식팍,
5238,식테크,식물을 잘 키워 비싸게 되파는 투자 활동
5239,식키,무례한 사람
5240,식집사,식물을 기르는 사람
5241,식스포켓,부모 친조부모 외조부모가 금전적으로 뒷바라지하는 일
5242,식스팩을,복근을
5243,식세기,식기 세척기
5244,시풀놈,무례한 사람
5245,시풀,
5246,시푈,
5247,시퐐년,무례한 사람
5248,시퐐,
5249,시퐉,
5250,시퐈,
5251,시퐁,
5252,시펑,
5253,시펄놈,버릇없는 사람
5254,시펄년,버릇없는 사람
5255,시펄,
5256,시팰,
5257,시팤,
5258,시팡,
5259,시팗,
5260,시팕,
5261,시팔운영자,능력이 모자란 운영자
5262,시팔새끼,욕설을 반복해 모욕하는 말
5263,시팔놈운영자,능력이 모자란 운영자
5264,시팔놈,저 사람
5265,시팔노마,예의 없는 사람아
5266,시팔년,나쁜 여자
5267,시팔넘,나쁜 남자
5268,시팔,
5269,시팏,어휴
5270,시팍새끼,
5271,시팍년,버릇없는 사람
5272,시팍,
5273,시파쌔,어휴
5274,시파새,어휴
5275,시파늠,어휴
5276,시파,
5277,시탈놈,사람
5278,시키들아,친구들아
5279,시키들과는,사람들과는
5280,시키들,사람들
5281,시키가,사람이
5282,시커먼스,어두운 색의
5283,시커먼놈,피부가 어두운 사람
5284,시집못가면,결혼하지 않으면
5285,시입팔,
5286,시이풀,
5287,시이펄,
5288,시이팔,
5289,시이팍,어휴
5290,시이빡,어휴
5291,시이붕,
5292,시이불,
5293,시이부,어휴
5294,시이벌,
5295,시이밸,어휴
5296,시이방,어휴
5297,시이발,
5298,시이바,어휴
5299,시이8,어휴
5300,시월드,시집살이
5301,시옷비옵,
5302,시어머니에,시어머니께
5303,시양눔,다툼 유발하는 사람
5304,시양놈,버릇없는 사람
5305,시양년,사람
5306,시양넘,문제있는 사람
5307,시앙눔,예의없는 사람
5308,시앙놈,무례한 사람
5309,시앙년,사람
5310,시앙넘,못된 사람
5311,시아비,시아버님
5312,시아눔,
5313,시쎄이,
5314,시뿔,
5315,시뻥,
5316,시뺠,
5317,시빼테,시럽 빼고 테이크아웃
5318,시빵,
5319,시빨놈,거친 말투의 사람
5320,시빨년,예의 없는 태도의 사람
5321,시빨,
5322,시빠바조쿠나,
5323,시빠련,
5324,시빠,
5325,시빌,
5326,시비충들에게,시비 거는 사람들에게
5327,시비질이군요,괜한 트집이군요
5328,시블년,거친 태도의 사람
5329,시블넘,무례한 사람
5330,시블,
5331,시브랄,
5332,시뷀,
5333,시붕,
5334,시불헐,그만하자
5335,시불팅,
5336,시불탱,
5337,시불랑,그만하자
5338,시불놈,
5339,시불년,
5340,시불,
5341,시부리며,말하면서
5342,시부리,쓸데없는 말
5343,시부렝,
5344,시부럼,아이구
5345,시부럴,이런
5346,시부랭,
5347,시부래미,사람
5348,시부랑,
5349,시부랄뇬,사람
5350,시부랄놈,사람
5351,시부랄년,사람
5352,시부랄녀언,사람
5353,시부랄넘,사람
5354,시부랄,
5355,시봟,
5356,시봘,
5357,시봉세,
5358,시봉,
5359,시볼뇬,무례한 태도의 사람
5360,시볼너아,예의 없는 사람아
5361,시볼,
5362,시벵,
5363,시벨넘,예의 없는 사람
5364,시벨,
5365,시벌탱의,이런 말투의
5366,시벌좃나,
5367,시벌존나,
5368,시벌롬이,이 사람
5369,시벌롬아,이봐
5370,시벌럼들,사람들
5371,시벌넘,예의 없는 사람
5372,시벌,
5373,시버럴,
5374,시뱜,
5375,시뱔,
5376,시뱅뇬,무례한 사람
5377,시뱅놈,무례한 사람
5378,시뱅년,사람
5379,시뱅넘,무례한 사람
5380,시뱅,
5381,시밸,
5382,시밯,
5383,시밮,
5384,시밬,
5385,시방시불,
5386,시방쉐,
5387,시방세,
5388,시방새들아,얘들아
5389,시방새,
5390,시방뇬,무례한 사람
5391,시방놈,무례한 사람
5392,시방년,무례한 사람
5393,시방녀,무례한 사람
5394,시방넘,무례한 사람
5395,시방,지금
5396,시밣,
5397,시밠,
5398,시밟,
5399,시밝,
5400,시발히발시방히발,
5401,시발이라고,아이구라고
5402,시발은,아이구는
5403,시발운영자,
5404,시발아,왜 그러니
5405,시발시발, 정말
5406,시발새끼들은,사람들은
5407,시발새끼,나쁜 남자
5408,시발비용으로,괜히 쓴 비용으로
5409,시발비용,괜히 든 비용
5410,시발롬이,사람이
5411,시발롬아,아이구 왜 그러니
5412,시발롬들은,나쁜 사람들은
5413,시발롬,
5414,시발로미,나쁜 사람이
5415,시발련아,너 왜 그러니
5416,시발련들,문제 있는 사람들
5417,시발럼,나쁜 사람
5418,시발라마,
5419,시발들아,여러분
5420,시발늠,불손한 행동의 사람
5421,시발눔,거친 말투의 사람
5422,시발뇬,예의 없는 태도의 사람
5423,시발놈인줄,나쁜 사람인 줄
5424,시발놈이,나쁜 행동을 하는 사람
5425,시발놈들,사람들
5426,시발놈,나쁜 사람
5427,시발년,나쁜 사람
5428,시발넘등,나쁜 사람 등
5429,시발넘,무례한 사람
5430,시발나는더워허잠도못잔다고진짜너무한거아니냐,나 더워서 잠도 못 자는데 정말 너무한 거 아니냐
5431,시발거,이런 거
5432,시발,
5433,시박,
5434,시바어,
5435,시바싸워야됐나,싸워야 됐나
5436,시바새기,무례한 사람
5437,시바로마,아이구 정말
5438,시바랄,
5439,시바라마,
5440,시바라,
5441,시바꺼들아,여러분
5442,시바꺼,
5443,시바ㄹ,
5444,시바,시바견
5445,시망,시원하게 망하다
5446,시랄,헛소리를 하다
5447,시뗑,
5448,시뎅,
5449,시댕이,
5450,시댕뇬,
5451,시댕,
5452,시댁,남편 집안
5453,시달년,
5454,시누,시누이
5455,시녀질하는,무조건 따라 하는
5456,시네루,회전
5457,시끼가,아이가
5458,시끼,버릇없는 사람
5459,시뀌,
5460,시글년,
5461,시궁창,아주 엉망인 곳
5462,시골집에서,시골 집에서
5463,시골이에요,지방이에요
5464,시고르자브종,시골 잡종
5465,시건,총기 등을 보관하는 것
5466,시강,시선 강탈
5467,시ㅣ발,
5468,시ㅏㄹ,
5469,시ㅇ브랄녀,
5470,시ㅂㅏ,
5471,시ㅂ,
5472,시val,
5473,시qk,
5474,시pal,
5475,시bar,
5476,시bal,
5477,시bak,
5478,시8,
5479,시28,
5480,시123벌,아이구
5481,싓팔,
5482,싑질,
5483,싑얄,
5484,싑앨,
5485,싑알,
5486,싑세,
5487,싑샤퀴,
5488,싑새,아이
5489,싑발,
5490,싑년,
5491,싁팍,
5492,싀혜,식혜
5493,싀퐐,
5494,싀펄,
5495,싀팤,
5496,싀팔,
5497,싀팍,
5498,싀뻘년,
5499,싀빨,
5500,싀봘,
5501,싀봉,
5502,싀보랄,
5503,싀벨,
5504,싀벌,
5505,싀밸롬한텐,사람한테는
5506,싀밸,
5507,싀방,
5508,싀발로모,
5509,싀발놈,무례한 사람
5510,싀발,
5511,싀바라,
5512,싀뎅,
5513,싀델,
5514,싀댈,
5515,승른하는년들,부당하게 우려하는 여성들
5516,습팔,
5517,습탱,
5518,습세,
5519,습새,
5520, 슴가, 가슴
5521,슬세권,슬리퍼 역세권
5522,스펜데믹,코로나로 인한 과소비
5523,스펙,기본적인 능력
5524,스페셜포스퍼스트미션,스페셜포스퍼스트 전략 미션 게임
5525,스페셜포스2,스페셜포스 전략 액션 게임
5526,스페셜포스,스페셜포스 전략 액션 게임
5527,스펑,
5528,스펄,
5529,스팽킹,
5530,스팽,혼내기
5531,스패킹,혼내기
5532,스팔쌔,예의 없는 사람
5533,스팔새,예의 없는 사람
5534,스팔뇬,예의 없는 사람
5535,스팔놈,예의 없는 사람
5536,스팔년,무례한 태도의 사람
5537,스팔넘,예의 없는 사람
5538,스팔개,
5539,스팔,
5540,스파이짓,몰래 보는 행동
5541,스파게티코드,스파게티처럼 복잡하게 뒤엉킨 코드
5542,스튜삐드,생각이 짧은
5543,스투핏이었어여,바보 같았어요
5544,스토리풀어,이야기 좀 해줘
5545,스테이케이션,집이나 근처에서 휴가를 즐기는 것
5546,스캠,투자자를 속여 투자금을 유치한 뒤 파산하거나 잠적하는 것
5547,스좆,
5548,스와핑,
5549,스압,스크롤 압박
5550,스시녀가,일본 여성이
5551,스시녀,일본 여성
5552,스세권,스타벅스 역세권
5553,스샷,스크린샷
5554,스뻥,
5555,스뻘,
5556,스빵,
5557,스빨,
5558,스빌,
5559,스불재,스스로 불러온 재앙
5560,스불,
5561,스벨,
5562,스벌자식,
5563,스벌놈,
5564,스벌,이런
5565,스벅,스타벅스
5566,스발,이런
5567,스바랄,
5568,스바,이런
5569,스밍,스트리밍
5570,스몸비,휴대전화를 보며 걷는 사람
5571,스마트피망,게임 앱
5572,스라밸,스터디 앤 라이프 밸런스
5573,스드메,스튜디오 드레스 메이크업
5574,스듀 ,스타듀밸리
5575,스뎅,
5576,스댕,
5577,스니커테크,희소 중고 신발을 비싸게 되파는 투자 활동
5578,스너프,
5579,스나프,대걸레
5580,스나 ,스나
5581,스끼,
5582,스겜,스피드 게임
5583,슙발,
5584,슈퍼아줌마,슈퍼 아주머니
5585,슈벌,
5586,슈방,정말
5587,슈밤바,이런 세상에
5588,슈발,
5589,슈바,아이구
5590,슈ㅣ발년,
5591,슈ㅣ발,
5592,슈ㅣㅂ발,
5593,슈ㅟ발,
5594,쉿펄,
5595,쉿팔,
5596,쉿팍,
5597,쉿세,차분히 말하자
5598,쉿새,조용히 하자
5599,쉿뻘,
5600,쉿빨,
5601,쉿벌,
5602,쉿발,
5603,쉽활,정말 난처한
5604,쉽헐,
5605,쉽할이,
5606,쉽할,정말 당황한
5607,쉽펄,
5608,쉽팔,
5609,쉽팍,
5610,쉽파,
5611,쉽탱구리,엉뚱한 사람
5612,쉽탱,
5613,쉽창,괜한 행동
5614,쉽질,괜한 행동
5615,쉽쟁이,장난꾸러기
5616,쉽앨,
5617,쉽알,
5618,쉽쎅,사람
5619,쉽쎄,사람
5620,쉽썌,
5621,쉽쌕,사람
5622,쉽쌔,
5623,쉽쉑,
5624,쉽쉐,사람
5625,쉽셋,
5626,쉽섹,사람
5627,쉽세,사람
5628,쉽샤퀴,
5629,쉽생구리,
5630,쉽색,사람
5631,쉽새,사람
5632,쉽살재빙,쉽게만 살아가면 재미없어 빙고
5633,쉽뻘,
5634,쉽빨,
5635,쉽발,
5636,쉽땡구리,
5637,쉽땍기,
5638,쉽뇬,
5639,쉽년,
5640,쉽ㅅㅔ,
5641,쉽ㅅㅐ,
5642,쉽8,
5643,쉼포족,쉬지않고 일만 하는 사람
5644,쉻알,
5645,쉴드치는것들은,두둔하는 사람들은
5646,쉴드,방패
5647,쉭팔,
5648,쉭셰리,
5649,쉭뻘,
5650,쉭빨,
5651,쉬풀,
5652,쉬퐁,
5653,쉬펑,
5654,쉬펄늠,무례한 사람
5655,쉬펄뇬,예의 없는 태도의 사람
5656,쉬펄놈,불손한 행동의 사람
5657,쉬펄년,예의 없는 태도의 사람
5658,쉬펄넘,무례한 사람
5659,쉬펄,아이구
5660,쉬퍼얼,정말 난감한
5661,쉬팡,
5662,쉬팛,
5663,쉬팕,
5664,쉬팔,
5665,쉬팍아,그만하자
5666,쉬팍,
5667,쉬파쌕,
5668,쉬파쌔,
5669,쉬파색,
5670,쉬파새,
5671,쉬파,
5672,쉬탱,버릇없는 행동
5673,쉬키,
5674,쉬이풀,
5675,쉬이펄,
5676,쉬이팔,
5677,쉬이뻘,
5678,쉬이뺄,
5679,쉬이빨,
5680,쉬이빡,
5681,쉬이붕,
5682,쉬이불,
5683,쉬이부,
5684,쉬이벌,
5685,쉬이밸,
5686,쉬이방,
5687,쉬이발,
5688,쉬이바,
5689,쉬이8,
5690,쉬뿔,
5691,쉬뻘,
5692,쉬뺄,
5693,쉬빨,
5694,쉬빡,
5695,쉬빠,
5696,쉬빌,
5697,쉬블,
5698,쉬브럴,정말 답답해
5699,쉬브랄,정말 화났어
5700,쉬붕,
5701,쉬불탱,
5702,쉬불,
5703,쉬부랄조또,
5704,쉬부랄,
5705,쉬부,
5706,쉬봘,
5707,쉬봉,
5708,쉬볼,
5709,쉬벨뇬,
5710,쉬벨,
5711,쉬벧,
5712,쉬벙,
5713,쉬벌년,
5714,쉬벌,이런
5715,쉬벅,
5716,쉬뱔뇬,
5717,쉬뱅,
5718,쉬밸년,나쁜 여자
5719,쉬밸,
5720,쉬배,
5721,쉬방쉐이,
5722,쉬방,
5723,쉬발롬이,아이구 정말
5724,쉬발년,
5725,쉬발,아이구
5726,쉬박,
5727,쉬바잡,
5728,쉬바알,
5729,쉬바쎄,
5730,쉬바쌔,
5731,쉬바쌍,
5732,쉬바싯,
5733,쉬바식,
5734,쉬바시,
5735,쉬바쉑,
5736,쉬바쉐,
5737,쉬바셰,
5738,쉬바섹,
5739,쉬바세,
5740,쉬바섀,
5741,쉬바색,
5742,쉬바새,
5743,쉬바상,
5744,쉬바련,
5745,쉬바랄,
5746,쉬바늠,
5747,쉬바눔,
5748,쉬바뇽,
5749,쉬바뇬,
5750,쉬바놈,
5751,쉬바노마,
5752,쉬바년,
5753,쉬바녀,
5754,쉬바넘,
5755,쉬바냔,
5756,쉬바,
5757,쉬뎅,어이없는 사람
5758,쉬댕,어이없는 사람
5759,쉬끼,예의 없는 태도의사람
5760,쉬꺄,
5761,쉬8,
5762,쉬28,
5763,쉨캬,
5764,쉨들,사람들
5765,쉨끼,
5766,쉨기,
5767,쉨,
5768,쉣키,
5769,쉣인데,나쁜 상황인데
5770,쉣더뻑,웬일이야
5771,쉣끼,무례한 태도의 사람
5772,쉣,아이구
5773,쉡세,불손한 말투의 사람
5774,쉡발,
5775,쉑히,예의 없는 행동하는 사람
5776,쉑햐,
5777,쉑키,
5778,쉑캬,
5779,쉑쓰,
5780,쉑쑤,
5781,쉑스,
5782,쉑수,
5783,쉑끼,친구
5784,쉑꺄,
5785,쉑갸,사람
5786,쉑,
5787,쉐히,
5788,쉐팔,
5789,쉐키,사람
5790,쉐퀴,
5791,쉐엑스,
5792,쉐엑,
5793,쉐에기,
5794,쉐스,
5795,쉐리,
5796,쉐뤼,
5797,쉐끼,친구
5798,쉐뀌,
5799,쉐꺄,친구
5800,쉐기,
5801,쉐,
5802,숲세권,숲 역세권
5803,숲멍,숲을 보고 멍하니 있는다
5804,숫놈은,수컷은
5805,숩삭키,
5806,숨듣명,숨어 듣는 명곡
5807,술찌,술 못 마시는 사람
5808,술집작부,일하는 여성
5809,술주정뱅이와,술 취한 사람과
5810,술주정뱅이,술버릇이 안 좋은 사람
5811,순진하고,순수하고
5812,순삭,순간 삭제
5813,수포자,수학 포기자
5814,수첩공주,
5815,수작인거여,꿍꿍이처럼 보여
5816,수작이지요,말이나 행동이지요
5817,수음,
5818,수영가르는새끼가,수영을 가르치는 사람이
5819,수셔,
5820,수섹스영장나왔어,문서가 나왔어
5821,수방사,수도방위사령부
5822,수능표꾸,수능특강 표지 꾸미기
5823,수꼴들정도타겟이고,보수적인 사람들 정도 대상이고
5824,수꼴,생각이 강한 분
5825,수고링,수고하세요
5826,수겁,수신 거부
5827,수간,
5828,쇼하네,과장하네
5829,쇡끼,버릇없는 사람
5830,쇠데구빡,생각이 짧은 사람
5831,쇠데갈,생각이 짧은 사람
5832,쇠데가리,생각이 짧은 사람
5833,쇠대구빡,생각이 짧은 사람
5834,쇠대갈,생각이 짧은 사람
5835,쇠대가리,생각이 짧은 사람
5836,쇠끼,무례한 사람
5837,쇠뀌,
5838,쇗키,
5839,쇍끼,
5840,쇅햐,
5841,쇅키,무례한 사람
5842,쇅쓰,
5843,쇅쑤,
5844,쇅스,
5845,쇅수,
5846,쇅끼,버릇없는 사람
5847,쇅꺄,
5848,쇅기야,친구야
5849,쇄키,예의 없는 행동하는 사람
5850,쇄이,불손한 태도의 사람
5851,쇄대가리,생각이 짧은 사람
5852,쇄끼,불손한 태도의 사람
5853,쇄뀌,불손한 태도의 사람
5854,쇄기,예의 없는 사람
5855,솜씻너,망연자실
5856,솔플,혼자 하는 플레이 유형
5857,솔킬,적과의  1대1 구도에서 혼자 제압하는 것
5858,솔삐,솔직히
5859,솔랭,혼자서 하는 순위 게임
5860,솔까말,솔직히 까놓고 말해서
5861,손흔들어줌,손을 흔들어 줌
5862,손자,1년 낮은 후임
5863,손오공,손님이 오늘 제일 잘 친공
5864,손민수,누군가를 따라하는 것
5865,손모가진지,손인지
5866,손놈,무례한 손님
5867,속박플레이,
5868,속도위반결혼,의도치 않은 임신으로 결혼
5869,소추흔들었다는,부적절한 장난을 했다는
5870,소추인걸,체구가 작은 걸
5871,소추나,작은 체격이나
5872,소지말박,소리 지르지 말고 박수 쳐
5873,소울하츠,소울하츠 게임
5874,소울리스좌,영혼 없이 일하는 사람 중 최고
5875,소쎄이,막 전입한 하사나 소위
5876,소생퀴가,저 사람이
5877,소비빅뱅,부유층들의 소비가 급증하는 것
5878,소맥,소주와 맥주를 섞은 것
5879,소리바다,소리바다 음악 서비스
5880,소등병,신임 소위
5881,소나,아무나
5882,소경이,시각이 불편한 분이
5883,셱스,
5884,셰리,불손한 태도의 사람
5885,셰끼,불손한 태도의 사람
5886,셤,시험
5887,셔발,
5888,셐기,
5889,셁끼,
5890,셁기,
5891,셀프힐링,스스로를 회복시키는 일
5892,셀카고자,셀카를 잘 못 찍는 사람
5893,셀럽,유명인
5894,셀기꾼,셀카 사기꾼
5895,섿스,
5896,센세,선생님
5897,섻,
5898,섺,
5899,섹히,
5900,섹휘들은,사람들은
5901,섹해,
5902,섹할,
5903,섹한번,
5904,섹하쟈,
5905,섹하장,
5906,섹하자,
5907,섹하구,
5908,섹하고,
5909,섹파트너,
5910,섹파아닌,친구 아닌
5911,섹파같은,친구 같은
5912,섹파,
5913,섹티쉬,
5914,섹텐,
5915,섹키,
5916,섹쓰,
5917,섹쑤,
5918,섹시해야하는,멋져 보여야 하는
5919,섹시해야,멋있어야
5920,섹시해,멋있어
5921,섹시함을,멋있음을
5922,섹시함,매력
5923,섹시할,매력적일
5924,섹시한지,매력적인지
5925,섹시한엉덩이,멋진 뒷모습
5926,섹시한건지,멋있는 건지
5927,섹시한,멋있는
5928,섹시하지,멋있지
5929,섹시하면서,매력적이면서
5930,섹시하다는,매력적이라는
5931,섹시하구만,멋있구만
5932,섹시하고,멋있고
5933,섹시하게,멋지게
5934,섹시킹,매력적인 사람
5935,섹시여서,매력적이어서
5936,섹시가,멋있음이
5937,섹시,멋있는
5938,섹스해주는,관계 맺어주는
5939,섹스해주고,사랑 표현을 하고
5940,섹스해라,사랑해라
5941,섹스해,
5942,섹스할수잇늠,관계 맺을 수 있는
5943,섹스할때도,관계를 할 때도
5944,섹스할때,사랑할 때
5945,섹스할거면,관계를 할 거면
5946,섹스할,연애할
5947,섹스하자고,같이 가까이 지내자고
5948,섹스하자,
5949,섹스하면서,사랑하면서
5950,섹스하다,관계를 맺다
5951,섹스하는데로,관계를 하는 대로
5952,섹스하는건,사람이 가까워지는 건
5953,섹스하는,사랑하는
5954,섹스하기,친밀한 관계를 갖기
5955,섹스하고있어도,관계 맺고 있어도
5956,섹스하고싶은데,가까워지고 싶은데
5957,섹스하고다닌다,
5958,섹스하고,관계 맺고
5959,섹스텐션을,확장 장비를
5960,섹스직전에,관계를 하기 직전에
5961,섹스조교한테,도움을 주는 사람에게
5962,섹스인형으로,인형으로
5963,섹스원해,관계를 원해
5964,섹스에서의,관계에서의
5965,섹스에,관계에
5966,섹스어필이,매력 어필이
5967,섹스어필마저,매력조차도
5968,섹스어필로,매력적인 분위기로
5969,섹스어필과,매력 어필과
5970,섹스어필,매력 어필
5971,섹스얘기밖에,사랑 얘기밖에
5972,섹스신도,사랑 장면도
5973,섹스시킬,사랑시킬
5974,섹스소리,사적인 이야기
5975,섹스부터,관계부터
5976,섹스만이,사적인 관계만이
5977,섹스만보고상경하긴힘들지,
5978,섹스만,사랑만
5979,섹스를하는거,사랑하는 것
5980,섹스를,관계를
5981,섹스로,사랑으로
5982,섹스랑,사적인 관계와
5983,섹스라구,사랑이라고
5984,섹스돌의,인형의
5985,섹스돌에,인형에
5986,섹스돌,인형
5987,섹스도안한애들을,연애도 안 한 아이들을
5988,섹스도,사랑도
5989,섹스다,관계다
5990,섹스는,사랑은
5991,섹스나합시다,사랑합시다
5992,섹스나,연애나
5993,섹스관광을,
5994,섹스개삘은,어울리는 느낌은
5995,섹스가,
5996,섹스,
5997,섹슈얼끌림,특별한 호감
5998,섹슈얼,감정적
5999,섹슈,
6000,섹쉬해졌엉,멋있어졌어
6001,섹쉬해서,멋있어서
6002,섹쉬한,멋있는
6003,섹쉬목소리,멋진 목소리
6004,섹수했을거라는,사적인 관계가 있었을 거라는
6005,섹수씬만,
6006,섹수,
6007,섹소리,지나친 말
6008,섹보지,
6009,섹마,
6010,섹뜰때,사적인 시간을 보낼 때
6011,섹뜨면,사랑하면
6012,섹뜨,
6013,섹들,
6014,섹녀,여자
6015,섹남,남자
6016,섹끼,지나치게 들이대는 사람
6017,섹꺄,
6018,섹기,
6019,섹그,
6020,섹귀,
6021,섹골,
6022,섹계인줄,사회인 줄
6023,섹계,사회
6024,섹걸,여성
6025,섹ㄱ기,
6026,섹s,
6027,섹e스,
6028,섹X를,부적절한 행동을
6029,세키,예의 없는 사람
6030,세퀴,
6031,세캬,
6032,세종머앟,세종대왕
6033,세젤예,세상에서 제일 예쁘다
6034,세젤멋,세상에서 제일 멋지다
6035,세젤귀,세상에서 제일 귀엽다
6036,세이클럽,세이클럽 온라인 커뮤니티
6037,세월충,시간을 보내는 데 집중하는 사람
6038,세엑스,
6039,세엑수우,
6040,세엑,
6041,세에엑스,
6042,세에쓰,
6043,세에끼,
6044,세액스,
6045,세애액스,
6046,세끼,세 끼 식사
6047,세끠,불손한 태도의 사람
6048,세뀌,불손한 태도의 사람
6049,세꺄,사람
6050,세게빨아,
6051,세갸,무례한 사람아
6052,성향너무씹변1태같아서,성향이 너무 이상하게 보여서
6053,성행위,
6054,성폭행,나쁜 행동
6055,성폭력이나,성 관련 문제나
6056,성폭력을,성적 범죄를
6057,성폭력은,
6058,성폭력,
6059,성투,성공한 투자
6060,성추행은,성폭력은
6061,성추행당해도,부적절한 신체 접촉을 당해도
6062,성체험,
6063,성체위,
6064,성질머리로는,성격으로는
6065,성인남성이,성인 남성이
6066,성욕구,
6067,성섹스,
6068,성생활,
6069,성상담,
6070,성병충새끼들이라,무책임한 사람이라
6071,성범죄,성 관련 범죄
6072,성매매충,성매매하는 사람
6073,성덕,성공한 덕후
6074,성노예로,억압받는 사람으로
6075,성노예,강제로 이용당한 사람
6076,성교,
6077,성괴,성형 괴물
6078,성관계,
6079,성경험,
6080,성격지랄되고,성격이 이상해지고
6081,성격도그지같은애들은,성격이 까다로운 사람들은
6082,성감대,민감한 부위
6083,섭샴,서비스 샴페인
6084,섬짱깨,대만인
6085,섬숭이,일본인
6086,설참,설명 참고
6087,설정이더존꼴임,설정이 참 멋있음
6088,설명충이었습니당,설명을 많이 했습니다
6089,설명고자는,설명을 잘 못하는 사람은
6090,설라디언,
6091,설거지론,젊은 시절 문란한 삶을 즐겼던 여성과 결혼하는 행위
6092,설거지남,아내에게 이용당하는 남편
6093,선플,좋은 댓글
6094,선톡,먼저 카카오톡
6095,선타투후뚜맞,문신 먼저 하고 뒷감당은 나중에 하는 것
6096,선진국에,선진국에서
6097,선진국들부터,발전된 나라들부터
6098,선즙필승,먼저 눈물을 보이면 반드시 이긴다
6099,선오브비치,
6100,선빵필승,먼저 때리면 반드시 이긴다
6101,선빵,먼저 공격
6102,선비질이나,지나치게 따지거나
6103,선리후감,선 리플 후 감상
6104,선동질이냐,부추기는 거냐
6105,선당첨후고민,청약당첨을 포기하는 것
6106,서폿,지원자
6107,서포터,지원자
6108,서카포유지디,서울대 카이스트 포스텍 유니스트 지스트 디지스트
6109,서울촌사람,서울 사람
6110,서울촌놈이나,서울 사는 사람이나
6111,서울촌놈의,서울 사람의
6112,서울촌년,서울 출신 사람
6113,서울맘,서울에 사는 어머니
6114,서울대학생들,서울대학교 학생들
6115,서울대가려고,서울대로 가려고
6116,서울내기들이,서울에 사는 사람들
6117,서울내기들,서울 사람들
6118,서연고,서울대 연세대 고려대
6119,서연가울성,서울대 연세대 가톨릭대 울산대 성균관대
6120,서양놈들아,서양 사람들아
6121,서성한이,서강대 성균관대 한양대 이화여대
6122,서머너스펠,소환사 주문
6123,서마터폰중독,휴대전화 중독
6124,서마터폰,휴대전화
6125,서렌,항복
6126,서동요기법,소원하는 일이 이미 벌어진 것처럼 말하여 성사시키는 것
6127,서글넘,무례한 사람
6128,서구열강이어서,서구 국가라서
6129,서과영,서울 과학 영재 학교
6130,섁스,
6131,섀키,예의 없는 행동
6132,섀캬,무례한 사람아
6133,섀도우복싱,혼자서 허공에 대고 공격
6134,섀끼,무례한 사람
6135,섀꺄,무례한 사람아
6136,섀기,불손한 태도의 사람
6137,샹팔개년,무례한 사람
6138,샹악연,
6139,샹악년,
6140,샹늠의쌔리,무례한 사람
6141,샹늠의새리,무례한 사람
6142,샹늠,사람
6143,샹뇬,무례한 사람
6144,샹놈의쌔리,무례한 사람
6145,샹놈의새리,무례한 사람
6146,샹놈의새끼,사람
6147,샹놈아,왜 그러니
6148,샹놈,사람
6149,샹논,사람
6150,샹노마,무례한 사람
6151,샹년,무례한 사람
6152,샹넘,불손한 태도의 사람
6153,샹,아이구
6154,샷업,조용히 해
6155,샵년,무례한 사람
6156,샫업,조용히 해
6157,샥스,
6158,샤앙놈,사람
6159,샤앙년,여자
6160,샤앙녀,여자
6161,샤빨,아이쿠
6162,샤발,
6163,샤럽,조용히 해줘
6164,샠끼,예의 없는 사람
6165,샠기들아,여러분
6166,샠,
6167,생파,생일 잔치
6168,생키,
6169,생퀴,
6170,생지랄해서,이상하게 행동해서
6171,생지랄함,큰 소동을 부림
6172,생지랄이,큰 소동이
6173,생쑈,과한 연기
6174,생숙,생활형 숙박시설
6175,생리,월경
6176,생까다,모르는 척하다
6177,생긴놈이,생긴 사람이
6178,생긴놈,겉모습이
6179,생긴년,생긴 여성
6180,생각해버린,생각하게 된
6181,샛기들,사람들
6182,샛기네,새로운 사람이네
6183,샙세,
6184,샙새,예의 없는 태도의 사람
6185,샙때끼,사람
6186,샌님,조심스러운 사람
6187,샊끼,예의 없는 태도의 사람
6188,샊꺄,불손한 태도의 사람아
6189,샊,
6190,색히가,사람이
6191,색히,무례한 사람
6192,색희들,사람들
6193,색휘도,사람도
6194,색휘,불손한 태도의 사람
6195,색햐,불손한 태도의 사람아
6196,색할,
6197,색키,사람
6198,색캬,무례한 말투의 사람
6199,색이들,사람들
6200,색쓰,
6201,색쑤,
6202,색스할때,관계를 할 때
6203,색스하고,관계를 맺고
6204,색스어플,만남 어플
6205,색스,
6206,색마,
6207,색들,
6208,색녀,여성
6209,색남,사람
6210,색끼,사람
6211,색뀌,사람
6212,색꺄,예의 없는 태도의 사람아
6213,색기들이,사람들이
6214,색기들,사람들
6215,색기가,사람이
6216,색기,사람
6217,색긔,사람
6218,색귀,사람
6219,색골,
6220,색겨들이,좋지 않은 행동을 하는 사람들이
6221,색걸,
6222,색갸,사람아
6223,색ㅋㅑ,불손한 태도의 사람아
6224,색ㄲㅣ,무례한 말투의 사람
6225,새피,새벽에 가는 피시방
6226,새키얔,사람아
6227,새키다,아이이다
6228,새키,아이
6229,새킈,아이
6230,새퀴,무례한 사람
6231,새캬,무례한 사람아
6232,새에퀴,예의 없는 태도의 사람
6233,새에액스,
6234,새애액스,
6235,새새끼,버릇없는 사람
6236,새빨갱이,생각이 다른 사람
6237,새리,무례한 사람
6238,새뤼,불손한 태도의 사람
6239,새데구빡,생각이 짧은 사람
6240,새데갈,생각이 짧은 사람
6241,새데가리,생각이 짧은 사람
6242,새댁요리,신혼 요리
6243,새댁스타그램,신혼 생활 SNS
6244,새대구빡,생각이 짧은 사람
6245,새대갈,생각이 짧은 사람
6246,새대가리,생각이 짧은 사람
6247,새낀데,사람인데
6248,새끼한테,아이에게
6249,새끼조차,사람조차
6250,새끼임,사람임
6251,새끼일까,사람일까
6252,새끼인거임,사람인 거야
6253,새끼인거,아이인 거
6254,새끼인,아이인
6255,새끼와는,사람과는
6256,새끼와,사람과
6257,새끼여,사람이여
6258,새끼에요,사람이에요
6259,새끼에게,사람에게
6260,새끼야,얘야
6261,새끼아가엠디,어린 MD
6262,새끼면,사람이면
6263,새끼만,사람만
6264,새끼를,아이를
6265,새끼레즈시절,어릴 때 여성에게 끌렸을 때
6266,새끼랑,아이랑
6267,새끼라고,아이라고
6268,새끼때매,사람 때문에
6269,새끼들한테,사람들한테
6270,새끼들처럼,아이들처럼
6271,새끼들일,아이들 일
6272,새끼들의,사람들의
6273,새끼들아,얘들아
6274,새끼들땨문에,아이들 때문에
6275,새끼덜이,아이들이
6276,새끼니,사람이니
6277,새끼네,사람이네
6278,새끼나,아이나
6279,새끼가,사람이
6280,새끠,친구
6281,새뀌들아,여러분
6282,새뀌,친구
6283,새꺄,친구야
6284,새까,친구야
6285,새기들,사람들
6286,새긔,무례한 사람
6287,새귀,예의 없는 사람
6288,새갸,무례한 사람
6289,새ㅐ꺄,무례한 사람아
6290,새ㄲㅑ,무례한 사람아
6291,새X,무례한 사람
6292,새123끼들,사람들
6293,상탈남,상의 탈의한 남자
6294,상타치,상급
6295,상천 ,상천
6296,상스치콤,상하이 스파이시 치킨버거 콤보
6297,상병신,매우 서투른
6298,상메,상태 메세지
6299,상늠쉑,사람
6300,상늠,
6301,상뇬,여자
6302,상놈이,사람이
6303,상놈의,사람의
6304,상놈을,사람을
6305,상놈쉑,사람
6306,상놈,
6307,상노무새뀌,예의 없는 사람
6308,상노무,불손한 태도의 사람
6309,상년,
6310,상넘이,사람이
6311,상넘,무례한 사람
6312,상꺾,상병 생활을 반이상 한것
6313,상급워록,상급 내용
6314,상간남,관계에 문제가 된 사람
6315,삿깟시,
6316,삿까시,
6317,삿갓이,
6318,삽탱,
6319,삽입,
6320,삼현엘,삼성 현대 엘지
6321,삼포세대,경제적이유로 연애 결혼 출산을 포기한 세대
6322,삼팔육,38세까지 직장 다닐 수 있으면 천만다행
6323,삼태백,삼십 대 태반이 무직자
6324,삼촌놈,삼촌
6325,삼초땡,30대 초반이면 명예퇴직을 생각해야 한다
6326,삼일절,31세까지 취업을 못하면 절대 못한다
6327,삼애,세번째로 사랑하는 것
6328,삼백충,월소득 300만원 이하인 사람
6329,삼대남,삼십대 남자
6330,삼귀다,사귀기 전 단계
6331,삼국대전,삼국대전 전쟁 전략 게임
6332,삼고빔,삼가 고인의 명복을 빕니다
6333,살해핏,위협적인 분위기
6334,살해당하지만,죽지만
6335,살크업,살찌우기
6336,살처분,제거
6337,살인할,해를 입힐
6338,살인충동,심한 분노
6339,살인자를,범죄자를
6340,살인자,심한 범죄자
6341,살인이,사람을 해치는 행위가
6342,살인을,심한 범죄를
6343,살인에,심한 범죄에
6344,살인까지,심한 범죄까지
6345,살인급,매우 심한 수준
6346,살인과,심각한 범죄와
6347,살인,심각한 범죄
6348,살까치,
6349,삯군들입니다,일하는 사람들입니다
6350,삭박아지,못된 친구
6351,삭바가지,참견꾼
6352,사회악새끼들,나쁜 사람들
6353,사회부적응자,적응이 어려운 이
6354,사형이,중형이
6355,사형에,큰 벌에
6356,사탐강사새끼도,사회과 선생님도
6357,사타구니,허벅지 안쪽
6358,사커맘,자녀를 차로 데려다 주는 엄마
6359,사카치,
6360,사카씨,
6361,사카시,
6362,사촌오빠새끼,사촌 오빠
6363,사촌오빠놈,사촌
6364,사창가를,
6365,사창가는,
6366,사창가,
6367,사진고자라,사진을 잘 못 찍어서
6368,사지잘라다가,상처를 입혀서
6369,사장아들진짜너무좆같아,사장 아들 정말 너무 나빠
6370,사자새끼모가지는,사자의 목은
6371,사자머리,사자머리
6372,사이버콘드리아,인터넷상의 부정확한 의학 정보로 자가진단
6373,사이버접수센터,사이버신고센터
6374,사이버수사대원,사이버수사 조사 담당자
6375,사이다,사이다
6376,사우나,사랑과 우정을 나누자는 건배사
6377,사오정,사오정
6378,사앙뉸,
6379,사앙년,여성
6380,사앙녀,아이에게
6381, 사스가 , 역시
6382,사별남,사별한 남성
6383,사미자전형,사회배려 대상자 전형
6384,사무실지박령,사무실을 떠나지 못 하는 직장인
6385,사망년,취업에 어려움을 겪는 대학교 3학년
6386,사랑sex하며,사랑하며
6387,사람자식이,사람이
6388,사람새낀가,사람인가
6389,사람새끼냐,사람이냐
6390,사람새끼,친구
6391,사람때려죽여도,아무리 큰 잘못을 해도
6392,사까치,
6393,사까아시이,
6394,사까아시,
6395,사까시,
6396,사까쉬,
6397,사까,
6398,사기치고,속이고
6399,사기질이,속이려는 행동이
6400,사기를,속임수를
6401,사기꾼은,속이는 사람은
6402,사기꾼으로,속이는 사람으로
6403,사기꾼목사는,사기를 친 목사는
6404,사기꾼들한테,속이는 사람들에게
6405,사기꾼과,속이는 사람과
6406,사기꾼,속이는 사람
6407,사고뭉치,실수가 많은 친구
6408,사갈탱이,
6409,사가리,
6410,사ㄲㅏ,
6411,사ㄱㄱㅏ,
6412,사kkasi,
6413,삥신,서툰 사람
6414,삥 ,삥
6415,삐리리,
6416,삐꾸,삐뚜로
6417,쁑신,서툰 사람
6418,뿽신,
6419,뿩큐,그만해
6420,뿡알,소중한 곳
6421,뿔알,남자의 소중한 곳
6422,뿌럴,
6423,뿌랄,
6424,뿅알,
6425,뽕쟁이라,약물 문제 있는 사람이라
6426,뽕알,소중한 곳
6427,뽕샷,하늘로 솟아오른 샷
6428,뽐뿌,충동적인 구매욕구
6429,뽈로노,
6430,뽁큐,
6431,뽀큐,
6432,뽀찌,뇌물
6433,뽀쮜,
6434,뽀지,
6435,뽀즤,
6436,뽀쥐털,
6437,뽀쥐,여성의 소중한 곳
6438,뽀얀피부를,밝은 피부를
6439,뽀샵,포토샵
6440,뽀리다,훔치다
6441,뽀르노,
6442,뽀르너,
6443,뽀르나,
6444,뽀록난,실수가 드러난
6445,뽀로노,
6446,뽀뀨,
6447,뽀글펌했더니,곱슬펌을 했더니
6448,뽀글이,봉지째로 익혀서 먹는 라면
6449,뼝신,
6450,뼈말라,뼈만 있는 마른 몸
6451,뻨큐,
6452,뻨유,
6453,뻨뀨,
6454,뻥뷰,가구가 전혀 없는 기본 상태
6455,뻘글,별다른 생각없이 적은 글
6456,뻑큐,
6457,뻑유,
6458,뻑뀨,
6459,뻐킹,정말
6460,뻐큐다,
6461,뻐큐,
6462,뻐지,
6463,뻐르노,
6464,뻐르너,
6465,뻐르나,
6466,뻐뀨,
6467,뺨창갈기는거임,때리는 것임
6468,뺨따구,뺨
6469,뺑이,힘든 일 할때 쓰는 말
6470,뺑끼,거짓말치거나 엄살 부리는
6471,빽치,몸에 딱 붙는 치마
6472,빽좌지,
6473,빽자지,남자의 소중한 곳
6474,빽빽이,종이에 글씨를 빽빽하게 쓰기
6475,빽보지,
6476,빽보비,
6477,빽보디,
6478,빼박캔트,빼도 박도 못하게 확실하다
6479,빼로애미도,그분도
6480,빻남들,어리석은 남자들
6481,빸유,
6482,빵커,빵과 커피
6483,빵처먹고지랄,먹고 이상하게 행동
6484,빵즈,
6485,빵실,편한 군업무
6486,빵순이,빵을 좋아하는 친구
6487,빵셔틀,빵 심부름 하는 학생
6488,빵돼지,통통한 친구
6489,빵돌이,빵 좋아하는 남자
6490,빵꾸,구멍
6491,빱아,빨리
6492,빨자좃,
6493,빨자,
6494,빨어핥어박어,
6495,빨어봐,
6496,빨아줘,
6497,빨아줄,
6498,빨아주,
6499,빨아죠,
6500,빨아봐,
6501,빨아라,
6502,빨라줘,
6503,빨기,
6504,빨고싶다,
6505,빨고시포,
6506,빨게해,
6507,빨게하,
6508,빨갱이하시는분들,정치 성향이 다른 분들
6509,빨갱이짓을,정치적 행동을
6510,빨갱이운운하며,정치 이야기하며
6511,빨갱이밖에,진보 성향밖에
6512,빨갱이를,공산주의 성향이라고
6513,빨갱이란,그런 말은
6514,빨갱이들인,공산주의 성향인
6515,빨갱이들이,특정 이념을 가진 사람들이
6516,빨갱이들의,특정 이념을 가진 사람들의
6517,빨갱이들,특정 정치 성향을 가진 사람들
6518,빨갱이가,특정 이념을 가진 사람이
6519,빨갱이,좌파
6520,빨개이로,좌파로
6521,빨개이,좌파
6522,빨간아재,붉은 옷 입은 아저씨
6523,빨0r,
6524,빤쓰런,다급하게 도망
6525,빤스런,헐레벌떡 급하게 도망치는
6526,빡통,생각이 짧은 사람
6527,빡큐,
6528,빡친다고,화가 난다고
6529,빡치네시발,화가 나네
6530,빡촌,외진 마을
6531,빡유,
6532,빡순이,활발한 친구
6533,빡소라,화낸 소리
6534,빡세다,힘들다
6535,빡살족,뭐든지 열심히 살아가는 사람
6536,빡대갈들아,얘들아
6537,빡대가리여러분은,여러분은
6538,빡대가리야,너무 생각이 짧아
6539,빡대가리들아,얘들아
6540,빡대가리들,생각이 짧은 사람들
6541,빡대가리가,고집센 사람이
6542,빡대가리,고집센 친구
6543,빡겜,진지하게 게임 하는 것
6544,빠태,빠른 태세전환
6545,빠킹,벌점
6546,빠큐,
6547,빠순이,열성 팬
6548,빠수니들,팬들
6549,빠수니년들이,팬인 사람들이
6550,빠수니,팬
6551,빠라,
6552,빠돌이할게요,응원할게요
6553,빠돌이,열성 팬
6554,빠꾸리,
6555,빠꾸뤼,
6556,빠꾸,뒤로 물러나거나 중도포기
6557,빠그리,
6558,빠굴이,
6559,빠굴,
6560,빠구리,
6561,빠구뤼,
6562,빠구ㄹㅣ,
6563,빠갈통,머리가 아픈 사람
6564,빠갈충,이해가 부족한 사람
6565,빠가씹새,
6566,빠가십새,
6567,빠가사리놈이,사람이
6568,빠가리는,생각이 짧은 사람은
6569,빠가리,머리
6570,빠가,생각이 부족함
6571,빚투,빚을 내서 하는 투자
6572,빙아,서툰 친구야
6573,빙신아,조금 모자란 친구야
6574,빙신쉐이,사람이
6575,빙신쉐리,사람이
6576,빙신,서툰 사람
6577,빙시,어리석게 행동함
6578,빙쉰,서툰 사람
6579,빙띤,
6580,빙구빙구하다므왕,엉뚱하게 행동한다며
6581,빙구력을,엉뚱한 행동을
6582,빙구라고,서툴다고
6583,빙구같이,어리석게
6584,빙구,어수룩한 친구
6585,빗치설정에,나쁜 사람 설정에
6586,빗취,빛이
6587,빌어먹을,나쁜
6588,빌어먹,아주 못됐
6589,빌거지,빌라 사는 거지
6590,빈민가,생활이 어려운 동네
6591,빅토리워즈,빅토리워즈 전략 게임
6592,빅웨이브,큰 미니언 무리
6593,비혼,혼인하지 않음
6594,비추,비추천
6595,비찐따들처럼,적극적인 사람들처럼
6596,비수도권낙후화,수도권 외 지역 발전 부족
6597,비수도권,수도권 외 지역
6598,비번,비밀번호
6599,비담,비주얼 담당
6600,비냉,비빔냉면
6601,비계덩어리,몹시 살찐 사람
6602,븽시,미숙한 행동
6603,븨융신,서툰 사람
6604,븡알,신체
6605,븡신,서툰 사람
6606,븡딱,서툰 사람
6607,블알,남성의 소중한 곳
6608,블린이,블록체인 입문자
6609,블로그스트리킹,자신의 정보나 비밀을 온라인에서 공개함
6610,브럴,소중한 곳
6611,브랄,소중한 곳
6612,브라자,속옷
6613,브라알,소중한 곳
6614,브금,배경 음악
6615,븅신섹히,사람이
6616,븅신색히,조금 모자란 친구
6617,븅신색끼,조금 모자란 친구
6618,븅신새끼,조금 모자란 친구
6619,븅신들아,얘들아
6620,븅신들,사람들
6621,븅신,실수하는 사람
6622,븅시나,서툰 친구
6623,븅쉰,서툰 사람
6624,븅새끼,서툰 친구
6625,븅딱,서툰 사람
6626,븅따,서툰 친구
6627,븅,
6628,뷰티구루,화장 혹은 패션 전문가
6629,뷰웅,어수선한 상태
6630,뷰알못,뷰티를 잘 알지 못하는 사람
6631,뷰신,미숙함
6632,뷰세권,좋은 조망을 볼수있는 곳
6633,뷩신,서툰 사람
6634,뷩시,조금 모자란 친구
6635,뷩싄,조금 모자란 사람
6636,뷩쉰,서툰 사람
6637,뷩쉬,조금 모자란 친구
6638,뷩세,서툰 친구
6639,뷩딱,생각이 모자란 친구
6640,뷔웅신,서툰 사람
6641,붱신,미숙한 사람
6642,붜지,
6643,붙어먹,의존해서 지내
6644,붕알,소중한 곳
6645,붕신,서툰 사람
6646,붕싄,조금 모자란 사람
6647,붕뛴,조금 모자란 사람
6648,붕가붕가,사랑
6649,붕가,
6650,불펌,인터넷 자료를 올린 이의 허락 없이 다른 곳에 업로드
6651,불지르고싶음죽어,그만했으면 좋겠어
6652,불알,소중한 곳
6653,불쌍한뇬이,불쌍한 사람이
6654,불수능,너무 어렵게 나온 수능
6655,불소,불타는 듯한 활발한 소통
6656,불백,불고기 백반
6657,불반도,한반도
6658,불리2온라인,불리2온라인 학교 이야기 게임
6659,불닭,불닭볶음면
6660,불넘,무례한 사람
6661,불낙,불고기 낙지 전골
6662,불금,불태워 노는 금요일
6663,분탕질하는,혼란을 일으키는
6664,분탕질이다,혼란을 일으키는 행동이다
6665,분조장,분노조절장애
6666,분신자살,스스로 생을 마감
6667,분노조절장애,화 조절이 어려움이 있는 병
6668,북어,북어
6669,북괴위한,북한을 위한
6670,북괴와,북한과
6671,북괴빨기는,북한을 극단적으로 지지하는 것은
6672,북괴도,북한도
6673,북괴가,북한이
6674,북괴,북한 정권
6675,부캐,부속으로 딸린 캐릭터
6676,부카케,
6677,부정부패교수놈,부정부패한 교수님
6678,부재중존나와잇네,부재중 정말 많네
6679,부장년은,부장님은
6680,부잘알,부동산 잘 아는 사람
6681,부역자이기도합니다,협력한 사람이기도 합니다
6682,부없녀,부러울게 없는 여자
6683,부없남,부러울게 없는 남자
6684,부산사나이,부산 남자
6685,부부교환,
6686,부모님뒤진,부모님 없는
6687,부먹,탕수육에 소스를 부어먹는 것
6688,부린이,부동산 초보자
6689,부뢀,남자의 소중한 곳
6690,부롤,소중한 곳
6691,부럴,소중한 곳
6692,부랄발광하고,호들갑을 떨고
6693,부랄관종짓,관심받고 싶어 하는 행동
6694,부랄,소중한 곳
6695,부관참시하고,처벌하고
6696,뵹신,서툰 사람
6697,뵨태,이상한 친구
6698,뵤지,
6699,뵤즤,
6700,뵤오지,
6701,뵝신,모자란 사람
6702,봊지,
6703,봊이,
6704,봉알,소중한 곳
6705,봉신연의,봉신연의 게임
6706,봉신,조금 모자란 친구
6707,봇털,털
6708,봇라인,
6709,볼매,볼수록 매력
6710,볼거없는새끼들이,볼 것 없는 사람들이
6711,본캐,본래 캐릭터
6712,본좌,본인
6713,본놈들이라,본 사람들이라
6714,보텡,
6715,보털,털
6716,보탱,
6717,보찌,
6718,보짖물,
6719,보짖,
6720,보짓물마셔,
6721,보짓물,
6722,보짓년,여성
6723,보짓,
6724,보지핧어,
6725,보지털,
6726,보지습습으로,이상한 모습으로
6727,보지빨,
6728,보지벌,거친 표현
6729,보지를,여자를
6730,보지로잡아주면않되,그렇게 하면 안 돼
6731,보지라인,몸선
6732,보지뇬,
6733,보지년,
6734,보지녀,
6735,보지구멍,
6736,보지구녕,신체 부분
6737,보지가,여자가
6738,보지,소중한 곳
6739,보즤,신체 표현
6740,보쥐털,소중한 곳
6741,보쥐,소중한 곳
6742,보주ㅣ,
6743,보적보,자신을 꾸미는 친구
6744,보우지,
6745,보오지,소중한 곳
6746,보슬아치,고위 공무원
6747,보수종자여서,보수적이어서
6748,보상패션,일상으로의 회복을 대신 보상하는 패션
6749,보빨러,칭찬하러
6750,보복소비,외부에 의해 억눌린 감정을 해소하는 용도의 소비
6751,보럴,여성의 소중한 곳
6752,보랄,여성의 소중한 곳
6753,보뒤,몸
6754,보다,더
6755,보꼴의,보기 좋지 않은
6756,보ㅈㅣ,
6757,보z,
6758,보x,
6759,보g,
6760,병크,어숙룩한 행동
6761,병자,병자
6762,병엉신,
6763,병어신,
6764,병씬,
6765,병신플이라도,서툰 방식이라도
6766,병신쪼다,
6767,병신짓해,어리석은 행동해
6768,병신짓,무모한 행동
6769,병신인증,실수 확인
6770,병신인가,좀 모자란 건가
6771,병신인,생각이 짧은 사람인
6772,병신이다,매우 서투르다
6773,병신이구나,그렇게 하면 안 되지
6774,병신이거든요,서툰 사람이거든요
6775,병신아라고,서툰 사람아라고
6776,병신쉐이,조금 모자란 친구
6777,병신쉐리,조금 모자란 친구
6778,병신색기,조금 모자란 친구
6779,병신새끼들이네,정말 무례한 사람들이네
6780,병신새끼,조금 모자란 친구
6781,병신새,조금 모자란 친구
6782,병신보다,너무 부족한 사람보다
6783,병신법이라는,부당한 법이라는
6784,병신미,이상한 느낌
6785,병신만은,부주의한 행동만은
6786,병신들아,여러분
6787,병신들만,경솔한 사람들만
6788,병신들,서툰 사람들
6789,병신됐을,서툴렀을
6790,병신덥때문에,어리석음 때문에
6791,병신놈,
6792,병신년,
6793,병신같이,서투르게
6794,병신같은데,이상한데
6795,병신같은,서툰
6796,병신,서툰 사람
6797,병시니,서툰 친구
6798,병시나,
6799,병시,병시
6800,병싄아,서툰 친구야
6801,병싀,서툰 친구
6802,병쉰,서툰 사람
6803,병쉬,
6804,병먹금하는데도,말을 안 듣는데도
6805,병먹금,상대하지 않음
6806,병맛이라면,조금 어색하다면
6807,병맛을,이상한 느낌을
6808,병맛게임이라고,엉뚱한 게임이라고
6809,병맛게임,엉뚱한 게임
6810,병맛,이상한 맛
6811,병림픽,장애인 올림픽
6812,병딱,서툰 사람
6813,병닥,서툰 사람
6814,병ㅅ새,
6815,병ㅅ,
6816,병X,
6817,별창녀,후원을 받는 대가로 과도한 행동하는 인터넷 방송인
6818,별창남,
6819,별창,별창
6820,별다줄,별 걸 다 줄인다
6821,별다방,별다방
6822,변표,변표
6823,변태인가,이상한가
6824,변태이기,이상한 사람이기
6825,변태와,이상한 사람과
6826,변태성욕,특이한 취향
6827,변태성만,특이한 취향만
6828,변태새끼아녀,이상한 행동 아니야
6829,변태를,성적 취향이 특이한 사람을
6830,변태라서,특이한 취향이라서
6831,변태들,이상한 행동을 하는 사람들
6832,변태까지,이상한 행동까지
6833,변태,이상한 행동을 하는 사람
6834,변시,변시
6835,변섹,엉뚱한 사람
6836,변녀,변녀
6837,벼잉신,
6838,벼엉신,서툰 사람
6839,벼엉시이,
6840,벼엉시나,
6841,벼신,서툰 사람
6842,벼락거지,한순간에 갑자기 된 거지
6843,벵신,서툰 사람
6844,벨튀,벨을 누르고 튀는 장난
6845,벨놈,무례한 사람
6846,벨년,무례한 사람
6847,베토디,베이컨 토마토 디럭스
6848,베타메일,명령대신 부탁을 하는 남자
6849,베타대디,아내 대신 아이와 집안을 돌보는 아빠
6850,베이스볼쇼다운,베이스볼쇼다운 야구 대결 게임
6851,베이글녀,앳되고 청순한 여성
6852,베란다캠핑,베란다 캠핑
6853,베라,배스킨라빈스
6854,베댓,게시글 내에서 가장 많은 지지를 받은 댓글
6855,벙어리로,언어 장애인으로
6856,벙어리가,언어 장애인이
6857,벙어리,말을 못하는
6858,벙섹,엉뚱한 사람
6859,벗겨보니형수,
6860,벗겨보니처제,
6861,벗겨보니처재,
6862,벗겨보니숙모,
6863,벗겨보니내딸,
6864,벗겨보니그날,
6865,법블레스유,법이 아니었으면 널 가만두지 않았을 것이다
6866,범죄행위임,잘못된 행동이에요
6867,범죄를,잘못된 행동을
6868,범인새끼,범인
6869,범생이처럼,차분한 사람처럼
6870,범생이같은,조용한 스타일의
6871,범생이,모범생 친구
6872,벌창같은년,
6873,벌레컷,벌레 같이 빠르게 죽어버린 플레이어
6874,벌레새끼야,애벌레야
6875,벌레새끼가,정말 못된 행동을 한 사람이
6876,벌레새기,
6877,벌레놈,
6878,벌레년,
6879,번탈남색기들이말이많네,남자들이 말이 많네
6880,번역질,번역 작업
6881,번따,전화번호를 주거나 받는 행위
6882,벅스,벅스 음악 서비스
6883,벅세권,햄버거 가게와 가까운 곳
6884,버프,캐릭터의 능력치를 향상시켜주는 마법
6885,버튜버,버추얼 유튜버
6886,버카충,버스 카드 충전
6887,버짓물마셔,
6888,버짓물,지저분한 물
6889,버지핧아,
6890,버지털,털
6891,버지쑤셔,
6892,버지썰어,
6893,버지빨어,바지 빨아
6894,버지빨아,바지 빨아
6895,버지벌료,
6896,버지벌려,
6897,버지벌렁벌렁,
6898,버지물마셔,
6899,버지물,
6900,버지뜨더,
6901,버지뚫어,
6902,버지따먹기,
6903,버지냄새,바지 냄새
6904,버지구멍,바지 구멍
6905,버지구녕,바지 구멍
6906,버지,여성의 소중한 곳
6907,버즤,바지
6908,버쥐,바지
6909,버오구,버터오징어구이
6910,버얼려서너어,
6911,버스아재랑,버스 아저씨랑
6912,버러지새꺄,매우 무례한 친구
6913,버러지같튼,벌레 같은
6914,버러지,성가신 친구
6915,버따리자지,
6916,뱅신시키,조금 모자란 친구
6917,뱅신,서툰 사람
6918,뱅마,
6919,뱃떼기라도,배라도
6920,뱃떼기가,배가
6921,밸붕,밸런스 붕괴
6922,밸놈,무례한 사람
6923,밸년,무례한 사람
6924,백치다,계약을 물리다
6925,백인층까지,백인 계층까지
6926,백인인지,백인인지 여부
6927,백인인권까지,다른 나라 사람들의 권리까지
6928,백인이어서,백인이라서
6929,백인이,피부색이 밝은 사람이
6930,백인은,백인 사람은
6931,백인우월주의에,백인을 우위로 보는 시각에
6932,백인우월주의,백인 우월주의
6933,백인새끼들은,백인 남성들은
6934,백인새끼들,백인 사람들
6935,백인들이,피부색이 밝은 사람들이
6936,백인들의,서양인의
6937,백인들은,백인 사람들은
6938,백인놈이,백인 남성이
6939,백인놈들,백인들
6940,백인남한테,백인 남자한테
6941,백인남자,백인 남자
6942,백인남에게,백인 남성에게
6943,백인남성은,피부색이 밝은 남성은
6944,백인남,백인 남성
6945,백인권력에,서구권 영향력에
6946,백인,피부색이 밝은 사람
6947,백섹열스를,
6948,백보지,
6949,백보디,
6950,백두돼지,특정인을 모욕하는 표현
6951,백남혐의,백인 남성 혐오가
6952,백남이,백인 남성이
6953,백남의,백인 남성의
6954,백남들이,백인 남자들이
6955,백남들,백인 남성들
6956,배째라게세끼,
6957,배째,몰라
6958,배위에싸죠,
6959,배우새끼도,배우도
6960,배알이,배가
6961,배알꼴린,질투가 나는
6962,배알꼴리는거면서,못마땅하면서
6963,배알꼴렸나보지,짜증났나 봐
6964,배알꼴려서,기분이 상해서
6965,배알꼴려,짜증나
6966,배신자들의,믿음을 저버린 사람들의
6967,배불뚝이개아재,배 나온 아저씨
6968,배민,배달의 민족
6969,배린이,배틀그라운드 초보자
6970,배대지,배송대행지
6971,배담냄새좆같이풍기면서,배에서 냄새가 나면서
6972,배그,배틀그라운드
6973,배경있는뇨자,배경이 있는 여자
6974,방템,방어 아이템
6975,방탄커피,커피와 무염버터 MCT오일을 섞은 것
6976,방숑국놈들잌,방송국 사람들
6977,방송국놈들아,방송국 관계자 여러분
6978,방송국놈들,방송국 사람들
6979,방방봐,방송은 방송으로 봐라
6980,방며들다,방탄소년단에게 스며들다
6981,방망이새끼는,방망이는
6982,방따,게임을 할 때 방에서 나가지다
6983,방금싸웠구만씨팔,방금 다툰 것 같아
6984,방구석여포,온라인에서는 강하지만 밖에서는 조용해지는 사람
6985,밥팅,밥을 남기는 사람
6986,밥튕,밥을 남기는 사람
6987,밥도둑,밥을 뚝딱 비우게 하는 맛있는 반찬
6988,밟아죽여야,정말 화가 나서 혼내주어야
6989,밝힘증,과하게 좋아하는 버릇
6990,발컨,어설픈 실력
6991,발정난꼴,욕심을 참기 어려운 모습
6992,발정,흥분 상태
6993,발씨,
6994,발발이로,활발하게
6995,발련이,무례한 사람이
6996,발놈시,무례한 사람
6997,발노무새끼,버릇없는 친구
6998,발년,무례한 사람
6999,발넘,무례한 사람
7000,발기,긴장
7001,발광할거야,엄청 흥분할 거야
7002,발광하는,큰 소동을 벌이는
7003,반틀딱,중년
7004,반퇴세대,조기퇴직 후 경제활동을 지속하는 세대
7005,반일마왕,일본을 좋아하지 않는 사람
7006,반유,반말 모드 유지
7007,반신,반말 모드 신청
7008,반삭,반만 삭발한 머리 모양
7009,반맞반틀,반은 맞고 반은 틀렸다
7010,반따,반에서 따돌림
7011,반동놈으로,반대하는 사람으로
7012,반꼰대,조금 고집 있는
7013,반갈죽,
7014,밖에다쌀께,
7015,박정희,전 대통령
7016,박을년,말이 거친 사람
7017,박으면서,하면서
7018,박원숭,전 서울시장
7019,박스권,일정 가격 변동 폭에서만 코인 가격이 오르락 내리락 하는 상황
7020,박근혜,전 대통령
7021,박고싶,
7022,박고빼고,
7023,바틀,도수높은 술 혹은 술병
7024,바텀다이브,하단 라인의 포탑 내부 공격
7025,바텀,바닥
7026,바칼,바지락 칼국수
7027,바주카자지,
7028,바이브레이터,
7029,바선생,바퀴벌레
7030,바쁜벌꿀,
7031,바보털이,앞머리가
7032,바보털을,앞머리를
7033,바보털은,앞머리는
7034,바보처럼,어리석게
7035,바보짓을,어리석은 행동을
7036,바보인증,실수 인증
7037,바보여서,생각이 부족해서
7038,바보야,조금 모자란 사람아
7039,바보를,어리숙한 사람을
7040,바보로,서툰 사람으로
7041,바보들이랑,생각이 짧은 사람들과
7042,바보들의,서툰 사람들의
7043,바보들,서툰 사람들
7044,바보됨,어리석게 됨
7045,바보다,생각이 짧다
7046,바보니까,생각이 부족했으니까
7047,바보같은,어리석은
7048,바보같아도,어리석어 보여도
7049,바보가,어리석은 사람이
7050,바보,조금 모르는 친구
7051,바바리맨,위험한 사람
7052,바리치다,다양한 변화를 주다
7053,바랄년,
7054,바근가시네,별난 여자
7055,바그네,
7056,밑힌년,상황 판단이 어려운 사람
7057,밑꾸뇽,
7058,밑꾸녕,
7059,밑구멍,아랫부분
7060,밑구녕,아랫부분
7061,밈,인터넷에서 유행하는 패러디물
7062,밀땅무림,밀땅무림 무협 모험 게임
7063,밀덕,밀리터리 덕후
7064,밀당,호감 가진 이성 사이의 밀고 당기기
7065,믿거페,믿고 거르는 페이스북
7066,믿거,믿고 거른다
7067,민초,민트 초코
7068,민증,주민등록증
7069,미혼녀들이,미혼 여성들이
7070,미피,미스터 피자
7071,미틴뇬,감정이 앞서는 사람
7072,미틴놈,행동이 통제되지 않는 사람
7073,미틴년,행동이 매우 거칠고 무례한 사람
7074,미틴넘,행동이 지나치게 과한 사람
7075,미틴것,상황이 도저히 말이 안되는 것
7076,미틴,정신없네
7077,미티넘,행동이 예측 어려운 사람
7078,미틘년,행동이 예측 어려운 사람
7079,미튄년,행동이 예측 어려운 사람
7080,미튄넘,행동이 예측 어려운 사람
7081,미튄,정신없네
7082,미쿡에서,미국에서
7083,미코노미,자길 위한 소비에 돈을 안아끼는 것
7084,미칭논아,사람아
7085,미칠라면니혼자각각미쳤어야지,혼자서 과하게 행동한 거지
7086,미칠듯한,아주 강한
7087,미칠거같고,너무 힘들고
7088,미칠,미칠 정도로 힘든
7089,미친힙찔이새끼들,이상한 사람들
7090,미친한국놈들아,이상한 한국 사람들아
7091,미친차들이,이상하게 운전하는 차들이
7092,미친짓인것,이상한 행동인 것
7093,미친짓인거야,이상한 행동이야
7094,미친짓이라,무리한 행동이라
7095,미친짓을,지나친 행동을
7096,미친줄,정신없는 줄
7097,미친좃대가리,
7098,미친자전거,정신없는 자전거
7099,미친인간,통제가 안 되는 사람
7100,미친오타쿠돼서,정신없는 덕후가 되서
7101,미친오타쿠노인의,매우 과하게 빠진 고령 팬의
7102,미친오리로,엉뚱하게 행동하여
7103,미친연기를,과한 연기를
7104,미친여자의,무례한 여성의
7105,미친여자,놀란 여자
7106,미친양의,엉뚱한 모습의
7107,미친양놈들,정신없는 외국인들
7108,미친앤빠들의,열성 팬들의
7109,미친애국자집단돼서,과한 사람들이라서
7110,미친아,이상해
7111,미친씹후까시,
7112,미친씹쎄끼,별난 사람
7113,미친씹쌔끼,행동이 예측 어려운 사람
7114,미친씹쌔,그만하자
7115,미친씹덕웃음,몹시 좋아서 웃음
7116,미친씨부랄,분노를 극단적으로 표현한 욕설
7117,미친씨발놈,별난 사람
7118,미친씨발,
7119,미친쓰레기,별난 친구
7120,미친썅놈,별난 사람
7121,미친썅년,별난 사람
7122,미친쌔,
7123,미친쌍뇽,별난 사람
7124,미친쌍농,별난 사람
7125,미친쌍놈,
7126,미친쌍녕,
7127,미친쌍년,별난 사람
7128,미친쌍,
7129,미친싸앙놈,별난 사람
7130,미친싸앙년,별난 사람
7131,미친스까이,별난 친구
7132,미친쉐이,별난 친구
7133,미친쇠리,별난 친구
7134,미친쇄리,별난 친구
7135,미친소리만,이상한 말만
7136,미친소리를,이상한 말을
7137,미친세상이라,말도 안 되는 세상이라
7138,미친섀리,
7139,미친생각이겟죠,무리한 생각이겠죠
7140,미친색이,
7141,미친새끼들,무례한 사람들
7142,미친새끼네,정말 심하네
7143,미친새끼같고,이상한 사람 같고
7144,미친새끼가,이상한 사람이
7145,미친새끼,정신없는 사람
7146,미친상황,놀라운 상황
7147,미친사촌혈육한테,통제가 안 되는 사촌에게
7148,미친사람처럼,정말 놀란 사람처럼
7149,미친사람이라,놀란 사람이라
7150,미친사람마냥,정신없는 사람처럼
7151,미친사람들과,이상하게 행동하는 사람들과
7152,미친사람,별난 사람
7153,미친보리수씨발놈들아,
7154,미친미친와,대단해
7155,미친레즈랑,과한 여성과
7156,미친또라이새끼,정신없이 행동하는 친구
7157,미친듯이,정신없이
7158,미친돼지같은,통제가 안되는 몸집이 큰 사람같은
7159,미친동안소리좀,놀라운 동안 소리 좀
7160,미친늙은놈이,놀란 어른이
7161,미친늙은놈은,놀란 어른은
7162,미친눔,행동이 너무 과격한 사람
7163,미친뇽,판단이 서투른 사람
7164,미친뇬,감정이 격한 사람
7165,미친놈처럼,너무 과하게
7166,미친놈잉,놀란 사람이
7167,미친놈입니다,정상적이지 않은 행동을 합니다
7168,미친놈임,놀란 사람임
7169,미친놈인거같아서,정신없는 사람 같아서
7170,미친놈인가,왜 그런 행동을 하나
7171,미친놈이었다,정신없이 행동한 사람이었다
7172,미친놈이,놀란 사람이
7173,미친놈의,이상하게 행동하는 사람의
7174,미친놈은,이상하게 행동하는 사람은
7175,미친놈으로,통제 안 되는 사람으로
7176,미친놈아,정신없는 사람아
7177,미친놈들이버스몇대없어서,놀란 사람들이 버스가 적어서
7178,미친놈들아,정신없는 사람들아
7179,미친놈들,정신없는 사람들
7180,미친놈도,이상하게 행동하는 사람도
7181,미친놈,별난 사람
7182,미친노인네,놀란 어르신
7183,미친노가다지만,힘든 일이지만
7184,미친노,놀란 친구
7185,미친년처럼,정신없는 사람처럼
7186,미친년인가봐,
7187,미친년이라,놀란 사람이라
7188,미친년이네요,이상한 사람이네요
7189,미친년이,심하게 행동하는 여성이
7190,미친년아,왜 그러니
7191,미친년들,말이 심한 사람들
7192,미친년과,문제가 있는 여성과
7193,미친년,
7194,미친녀자,이상한 여성
7195,미친녀를,정신없이 행동하는 사람을
7196,미친넘아녀,너무 과한 거 아니야
7197,미친넘아,무례한 사람아
7198,미친넘,행동이 너무 과격한 사람
7199,미친넌,판단이 서투른 사람
7200,미친냔마냥,이상한 사람처럼
7201,미친남편,무례한 남편
7202,미친구멍,
7203,미친구녕,
7204,미친것들,이상한 것들
7205,미친것같다,이해하기 어려울 정도다
7206,미친건가,정말 놀랍네
7207,미친거아냐,정신없는 거 아니야
7208,미친거,너무 과한 것
7209,미친개처럼,통제가 안 되게
7210,미친개쉑,별난 사람
7211,미친개색기,별난 친구
7212,미친개새끼,별난 친구
7213,미친개를,별난 친구
7214,미친개는,난폭한 개는
7215,미친개,별난 친구
7216,미친,놀라운
7217,미치도록,아주
7218,미치뇬,판단이 서투른 사람
7219,미치넘,판단이 서투른 사람
7220,미치광이,별난 친구
7221,미치겠습니다,너무 답답합니다
7222,미치겠삼,힘들어요
7223,미치겠다,너무 힘들다
7224,미칀놈,별난 사람
7225,미칀년,별난 사람
7226,미칀,정신없네
7227,미췬세이,별난 친구
7228,미췬세리,별난 친구
7229,미췬세끼,별난 친구
7230,미췬뇬,별난 친구
7231,미췬놈,별난 친구
7232,미췬년,별난 친구
7233,미췬넘,별난 친구
7234,미췬,정신없는
7235,미췐년,별난 사람
7236,미추에이션,계속 자기를 재구축 하는 것
7237,미추어버리겠다,미쳐버리겠다
7238,미쳤었던척,정신없었던 척
7239,미쳤어오,정말 놀랐어요
7240,미쳤어,정말 놀랐어
7241,미쳤다,정말 놀랍다
7242,미쳤니,왜 그러니
7243,미쳤네미쳤어,놀랍네요
7244,미쳤네,놀랍네
7245,미쳤냐고,왜 그렇게 행동하냐고
7246,미쳤냐,왜 그러니
7247,미쳤나,정신없니
7248,미쳤고,황당했고
7249,미쳣다,정말 놀랍다
7250,미쳐있는,무척 흥분해 있는
7251,미쳐버린사람,정말 놀란 사람
7252,미쳐버린,정말 놀라운
7253,미쳐라,최선을 다해 봐라
7254,미쳐도,지나쳐도
7255,미쳐가지고,정신이 없어서
7256,미천놈들아,정신없는 사람들아
7257,미찬뇬,판단이 서투른 사람
7258,미찬놈,판단이 서투른 사람
7259,미진뇬,판단이 서투른 사람
7260,미진넘,판단이 서투른 사람
7261,미존개오,미친 존재감 개화동 오렌지족
7262,미인에다,아름다운 데다
7263,미이친뇬,말이 심한 사람
7264, 미연시 , 미소녀 연애 시뮬레이션 게임
7265,미씨촌,마을
7266,미세먼지따위,미세먼지
7267,미성년자포르노,
7268,미모에,아름다움에
7269,미먼,미먼
7270,미만잡,미만의 것들
7271,미린년,아직 서툰 사람
7272,미린넘,미숙한 행동을 하는 사람
7273,미르스띤,미친
7274,미륀년,생각이 정리되지 않은 사람
7275,미륀넘,판단이 서투른 사람
7276,미럴,
7277,미띤,미친
7278,미도녀,미지근한 도시의 여자
7279,미도남,미지근한 도시의 남자
7280,미닝아웃,자신이 지향하는 바를 소비로 표출
7281,미녀,아름다운 분
7282,미국초딩들이,미국 어린이들이
7283,미국인,미국 사람
7284,미국놈,미국 사람
7285,미국남,미국 남성
7286,믜칭넘,행동이 지나친 사람
7287,므흣하다,마음이 흡족하다
7288,므흣,마음이 흡족
7289,뮈친쉑이,별난 친구
7290,뮈친섹끼,별난 친구
7291,뮈친세이,별난 친구
7292,뮈친세리,별난 친구
7293,뮈친놈,별난 사람
7294,뮈친년,차분하지 못한 사람
7295,뮈친,상태가 불안정한
7296,뮈칀섹끼,행동이 예측 어려운 사람
7297,뮈칀세이,행동이 예측 어려운 사람
7298,뮈칀세리,행동이 예측 어려운 사람
7299,뮈칀세끼,행동이 예측 어려운 사람
7300,뮈칀,상태가 불안정한
7301,뭬친놈,흥분을 잘 하는 사람
7302,뭬친년,감정 조절이 어려운 사람
7303,뭥미,뭐야
7304,뭣같은,별로야
7305,뭘꼬라보냐고,왜 그렇게 쳐다보냐고
7306,뭔짓거리들인지,무슨 행동들인지
7307,뭔때문에꼴리는데,왜 그렇게 마음이 흔들리는데
7308,뭔개소리지,이게 무슨 말이지
7309,뭐하회,뭐라도 하겠지 회사인데
7310,뭐하는새끼들이냐,무슨 사람들인가
7311,물확뺄,강하게 혼내다
7312,물풍선가슴에,옷이 부풀어 보이는
7313,물타기,희석하기
7314,물수능,너무 쉽게 나온 수능
7315,물복,물렁한 복숭아
7316,물멍,물을 보며 멍하니 있는 것
7317,물냉,물냉면
7318,물광,물로낸 구두 광 촉촉한 피부
7319,물고기방,PC방
7320,묻지마,불특정 다수의 사람들을 향한 행위
7321,묻냐,물어
7322,문학충,문학을 좋아하는 사람
7323,문크예거,
7324,문찐,대중문화에 대해 잘 모르는 사람
7325,문죄인,
7326,문죄앙,
7327,문재앙,
7328,문어따위를,문어를
7329,문신충,문신을 한 사람
7330,문신돼지국밥육수충,문신을 하고 돼지국밥을 먹는 양아치
7331,문식답,문제 식 답
7332,문송하다,문과라서 죄송하다
7333,문송문송할,부끄러울
7334,문빠,
7335,문도피구,자운의 광인의 Q 스킬만 가지고 1대1을 하는 것
7336,무히려좋아,오히려 좋아
7337,무플,댓글이 없음
7338,무친놈,거친 사람
7339,무지성,아무 생각 없이 혹은 아무 생각 없는
7340,무야호,신난다
7341,무식한가시나,배우지 못한 여자
7342,무식쟁이를,잘 모르는 사람을
7343,무식쟁이,모르는 부분이 많은 사람
7344,무시,무회전
7345,무서운김여사,무서운 김씨
7346,무새,따라하며 반복해 말하는 사람
7347,무쁘지않아,나쁘지 않아
7348,무민세대,무의미해 보여도 즐거움을 찾는 세대
7349,무물보,무엇이든 물어보세요
7350,무물,무엇이든 물어 보세요
7351,무대뽀,무작정
7352,무뇌충,생각이 부족한 사람
7353,무뇌잉여충들아,생각 없는 사람들아
7354,무뇌잉여충,한가한 사람
7355,무뇌잉여빠갈충은,생각 없이 행동하는 사람은
7356,무과금,게임에서 유료 서비스를 이용안함
7357,무공해,무조건 공격 해
7358,무개념충들,배려가 없는 사람들
7359,무개념글,개념을 갖추지 못한 글
7360,묭실,미용실
7361,못먹겠음,먹기 어려워요
7362,못된아줌마로나온다고,예의 없는 사람으로 나온다고
7363,못난것들,서투른 사람들
7364,몸팔았다고,힘든 일을 했다고
7365,몸팔아서,힘든 일을 해서
7366,몸파라,
7367,몸파는,
7368,몸테크,오래된 주택의 불편함을 감수하고 사는것
7369,몸짱,몸매가 좋은 사람
7370,몸을주고,헌신하고
7371,몸안에사정,
7372,몸새끼와,몸과
7373,몸매,체형
7374,몸뚱이줄께,
7375,몰컴,몰래 컴퓨터 하기
7376,몰카판매금지해달라고,불법 촬영물 판매 금지를 요청하며
7377,몰카충,몰래 촬영하는 사람
7378,몰카왕국,몰래카메라가 많은 곳
7379,몰카사이트,불법 촬영물이 올라오는 사이트
7380,몰카범죄에,불법 촬영 범죄에
7381,몰카는,불법 촬영은
7382,몰카가,불법 촬영이
7383,몰카,몰래 촬영
7384,몰세권,문화생활을 편하게 할 수 있는 곳
7385,몰빵,한곳에 전부 투자하는 행위
7386,몰래카메라외에,불법 촬영 외에
7387,몬스,괴물
7388,몬나니,못난이
7389,목한다는데,목표로 한다는데
7390,목아돼,목이 아파서
7391,목마른놈이,급한 사람이
7392,목따버릴거임,그만둘 거임
7393,목따,위험한 말이에요
7394,모하,모델하우스
7395,모태솔로,연애해본적 없는 사람
7396,모청,모바일 청첩장
7397,모지리들아,얘들아
7398,모지리들,잘 모르고 행동하는 사람들
7399,모지리,조금 서툰 사람
7400,모은놈도,모은 사람도
7401,모유물,
7402,모솔,연애해본적 없는 사람
7403,모리노리,모리노리 캐주얼 게임
7404,모가지에,목에
7405,모가지뽑아다,혼내다
7406,모가지,목
7407,몇놈,몇 사람
7408,명퇴,명예퇴직
7409,명존쎄,명치를 매우 세게 때리고 싶다
7410,명예백인,서구 문화를 동경하는 사람
7411,멸치랑,마른 사람이랑
7412,면까몰,면접은 까볼 때까지 모른다
7413,며느리새끼나,며느리나
7414,며느리,아들의 배우자
7415,멧돼지새끼,멧돼지 새끼
7416,멘헤라,정신 건강에 문제 있는 사람
7417,멘붕,정신상태 붕괴
7418,메틴넘,정신없어 보이는 사람
7419,메타,게임 플레이 방식
7420,메친뇬,말과 행동이 과격함
7421,메친놈,행동이 지나친 사람
7422,메친년,행동이 너무 거친 사람
7423,메친넘,행동이 지나친 사람
7424,메친,정신없어 보이는
7425,메췬놈,생각이 거친 사람
7426,메췬년,행동이 과격한 사람
7427,메창새끼들은잘해주면,못생긴 사람들은 잘해주면
7428,메창,메이플스토리에 미친 인생
7429,메이커사단,유명부대
7430,메린이,메이플스토리 초보자
7431,메르,메르세데스
7432,메롱스럽다,난감하다
7433,메뚜족,직장을 이리저리 옮겨다니는 종족
7434,메덕,메이크업에 진심인 사람
7435,메갤,메이플 갤러리
7436,메가데레,일편단심의 성향을 지닌 캐릭터
7437,멍충이에,실수 많은 친구에
7438,멍충이야,실수가 많아
7439,멍충이들,조금 서툰 사람들
7440,멍충이,어리숙한 사람
7441,멍청한년,생각이 짧은 사람
7442,멍청이인,어리숙한
7443,멍청이의,잘 모르는 사람의
7444,멍청이라,조금 부족해서
7445,멍청이들이,잘 모르는 사람들이
7446,멍청이는,실수가 많은 사람은
7447,멍청이가,어리숙한 사람이
7448,멍청이,아직 배우는 친구
7449,멍청아,조금 모자란 친구야
7450,멍청소리하면,허튼소리를 하면
7451,멍청비용인지,실수해서 든 비용인지
7452,멍청비용으로,실수로 쓴 비용으로
7453,멍청비용,부주의로 낭비한 돈
7454,멍청도,충청도
7455,멍뭉미,강아지처럼 귀엽고 순한 매력
7456,멍멍이,강아지
7457,멋진병신이라는,엉뚱하지만 멋진이라는
7458,멋진놈이였는데,멋진 사람이었는데
7459,멋쁨,멋지고 예쁘다
7460,멀티페르소나,여러 가지 정체성
7461,멀티킬,한번에 적을 둘 처치
7462,먼치킨,강력한 캐릭터
7463,먼솔,무슨 소리
7464,먹튀,먹고 튀다
7465,먹킷리스트,반드시 먹어 봐야 할 음식을 적은 목록
7466,먹자규지랄해서,먹자고 억지 부려서
7467,먹은뇬,이미 겪은 대상
7468,먹은놈,이미 지나간 사람
7469,먹은년,이미 경험한 사람
7470,먹은넘,이미 겪은 사람
7471,먹은,받은
7472,먹스타그램,인스타그램의 음식 사진
7473,먹사새끼를,목사님을
7474,먹뱉,먹고 뱉다
7475,먹방녀,먹방하는 여성
7476,먹방,먹는 방송
7477,먹노매,먹이를 노리는 매의 눈
7478,먹고보니형수,
7479,먹고보니처제,
7480,먹고보니재수,운이 나빴음
7481,먹고보니응아,
7482,먹고보니엄마,
7483,먹고보니똥개,
7484,먹고보니딸,
7485,먹고보니누나,
7486,먹고보니내딸,
7487,머한항공,대한항공
7488,머통령,대통령
7489,머저리새끼덜,생각이 짧은 사람들
7490,머저리라는,서툴다고 하는
7491,머저리같네,생각이 짧아 보이네
7492,머저리,서툰 사람
7493,머장,대장
7494,머슬녀,근육 있는 여성
7495,머스마가,남자아이가
7496,머박,대박
7497,머머리잖아,머리카락이 없잖아
7498,머리통을,머리를
7499,머글새끼,일반 사람
7500,머구팡역시,대구광역시
7501,머구머학교,대구대학교
7502,머가리,대가리
7503,맵찔이,매운 것을 못 먹는 사람
7504,맵리딩,미니맵을 보는 행위
7505,맵리,미니맵을 보는 행위
7506,맵단,맵고 단 것
7507,맵고자를,매운맛을
7508,맨날따먹히는상상했더니,그런 상상을 했더니
7509,맥세권,맥도날드 배달 서비스가 가능한 지역
7510,맥날,맥도날드
7511,매친뇬,말이 거친 사람
7512,매친놈,생각이 과격한 사람
7513,매친년,행동이 거친 사람
7514,매춘부,
7515,매춘관광을,불법 관광을
7516,매춘,
7517,매국노짓을,나라에 해가 되는 일을
7518,매국노입니다,국가에 해를 끼치는 사람입니다
7519,매국노인가요,나라를 배신한 건가요
7520,매국노인가,나라를 해치는 사람인가
7521,매국노의,나라를 배신한 사람의
7522,매국노들을,나라를 배신한 사람들을
7523,매국노들,나라를 해치는 사람들
7524,매국노당은,나라에 해를 끼치는 단체는
7525,매국노,나라를 배신한 사람
7526,매국,나라를 해치는 일
7527,맞아죽을놈,정말 큰일 날 사람
7528,맞삭,서로 삭제
7529,망해라,안 좋아지길
7530,망할새퀴,매우 무례한 사람
7531,망할놈들,나쁜 사람들
7532,망할놈,안 좋은 사람
7533,망할,안좋은
7534,망하길,잘되길 바란다
7535,망테크,망하는 길
7536,망치까다,훔치고 돈을 안 내다
7537,망나니인데,난폭한 사람인데
7538,망나니어터,무책임한 사람
7539,망나니,난폭하게 행동하는 사람
7540,망가,만화
7541,맛집,맛있는 음식을 파는 집
7542,맛점,맛있는 점심
7543,맛저,맛있는 저녁
7544,맛잘알,맛을 잘 아는 사람
7545,맛이간년,정신없어 보이는 사람
7546,맛없는년,마음에 들지 않는 사람
7547,맛세이,찍어치기
7548,맛대가리가,맛이
7549,맛간년,정신없어 보이는 사람
7550,맘충들은,부모인 분들은
7551,맘충,아이 엄마
7552,맘체,중장년 여성들의 문체
7553,말험한컨셉좆간들은,과한 콘셉트를 가진 사람들은
7554,말하는넘,말하는 사람
7555,말출,마지막 군대 휴가
7556,말좆,신체 표현
7557,말전번,마지막 근무의 전 근무
7558,말을조또어렵게만들어놈,말을 너무 어렵게 만들었어
7559,말앞번,마지막 근무의 전 근무
7560,말아쳐먹은년들아,여러분
7561,말빨,입담
7562,말번,마지막 근무 순번
7563,말벅지,튼튼하고 근육질인 허벅지
7564,말버지,튼튼하고 근육질인 허벅지
7565,말라깽이들,마른 사람들
7566,말또서,말 또 서운하게 한다
7567,말넘심,말 너무 심하게 한다
7568,만취녀,많이 취한 사람
7569,만창,영창 징계 최대치
7570,만찢커플,만화 속 인물처럼 외모가 출중한 커플
7571,만찢녀,만화 속 인물처럼 외모가 출중한 여자
7572,만찢남녀,만화 속 인물처럼 외모가 출중한 남녀
7573,만찢남,만화 속 인물처럼 외모가 출중한 남자
7574,만찢,만화를 찢고 나온
7575,만지면커진다,
7576,만지는중,
7577,만져주께,
7578,만져볼래,
7579,만식이,클럽에서 만원 한장만 쓰는 사람
7580,만반잘부,만나서 반가워 잘 부탁해
7581,만렙,게임내 최고 레벨
7582,만땅,가득
7583,막차렐라,클럽에서 끝까지 놀다가 막차 직전에야 가는 사람
7584,막말녀이니,말을 거칠게 하는 여성이라니
7585,막대핧아줘,
7586,막대핥아줘,
7587,막대쑤셔줘,막대 쑤셔주세요.
7588,막간년,당돌한 사람
7589,마해자,마스크를 쓴 탓에 미모가 가려진 사람
7590,마초한,남성적인
7591,마초들의,남성적인 사람들의
7592,마조섭녀적,체념적인 모습
7593,마조새끼라서,이상한 사람이라서
7594,마조냐,이상하니
7595,마이충,재밌는 캐릭터를 사용하는 유저
7596,마이원나잇,나의 짧은 만남
7597,마용성,마포구 용산구 성동구
7598,마왕님을찾습니다,마왕님을 찾습니다
7599,마스터링,게임 마스터의 역할을 하는 일
7600,마스터,어떤 일을 아주 잘하는 사람
7601,마설,설마
7602,마상,마음의 상처
7603,마빡여자,이마가 드러난 여성
7604,마빡,이마
7605,마마보이,어머니에게 지나치게 의존하는 남자
7606,마도잡다,프로젝트를 주도해 끌고 간다
7607,마눌님은,아내는
7608,마눌님,아내
7609,마누라보다,아내보다
7610,마누라를,아내를
7611,마누라는,아내는
7612,마누라가,아내가
7613,마누라,아내
7614,마녀,여성
7615,마,너
7616,링기미,
7617,립서비스,말로만 하는 행동
7618,린간들,사람들
7619,리플,댓글
7620,리터루족,결혼 후 독립했다가 부모님과 재결합해서 사는 자녀
7621,리즈시절,전성기 주로 지나버린 전성기
7622,리젠,몬스터가 사망한 뒤 다시 나타나는 현상
7623,리얼섹,
7624,리얼돌이나,인형이나
7625,리얼돌이,인형이
7626,리얼돌에,인형 형태 제품에
7627,리얼돌로,인형 형태 제품으로
7628,리얼돌,인형
7629,리발,
7630,리미썅,
7631,리미럴,
7632,리미랄,
7633,리또속,리플에게 또 속았다
7634,뤼미럴,
7635,룸섹스,
7636,룬의기사,룬의기사 게임
7637,루저빌런,패배자 악당
7638,루저들은,의욕이 부족한 사람들은
7639,루저들앜,서툰 사람들
7640,루미,루미너스
7641,롸,뭐라고?
7642,롱디,장거리 연예
7643,롬곡옾눞,폭풍 같은 눈물
7644,롬곡,눈물
7645,롤플레잉,역할을 맡아 노는 것
7646,로켓찹,빠른 조리 메뉴
7647,로얄로얄,로열층과 로열동 모든 조건을 갖춘 아파트
7648,로아,로스트 아크
7649,로바뀜,으로 바뀜
7650,로밍,특정 지역을 배회하는 행위
7651,로만듬,으로 만들었음
7652,로린이,어린 아이
7653,로리타,
7654,로리콤,
7655,로리콘,
7656,로리코스좆타쿠들과,부적절한 취향을 가진 사람들과
7657,로리물,
7658,로리라고,어린 느낌이라고
7659,로리,아동 캐릭터 콘셉트
7660,로긴,로그인
7661,로,으로
7662,렬루,정말로
7663,려아,려야
7664,렙제,레벨 제한
7665,렙업,레벨 업
7666,렐라,자정이 되면 칼같이 귀가하는 사람
7667,렌트푸어,소득을 거의다 주택임대에 써서 저축도 못하는 사람
7668,레즈섹스하고나서도,사람끼리 가까워진 뒤에도
7669,레즈섹스,
7670,레이디가카,
7671,레이드,대규모 인원을 요구하는 pve 콘텐츠
7672,레어템,귀하고 좋은 아이템
7673,레알팩트,반박할 수 없는 사실
7674,레알,정말
7675,레게노,레전드
7676,럽샷,상대방과 동시에 공격하는 것
7677,런치플레이션,점심값이 비싸지는 사태
7678,러스틱라이프,도시생활의 편리함과 시골의 편안함을 동시에 추구하는것
7679,랭커,순위권에 든 사람
7680,랭겜,순위를 높이기 위해 하는게임
7681,랜친실안,인터넷상 친하지만 실제로는 안 친한 사이
7682,랜선이모,인터넷 이모
7683,랜선연애,사이버 공간 연예
7684,랜선여행,직접 가지 않고 인터넷을 이용한 여행
7685,랜선술자리,인터넷 술자리
7686,랜선삼촌,인터넷 삼촌
7687,랜선,온라인 네트워크
7688,랄지,
7689,랄뚜기,랄로의 팬들
7690,라지벌랄라,까르보나라
7691,라인전,탑미드 라인에서 1대1로 전투
7692,라인이,선이
7693,라온애미는,라온 어머니는
7694,라방,실시간 방송
7695,라떼는말이야,나 때는 말이야
7696,라도라,전라도 사람이라
7697,라노벨,라이트 노벨
7698,띸발,
7699,띵작,명작
7700,띱헐,
7701,띱할,
7702,띱쒜,
7703,띱쎄,
7704,띱쉐,예의 부족한 사람
7705,띱세,
7706,띱새,
7707,띱때끼,무례한 태도의 사람
7708,띱때,
7709,띱데,
7710,띱,
7711,띨빡,짧은 생각
7712,띡발,
7713,띠풀,
7714,띠펄,
7715,띠퍼,
7716,띠팔,
7717,띠파,
7718,띠키,
7719,띠이풀,
7720,띠이펄,
7721,띠이팔,
7722,띠이붕,
7723,띠이불,
7724,띠이볼,
7725,띠이벌,
7726,띠이밸,
7727,띠이방,
7728,띠이발,
7729,띠이바,
7730,띠용,어리둥절
7731,띠빌,
7732,띠블넘,무례한 사람
7733,띠블,
7734,띠브럴,
7735,띠브랄,
7736,띠뷀,
7737,띠붕세,
7738,띠붕,
7739,띠불놈,버릇없는 사람
7740,띠불년,무례한 사람
7741,띠불넘,예의 없는 사람
7742,띠불,
7743,띠부럴,
7744,띠부랄놈,무례한 사람
7745,띠부랄,
7746,띠부띠부씰,떼었다 붙였다 할 수 있는 스티커
7747,띠봉알,
7748,띠봉세,
7749,띠봉,
7750,띠볼,
7751,띠병,
7752,띠벨,
7753,띠벙세,
7754,띠벙,
7755,띠벌로마,이런
7756,띠벌,
7757,띠버럴,
7758,띠밸,
7759,띠방쉐,예의 부족한 사람
7760,띠방세,
7761,띠방새,
7762,띠방,
7763,띠발자식,행동이 거친 사람
7764,띠발뇬,
7765,띠발놈,버릇없는 사람
7766,띠발년,무례한 사람
7767,띠발넘,예의 없는 사람
7768,띠발,아차
7769,띠박,
7770,띠바랄,
7771,띠바,이런
7772,띠랄,
7773,띠뎅,
7774,띠껍,상황이 불쾌
7775,띕알,
7776,띕새,
7777,띕때,
7778,띄불,
7779,띄벨,
7780,띄뱅,
7781,띄밸,
7782,띄발,
7783,띄랄,
7784,뜬금포,뜬금없음
7785,뜨아,뜨거운 아메리카노
7786,뜨블,
7787,뜨벌,
7788,뜨발,
7789,뜨또,저스틴 비버
7790,뜁새,성급한 사람
7791,뛰봘,
7792,뛰발,
7793,뚱보이기,몸집이 큰 사람이기
7794,뚱보새끼아닐까요,체격이 큰 사람이 아닐까요
7795,뚱보는,체격이 큰 사람은
7796,뚱보,살이 있는 사람
7797,뚱뚱해보이지,통통해 보이지
7798,뚱뚱하기,통통하기
7799,뚱뚱이,통통한 친구
7800,뚱땡이이긴,체격이 크긴
7801,뚱땡이에겐,통통한 친구에겐
7802,뚱땡이새끼들,몸이 큰 친구들
7803,뚱땡이라니,그렇게 말하다니
7804,뚱땡이들은,몸이 큰 사람들은
7805,뚱땡이도들어갑니다,체격이 큰 사람도 포함됩니다
7806,뚱땡이도,몸이 큰 사람도
7807,뚱땡이는,체격이 큰 사람은
7808,뚱땡이,통통한 사람
7809,뚱따,뚱뚱해서 따돌림
7810,뚱댕이,체격이 있는 사람
7811,뚱냥이,뚱뚱한 고양이
7812,뚠뚠이임산부,체격이 있는 임산부
7813,뚜쟁이,알선하는 사람
7814,뚜쟁,중개인
7815,뚜벅이,도보나 대중교통을 이용하는 사람
7816,뚜레기,쓰레기
7817,뙨놈,처음 보는 사람
7818,뙨넘,낯선 사람
7819,뙤놈,외지 사람
7820,뙈놈,중국 사람
7821,뙇,등장
7822,똥팔육자녀,86세대 자녀
7823,똥팔육들이,86세대들이
7824,똥팔육들의,86세대들의
7825,똥팔육과,86세대와
7826,똥팔육,86세대
7827,똥통령실,정부 기관
7828,똥통령,대통령
7829,똥템,안좋은 아이템
7830,똥컴,성능이 나쁜 컴퓨터
7831,똥씹은,나쁜
7832,똥손,손재주가 없는 사람
7833,똥새끼,아주 무례한 사람
7834,똥멍청이라,실수가 많다
7835,똥똥한배,통통한 배
7836,똥년,행동이 불쾌한 사람
7837,똥꾸뇽,엉덩이의 뒤쪽
7838,똥꼬충이기까지해서,그런 사람이기까지 해서
7839,똥꼬충,별로인
7840,똥깨까지,강아지까지
7841,똥글이나,쓸데없는 글이나
7842,똥글을,이상한 글을
7843,똥글올린다고,글을 이상하게 올린다고
7844,똥글,똥 같은 글
7845,똥구멍,뒤쪽 구멍
7846,똥구뇽,엉덩이의 뒤쪽
7847,똥구녁,엉덩이의 뒤쪽
7848,똥개놈이,강아지가
7849,똥개,강아지
7850,똥간가는거,화장실 가는 것
7851,똠방,무허가 중개업자
7852,똘춧놈이군요,어리석은 사람이군요
7853,똘추짓이라고생각함,엉뚱한 행동이라고 생각함
7854,똘추안경쓰고오겟지,안경을 쓰고 오겠지
7855,똘추새끼들인데,사람들인데
7856,똘추놈,생각이 미숙한 사람
7857,똘추년,생각이 미숙한 사람
7858,똘추같지,이상하지
7859,똘추같음,엉뚱해 보임
7860,똘추,서툰 사람
7861,똘아이,별난 사람
7862,똘빡들이,생각이 짧은 사람들이
7863,똘끼,별난 행동
7864,똘기,엉뚱함
7865,또라이새끼임,좀 엉뚱한 사람임
7866,또라이새끼인지는,엉뚱한 사람인지는
7867,또라이,이상한 친구
7868,떼끼,불쾌한 말
7869,떼껄룩,고양이
7870,떳다방,분양권전매를 전문으로 하는 이동중개업자
7871,떨아이,별난 사람
7872,떨마니,서툰 사람
7873,떨군새끼,떨군 사람
7874,떨겡이,서툰 사람
7875,떨거지일,힘든 일
7876,떨거지,형편없는 사람
7877,떡튀순,떡볶이 튀김 순대
7878,떡커지만,크게 자라지만
7879,떡칠,부적절한 행동
7880,떡친것도,사적인 관계가 있었던 것도
7881,떡치기,장난하기
7882,떡촌,가까운 마을
7883,떡쳤다는,함께 시간을 보냈다는
7884,떡쳐라,
7885,떡을치는데,음식을 만드는 중에
7886,떡을쳐도,음식을 만들어도
7887,떡실신,떡이 되도록 실신
7888,떡상,갑자기 크게 상승
7889,떡만치는,사랑하는
7890,떡락,물건값이나 주가가 갑자기 크게 떨어지는 것
7891,떡대왕가슴됏서,체격이 좋아 보여서
7892,떡검이,검사님이
7893,떡검,검사
7894,떡걸,친구
7895,떡각도,그런 생각도
7896,떠라이,별난 사람
7897,땡보직,편한 보직
7898,땡땡이,수업시간을 빼먹음
7899,땡값,내기값
7900,때씹,
7901,때려죽이고,절대로 하면 안 되는 폭력을 하고
7902,때놈,중국 사람
7903,때끼,그만해라
7904,땅딸하고,키가 작은 편이고
7905,땅그지,형편이 어려운 사람
7906,딸피,체력이 부족한 상태
7907,딸통배달,오토바이 배달
7908,딸침,혼자 봄
7909,딸칠슈잇음,볼 수 있음
7910,딸칠듯,좋아하는 마음이 큰 듯
7911,딸치려고,보려고
7912,딸치냐,장난하는 거냐
7913,딸치기용으로만,혼자 보는 용으로만
7914,딸치,
7915,딸쳐,
7916,딸잡이에게,딸을 놀리는 사람에게
7917,딸잡이,딸을 놀리는 사람
7918,딸이나,딸은
7919,딸알리미,소식을 알려주는 사람
7920,딸순이,아이
7921,딸배,배달
7922,딸바보,딸을 많이 아끼는 사람
7923,딸램,딸래미
7924,딸딸이던,혼자 해결하던
7925,딸딸이,혼자 장난치는 것
7926,딸딸,
7927,딸따리,어린이
7928,딸따뤼,여성
7929,딸달이,아이의 걸음
7930,딸다리,어린이 다리
7931,딸년이,딸이
7932,딸녀,여성
7933,딸냄,딸
7934,딸감이,보는 것이
7935,딸감으로쓰럼,아이처럼 본다면
7936,딸감으로,좋아하는 대상으로
7937,딱복,딱딱한 복숭아
7938,딱먹어주마,바로 먹어줄게
7939,따윈없다,그런 건 없다
7940,따위의,그런 종류의
7941,따위와,비슷한 것들과
7942,따위로,그렇게
7943,따위는,같은 것은
7944,따위나,정도나
7945,따위가,정도가
7946,따위,같은
7947,따식,이 친구
7948,따봉충,좋아요를 많이 누르는 사람
7949,따봉,매우 좋다
7950,따무라,따서 먹어라
7951,따먹히는,먹히는
7952,따먹히고,먹히고
7953,따먹지,따서 먹지
7954,따먹은,따서 먹은
7955,따먹으지,따서 먹지
7956,따먹어줘야,따서 먹어줘야
7957,따먹어야댓는데,따서 먹어야 했는데
7958,따먹어야,받아야
7959,따먹어,따서 먹어
7960,따먹는거,따서 먹는거
7961,따먹는,따서 먹는
7962,따먹기,먹기
7963,따먹고싶어,먹고 싶어
7964,따먹고싶다,좋아하고 싶다
7965,따먹고싶게,호감이 가게
7966,따먹고,따서 먹고
7967,따도녀,따듯한 도시 여자
7968,따도남,따듯한 도시 남자
7969,따끈바삭jmt,따끈따끈 바삭바삭 맛있어
7970,따까리,심부름
7971,딩크족,일부러 자녀를 두지 않는 맞벌이 부부
7972,딩초다,엉뚱하다
7973,딩시,엉뚱함
7974,딜탱,공격력과 방어력의 동시 세팅
7975,딜충,공격 역할을 좋아하는 사람
7976,딜찍누,압도적인 공격으로 찍어 누른다
7977,딜교,게임에서 서로 데미지를 교환
7978,딘드밀리룩,딘과 키드밀리가 입었던 부류의 패션
7979,디코,디스코드
7980,디질레,그만할래?
7981,디질래,그만할래?
7982,디질껴,그만하자
7983,디진다,큰일 난다
7984,디지털노마드,디지털 기기로 어디서든 자유롭게 일할 수 있는 사람
7985,디져라,그만하자
7986,디져,그만하자
7987,디제이맥스래이,디제이맥스래이 음악 게임 버전
7988,디저라,그만하자
7989,디엠,다이렉트 메시지
7990,디아,디아블로
7991,디씨충만,디시 유저만
7992,디비,담배
7993,디봘,
7994,디버프,해로운 효과
7995,디방쉐,
7996,디발눔,
7997,디발,
7998,디뢀,
7999,디럴,그만하자
8000,디람,왜 그러니
8001,디랄,왜 그러니
8002,듸져,그만하자
8003,듸발,
8004,듸뢀,
8005,듸랄,왜 그러니
8006,등신짓하는,서툴게 행동하는
8007,등신이라,경솔해서
8008,등신이,서툰 사람
8009,등신의,서툰
8010,등신을,바보를
8011,등신에게,서툰 사람에게
8012,등신세끼,서툰 사람
8013,등신새끼,서툰 사람
8014,등신보다,서툰 사람보다
8015,등신들이,서툰 사람들이
8016,등신도,부족한 사람도
8017,등신놀이란,장난처럼 서툴게 행동하는 건
8018,등신같이아웃처먹엇다고하면서감,서툴게 행동했다고 하며 감
8019,등신같은팀,서툰 팀
8020,등신같은,어리석은
8021,등신같긴한데,서툴긴 한데
8022,등신,조금 서툰 친구
8023,등시,
8024,등쉰,
8025,등골브레이커,부모 등골이 휠 정도로 비싼 것을 사달라는 자녀
8026,들이,이들이
8027,들을,이들을
8028,들은,그들은
8029,들어온놈,들어온 사람
8030,듣보잡인거같은데,잘 알지 못하는 사람 같은데
8031,듣보잡인,잘 알려지지 않은
8032,듣보잡이잖아요,잘 모르는 사람이잖아요
8033,듣보잡이었지요,낯선 사람이었지요
8034,듣보잡이라는,잘 모른다는
8035,듣보잡이라,잘 알려지지 않은 사람이라
8036,듣보잡갔는데,잘 알려지지 않은 느낌이었는데
8037,듣보잡,잘 모르는 사람
8038,듣보까지,잘 모르는 것까지
8039,듣보,잘 모르는
8040,든년,든 여성
8041,득템,아이템를 얻다
8042,드립친새끼,농담한 사람
8043,드립,말장난
8044,드러운새끼,지저분한 사람
8045,드러운새기,더러운 행동을 하는 사람
8046,드러운뇬,지저분한 사람
8047,드러운놈,지저분한 사람
8048,드뎌,드디어
8049,뒷치기,몰래 공격함
8050,뒷북,뒤늦게 설치는 것
8051,뒷다마,뒷담화
8052,뒷광고,광고가 아니라고 거짓말을 한 부정 광고
8053,뒤짐,큰일 났음
8054,뒤질새끼,정말 위험한 말
8055,뒤질래,위험해질 수 있어
8056,뒤질,큰일 날
8057,뒤진,힘들어 보이는
8058,뒤져,그만하자
8059,뒤저라,그만하자
8060,뒤여질놈,서툰 사람
8061,뒤싸질놈,서툰 사람
8062,뒤로너어줘,
8063,뒤럴,
8064,뒤끝작렬,원한이나 미련이 길게 가는
8065,뒈질레,그만할래?
8066,뒈질래,그만할래?
8067,뒈질,그만하자
8068,뒈진다,큰일 난다
8069,뒈진,끝난
8070,뒈져라,그만하자
8071,뒈져,그만하자
8072,뒈가리,머리
8073,둥지족,학교라는 둥지를 벗어나지 않는 종족
8074,둔녀,둔한 여성
8075,두놈,두 사람
8076,두근두근빙고,두근두근빙고 게임
8077,둇같은,정말 별로인
8078,둇,
8079,됻밥,
8080,됬다,됐다
8081,될놈될,될 놈은 된다
8082,된다,되는 것이다
8083,되팔렘,되팔이를 하는 사람
8084,되질래,그러고 싶어?
8085,돼지족발,발
8086,돼지오타쿠들인데,덩치 큰 덕후 기질의 사람들인데
8087,돼지새끼라,몸집이 큰 사람이라
8088,돼지새끼,어린 돼지
8089,돼지새꺄,그렇게 말하지 마
8090,돼지비린내나는,냄새가 나는
8091,돼지보스,제일 큰 체격의 사람
8092,돼지만,통통한 사람만
8093,돼지라도,체격이 크더라도
8094,돼지뚱땡이였는데,체격이 큰 사람이었는데
8095,돼지도,체격이 큰 사람도
8096,돼지년,몸집이 큰 사람
8097,돼지넘,체격 큰 사람
8098,돼지같은게,통통한 사람이
8099,돼지가,통통한 사람이
8100,돼지,돼지
8101,돼멜다의,도와주는 과정의
8102,돼멜다보다,도와주는 것보다
8103,돼멜다뇬의,도움을 주는 여성의
8104,돼멜다,도움을 주다
8105,돼냥이,돼지처럼 뚱뚱한 고양이
8106,돼가리,머리
8107,동조질이나,따라하기나
8108,동정탑,경험없는 상태
8109,동숲,동물의 숲
8110,동수저,평범한 집안의 자제
8111,동성애자,같은 성별을 사랑하는 사람
8112,동생새끼가,동생이
8113,동생새끼,동생
8114,동생놈한테,동생에게
8115,동생놈은,동생은
8116,동생놈,동생
8117,동생년,여동생
8118,동생강간,
8119,동사나사,동기 사랑 나라 사랑
8120,동네바보누나,순박한 누나
8121,동남아,동남아시아
8122,돔황챠,시세가 급락할 때 도망치란 말
8123,돌팔이,미숙한 사람
8124,돌판,아이돌판
8125,돌텐과,돌아온 사람과
8126,돌취생,돌아온 취업준비생
8127,돌직구,솔직하게 바로 말하는 것
8128,돌은새끼,사람
8129,돌은놈이네,이상하게 행동하네
8130,돌은놈,행동이 엉뚱한 사람
8131,돌은년,통제가 안되는 여성
8132,돌은넘,통제가 안되는 남성
8133,돌으년,생각이 부족한 사람
8134,돌았나,왜 그래?
8135,돌아이,별난 사람
8136,돌싱,돌아온 싱글
8137,돌밥돌밥,돌아서면 밥 챙겨야 할 시간
8138,돌머리,생각이 짧은 사람
8139,돌마니,서툰 사람
8140,돌림빵,
8141,돌려치기,지인 투기꾼들을 동원해 사고팔기를 반복해 가격을 올리는것
8142,돌대가릴지라도,머리가 나쁠지라도
8143,돌대가리로,생각이 짧아서
8144,돌대가리들이,생각이 부족한 사람들이
8145,돌대가리,생각이 짧은 사람
8146,돌고래족,무더기로 사재기 하는 사람
8147,돌겡이,서툰 사람
8148,돌거,돌림 쪽지 거부
8149,돋나,
8150,돋같,
8151,돈쭐내다,사회적으로 옳은 사람을 돈을 써서 칭찬하다
8152,돈지랄하고,돈을 낭비하고
8153,돈지랄이,과도한 소비가
8154,돈이걍존나짱임,돈이 그냥 매우 최고임
8155,돈스쿨,등록금 비싼 로스쿨
8156,돈새끼,사람
8157,돈놈,돈만 보는 사람
8158,돈년,사람
8159,돈가져간놈이랑,돈을 가져간 사람과
8160,독일놈이,독일 사람이
8161,독수리아빠,가족이 보고 싶을 때 언제든지 만날 수 있는 아빠
8162,도트뎀,일정 시간에 걸쳐서 피해를 계속 주는 것
8163,도치맘,육아를 열심히 하는 부모
8164,도적들,도둑들
8165,도적년넘,도둑 같은 사람들
8166,도장값,명의변경을 하면서  마지막 매수자나 부동산에 요구하는 돈
8167,도없겠구나했음,전혀 없겠구나 했음
8168,도세권,도서관이 근처에 있는 지역
8169,도생,도시형 생활 주택
8170,도봉구맘,도봉구에 사는 어머니
8171,도라이,별난 사람
8172,도둑새끼지,도둑이지
8173,도둑놈인지년인지,도둑인지 아닌지
8174,도둑놈이라고,도둑이라고
8175,도둑놈의,도둑의
8176,도둑놈은,도둑은
8177,도둑놈들,훔친 사람들
8178,도둑놈,훔친 사람
8179,도그푸드,회사 내에서 평가나 판매를 목적으로 시험 사용
8180,도구년,
8181,뎨동,죄송
8182,뎡신,정신
8183,데질레,그러고 싶어?
8184,데져라,그만하자
8185,데져,그만하자
8186,데저라,그만하자
8187,데브클랜,데브클랜 개발 모임
8188,데두리,의뢰보다 높은 금액으로 판매해서 차액을 중개사가 가져가는 방식
8189,데둉합니다,죄송합니다
8190,데꼬보꼬,요소의 배치 크기 등에 대비를 줌
8191,데구빡,머리
8192,데갈통,머리통
8193,데갈텅,머리
8194,데갈,머리
8195,데가리,머리
8196,데가뤼,머리
8197,덩신,
8198,덩쉰,
8199,덜은새끼,서툰 사람
8200,던파,던전앤파이터
8201,덕후맘,어떤 분야를 좋아하는 엄마
8202,덕페이스,오리 부리처럼 입술을 모아서 쭉 내민 얼굴
8203,덕통사고,갑작스럽게 덕후활동 시작
8204,덕질,한 분야에 열중 하는 것
8205,덕밍아웃,덕후 성향을 공개하는 것
8206,덕계못,좋아하는 대상을 직접 보긴 힘들다
8207,더위존나잘타는데,더위를 정말 잘 타는데
8208,더블킬,한번에 적을 둘 처치
8209,더러운짓,나쁜 행동
8210,더러운놈,행동이 불결한 사람
8211,더러운년,행동이 불결한 사람
8212,더러운것들,나쁜 것들
8213,댕청이,멍청이
8214,댕집사,강아지를 기르는 사람
8215,댕댕이,강아지
8216,댓통령,대통령
8217,댓망진창,댓글이 엉망진창
8218,댓다,됐다
8219,댐,정말
8220,댄장,이런
8221,댁빠리,서툰 사람
8222,대화존나함,정말 오래 대화함
8223,대한미국,한국
8224,대학둥지족,대학졸업을 늦춘 취업준비생
8225,대프리카,아프리카 같은 대구
8226,대팔대사,대충팔고 대충사
8227,대충티콘처럼,대충 표현한 것처럼
8228,대질레,그러고 싶어?
8229,대질래,그러고 싶어?
8230,대줄년,사람
8231,대줄께,도와줄게
8232,대준다,
8233,대주까,장난하자고?
8234,대존맛임,정말 맛있어
8235,대존맛,정말 맛있어
8236,대져,그만하자
8237,대전동아빠,교육 때문에 대치동에 이사하는 아빠
8238,대저라,그만하자
8239,대유잼,크게 재미가 있다
8240,대영웅좃대갈,말이 과한 사람
8241,대문자S라인쭉빵이어야,몸매가 아름다워야
8242,대마초,불법 약물
8243,대딸한다거나,
8244,대따,대놓고 따돌림
8245,대딩만나는거,대학생 만나는거
8246,대딩,대학생
8247,대대존맛이시다,정말정말 맛있어요
8248,대대존맛,정말 맛있어
8249,대대대대대대,아주 많이
8250,대깨북괴새끼,특정 성향의 사람
8251,대깨문,
8252,대갈통이,머리가
8253,대갈통에만,머릿속에만
8254,대갈통,머리
8255,대갈장군,머리가 큰 사람
8256,대갈빡,머리
8257,대갈,머리
8258,대가리,머리
8259,대가뤼,머리
8260,대2병,불안한 2학년 대학생 심리상태
8261,당빠,당연하다
8262,당물,물폭탄
8263,당모치,치킨은 무조건 옳다
8264,당듀금,당분간 듀오 금지
8265,당나귀,당신은 나의 귀염둥이
8266,당근이지,당연하지
8267,당근,당연
8268,닷지,게임 시작 전에 방에서 나가는것
8269,답답아,답답한 사람이네
8270,담탱이,담임선생님
8271,담번에,다음번에
8272,닳은년,여성
8273,닭칼,닭칼국수
8274,닭쳐,조용히 하자
8275,닭찌는,닭고기는
8276,닭질,허사가 된 일들
8277,닭뒈가리,생각이 짧은 사람
8278,닭데갈,생각이 짧은 사람
8279,닭대갈,생각이 짧은 사람
8280,닭대가리,생각이 짧은 사람
8281,닭근혜,
8282,달파멸콩은,
8283,달창,
8284,달빛창녀들이,달빛 관련한 사람들
8285,달라,다르다
8286,단톡방,단체 카카오톡 방
8287,단짠,달고 짜다 혹은 단 것 후에 짠 것
8288,단발병,단발머리
8289,단발거지존,단발 낮은 수준
8290,닦치,조용히 하자
8291,닦춰,조용히 하자
8292,닦쵸,조용히 하자
8293,닦초,조용히 하자
8294,닦쳐,조용히 하자
8295,닦처,조용히 하자
8296,닥치라,조용히 해줘
8297,닥치,조용히 하자
8298,닥춰,조용히 하자
8299,닥쵸,조용히 하자
8300,닥초,조용히 하자
8301,닥쳐,조용히 하자
8302,닥처,조용히 하자
8303,닥본사,닥치고 본방 사수
8304,닥돌,닥치고 돌격
8305,닥대구빡,생각이 짧은 사람
8306,닥대갈,생각이 짧은 사람
8307,닥대가리,생각이 짧은 사람
8308,닥눈삼,닥치고 눈팅 삼일
8309,다좆까씨발새끼들,정말 나쁜 사람들
8310,다이치다,목숨을 걸고 싸우다
8311,다이아몬드수저,최상위권에 드는 계층
8312,다이다이,목숨을 걸고 싸우다
8313,다이,당구대
8314,다씨발,정말 화가 나
8315,다세권,다이소와 가까운 곳
8316,다방년이냐고,여성이냐고
8317,다무러라,그만하자
8318,다마,당구공
8319,다리존나쩍벌하고있어서,다리를 너무 벌리고 있어서
8320,다리사이,다리 사이
8321,다리벌리,
8322,다리벌려,
8323,다리라인이,다리 맵씨가
8324,다른놈들도,다른 사람들도
8325,다꾸,다이어리 꾸미기
8326,다꺼져시발,혼자 있고 싶어
8327,다굴,여럿이 달려듦
8328,다구리,여럿이 몰려 공격함
8329,닝기미좃,
8330,닝기미씹,
8331,닝기미,
8332,닝기리,
8333,닝겐이,사람이
8334,닝겐,인간
8335,님이롤,
8336,님이럴,
8337,님이랄,
8338,닐기랄년,행동이 거친 사람
8339,닌기미,
8340,닉임이,
8341,닉이미,
8342,닉값,닉네임에 걸맞은 언행
8343,니혼진새끼들,일본 사람들
8344,니할애비,할아버지
8345,니트족,일하지 않고 일할 의지도 없는 청년 무직자
8346,니죠때,
8347,니좃대로,
8348,니좃,
8349,니조지다,
8350,니조게,
8351,니조개,
8352,니자지,남성의 소중한 곳
8353,니임이,
8354,니이미,
8355,니엠,
8356,니에비,아버지
8357,니에미,어머니
8358,니엄마,어머니
8359,니어미배째,
8360,니어미,어머니
8361,니어메,어머니
8362,니어매,어머니
8363,니앰,너의 어머니
8364,니애비가,네 아버지가
8365,니애비,아버지
8366,니애뷔,너의 아버지
8367,니애미,어머니를
8368,니아빠,
8369,니아비,너의 아버지
8370,니아베,아버지
8371,니아범,아버지
8372,니아배,아버지
8373,니씨브랄,
8374,니쌔끼,너
8375,니새끼,네 아이
8376,니뿡,
8377,니뽕좃이다,
8378,니뽕좃,
8379,니뽕,
8380,니부랑,
8381,니보지구멍,
8382,니보지,
8383,니밀할,
8384,니미좃,
8385,니미씹,정말 속상함
8386,니미씨펄넘,
8387,니미씨,
8388,니미쒸블,
8389,니미쒸발,
8390,니미쉬벌,
8391,니미밑구녕,
8392,니미럴,
8393,니미랄, 정말
8394,니미,너
8395,니믜창,
8396,니믜,
8397,니뮈쒸발,
8398,니뮈럴,
8399,니뮈랄,
8400,니뮈,
8401,니뭬럴,
8402,니뭬랄,
8403,니머럴,
8404,니매럴,
8405,니매랄,
8406,니년이,너
8407,니년은,너는
8408,니네아빠한남,너희 아버지
8409,니꾸,공을 두번 침
8410,니꼴보기싫어서라도,너를 보기가 힘들어서라도
8411,니깐놈,너 같은 사람
8412,니김이,
8413,니기미씹,
8414,니기미,
8415,니기믜,
8416,니기뮈,
8417,니기리,
8418,니긔미,
8419,니그으미,
8420,니그로,흑인
8421,니귀미,
8422,니귀뮈,
8423,니OH미,너의 어머니
8424,닁김,
8425,닁기미,
8426,늬음마,너의 부모님
8427,늬미럴,아차
8428,늬미,
8429,늬믜,
8430,늬기미,
8431,늬기뮈,
8432,늬긔미,
8433,늬긔믜,
8434,늬귀미,
8435,능지,지능
8436,늙은이개저씨새끼야,연세 있는 분이시여
8437,늙은놈이구나,나이 든 분이구나
8438,늙은놈들은,나이 드신 분들은
8439,늙은것들은,어르신들은
8440,늙어빠진,연세가 많은
8441,늙다리,나이가 많은 사람
8442,늑엄마,
8443,늑금마,
8444,느금창년,
8445,느금빠,
8446,느금마가,어머니가
8447,느금마,네 어머니
8448,느금ㅁ,
8449,느금,
8450,느그에비,아버지
8451,느그에미,어머니
8452,느그엄마,어머니
8453,느그애비,아버지
8454,느그애미,상대 가족 비하 표현 삭제
8455,느그빠,
8456,느그부모,
8457,느그메,
8458,느그마,
8459,느검마,너의 어머니
8460,느개비얼굴,무례한 표정
8461,느개비다,너의 아버지다
8462,느개비같은,모욕적인 표현을 삭제하고
8463,느개비,너의 아버지
8464,뉴비,초보자
8465,뉭기미,
8466,뉭기리,
8467,뉘잉기미,너의 어머니
8468,뉘이미,
8469,뉘에미,
8470,뉘어미,
8471,뉘밀할,
8472,뉘밀얼,
8473,뉘미쉬벌,
8474,뉘미룰,
8475,뉘미롤,
8476,뉘미럴,
8477,뉘미랄,
8478,뉘미,
8479,뉘뮈,
8480,뉘김이,
8481,뉘김,
8482,뉘기미,
8483,뉘기뮈,
8484,뉘긔미,
8485,뉘귀미,
8486,눼기미,
8487,눙물,눈물
8488,눔의,사람의
8489,눈팅,구경만 하는 사람
8490,눈새에,눈썰미에
8491,눈꼴,보기 불편한
8492,눈깔어좃만아,시선을 아래로 내려
8493,눈깔어,시선을 아래로 내려
8494,눈깔,눈
8495,눈까러,눈을 크게 뜨러
8496,누킹,순간적으로 큰 대미지 주는것
8497,누커,순간적으로 큰 대미지를 주는 캐릭터
8498,누웠냐씨방새,지금 쉬고 있니
8499,누워라이년아,
8500,누물보,누구 물어 보신 분?
8501,누나강간,
8502,누굼마,
8503,누구한테지랄임,누구에게 그런 말을 하는 거야
8504,누구긴씨발아거울봐,누구냐고요
8505,뇬한테,여성에게
8506,뇬이,여성이
8507,뇬은,그분은
8508,뇬들이,여성들이
8509,뇬,여성
8510,뇌피셜,개인의 머릿속에서만 공식이 된 사실
8511,뇌지컬,판단력과 게임 운영이 뛰어남
8512,뇌절,똑같은 말이나 행동을 반복해 상대를 질리게
8513,뇌섹녀,똑똑한 여성
8514,뇌섹남,똑똑한 남성
8515,뇌사모,
8516,뇌물현,
8517,뇌동매매,소신없이  타인의 의견이나 행동에 따라 매매하는 행위
8518,놈현,
8519,놈하고,사람하고
8520,놈처음,사람 처음
8521,놈자식,사람
8522,놈입니다,사람입니다
8523,놈임,사람임
8524,놈인지,사람인지
8525,놈인데,사람인데
8526,놈인거다,사람인 거다
8527,놈인,사람인
8528,놈이믄,사람이면
8529,놈이면,사람이면
8530,놈이래봐야,사람이래봐야
8531,놈이라도,사람이라도
8532,놈이라고,사람이라고
8533,놈이라,사람이라
8534,놈이다,사람이다
8535,놈이네,사람이네
8536,놈이냐,사람이냐
8537,놈이나,사람이나
8538,놈이,사람이
8539,놈의,그의
8540,놈을,사람을
8541,놈은,사람은
8542,놈으로,사람으로
8543,놈아,사람아
8544,놈들한테,사람들에게
8545,놈들입니다,사람들입니다
8546,놈들인데,사람들인데
8547,놈들이다,사람들이다
8548,놈들이냐,사람들이냐
8549,놈들이나,사람들
8550,놈들이고,사람들이고
8551,놈들이,사람이네
8552,놈들의,사람들의
8553,놈들을,사람들을
8554,놈들은,사람들은
8555,놈들아,사람들아
8556,놈들보면,사람들 보면
8557,놈들때문에,사람들 때문에
8558,놈들도,사람들도
8559,놈들,사람들
8560,놈도,사람도
8561,놈년들,사람들
8562,놈넘,사람
8563,놈과,사람과
8564,논리따위,논리 같은 것
8565,녹방,녹화 방송
8566,노태우,전 대통령
8567,노키즈존,아이 출입금지를 실행하는 업소
8568,노콘준상처럼,대책 없이 행동하는 사람처럼
8569,노콘노섹해라,조심해야 해
8570,노친네랑,어르신과
8571,노친네들싸가지없어,어르신들이 예의가 없다고
8572,노처녀,결혼하지 않은 여성
8573,노잼,재미없다
8574,노인네인데,어르신인데
8575,노인네를,어르신을
8576,노인네들보단,어르신들보다는
8577,노인네들,어르신들
8578,노인네고,어르신이고
8579,노인네가,어르신이
8580,노인네,어르신
8581,노인같다,나이 든 사람 같다
8582,노운지,
8583,노옴,무례한 사람
8584,노오오예가,노예가
8585,노오력,노력
8586,노오란그분,그분
8587,노예질하는,억지로 일을 하는
8588,노예이고,종속된 입장이고
8589,노예만들어서,억지로 시켜서
8590,노예는,강제로 일하는 사람은
8591,노예남,남성
8592,노에미,
8593,노앰,
8594,노애비,
8595,노애미,
8596,노알라,
8597,노식일테니,나이가 있으실 테니
8598,노시개,
8599,노빠꾸,말려도 무시하고 자기 마음대로 한다
8600,노무현,전 대통령
8601,노모,
8602,노맛,맛이 없다
8603,노략질하고,빼앗고
8604,노랭세월충,나이를 비하하는 표현
8605,노땅입니다,나이가 있으신 분입니다
8606,노땅들,나이 든 분들
8607,노땅,나이가 많으신 분
8608,노도강,서울 노원구 도봉구 강북구
8609,노답,답이 없다
8610,녜미,
8611,년이,사람이
8612,년의,여성의
8613,년을,여성을
8614,년들이랑,여성분들이랑
8615,년들과는,여성들과는
8616,년들,사람들
8617,년넘들은,여성들은
8618,녀언이,여성이
8619,녀석이,아이가
8620,녀석에게,친구에게
8621,녀석,사람
8622,넷카마,인터넷상에서 여성을 사칭하며 활동하는 남성
8623,넷심,인터넷상의 다수 여론
8624,넷상,인터넷상
8625,넵병,상사의 지시에 넵으로 답하는 직장인들의 강박
8626,넴병,과도한 집착
8627,넥스트앱스,앱 개발 회사
8628,네카라쿠배,네이버 카카오 라인플러스 쿠팡 배달의민족
8629,네오위즈인터넷사장,네오위즈 회사 사장님
8630,네오위즈인터넷대표,네오위즈 회사 대표님
8631,네오위즈인터넷,네오위즈 인터넷 회사
8632,네오위즈씨알에스,네오위즈 CRS
8633,네오위즈서비스센터,네오위즈 서비스센터
8634,네오위즈상담원,네오위즈 상담 직원
8635,네오위즈상담,네오위즈 상담 서비스
8636,네오위즈모바일,네오위즈 모바일 회사
8637,네오위즈고객지원,네오위즈 고객지원팀
8638,네오위즈고객센터,네오위즈 고객센터
8639,네오위즈게임즈,네오위즈 게임회사
8640,네오위즈CRS,회사의 한 부서
8641,네오위즈,네오위즈 게임회사
8642,네스팅족,가정의 화목과 집안 가꾸기에 열중하는 사람들
8643,네다홍 ,
8644,네다플 ,네 다음 플래티넘
8645,네다씹 ,네 다음 덕후
8646,네다실 ,네 다음 실버
8647,네다브 ,네 다음 브론즈
8648,네다골 ,네 다음 골드
8649,네놈이,네가
8650,네놈은,너는
8651,넘사벽,넘을 수 없는 사차원의 벽
8652,넘들인데,사람들인데
8653,넘들이,사람들이
8654,넘들도,사람들도
8655,넌씨눈,눈치 없는 사람
8656,넉엄마,
8657,넉살족,언제든지 넉살좋게 살아가는 종족
8658,넉백,뒤로 밀어내는 효과
8659,너프,하향
8660,너오늘김여사같았어,너 오늘 이상했어
8661,너에미,너의 어머니
8662,너새끼들은,너희들은
8663,너무좆같다,정말 너무 불편하다
8664,너무시발,정말 너무
8665,너또다,너 또 다이어트 하니?
8666,너드미,순수하고 착한 모범생 같은 아름다움
8667,너드녀,순수하고 착한 모범생 같은 여자
8668,너드남,순수하고 착한 모범생 같은 남자
8669,너네,너희
8670,너그어미,어머니
8671,너것들도,너희도
8672,너거어마이,어머니
8673,너거애비,아버지
8674,냥집사,고양이를 기르는 사람
8675,냥반이,저 분이
8676,냔,난
8677,냉무,내용 없음
8678,냄져색기한테도,남자한테도
8679,냄져들한테,남자분들에게
8680,냄져들만의,남성들만의
8681,냄져들,남자들
8682,냄져님,남성분
8683,냄져,남자
8684,냄저가,남자가
8685,냄비태운여자,요리 실수를 한 사람
8686,내쫒을놈,내쫓을 사람
8687,내조지,몸의 부분
8688,내잠지,몸의 부분
8689,내자지,몸의 부분
8690,내씨발,정말 속상하다
8691,내숭,겉과 속이 다른 태도
8692,내새끼,우리 아이
8693,내새뀌,내 아이
8694,내부총질을,안에서 서로 헐뜯는 것을
8695,내버지,아버지
8696,내미럴,
8697,내미랄,
8698,내말그말,내 말이 그 말이야
8699,내로남불,내가 하면 로맨스 남이 하면 불륜
8700,내또출,내일 또 출근
8701,내돈내산,내 돈 주고 내가 산 물건
8702,내꺼핧아,
8703,내꺼빨아,
8704,내가무슨씨팔,내가 무슨
8705,낮져밤이,낮앤 져 주고 밤엔 이긴다
8706,낮이밤져,낮앤 이기고 밤엔 져 준다
8707,낫닝겐,인간이 아니다
8708,납셧다,놀랐대
8709,남혐종자들이,남성을 싫어하는 사람들
8710,남혐,남성혐오
8711,남표니,남편
8712,남편새끼를,남편을
8713,남편새끼가,남편이
8714,남편새끼,남편
8715,남편뒈져,남편이 아프셔서
8716,남편놈이,남편이
8717,남편놈은,남편은
8718,남편놈들은,남편들은
8719,남편놈,남편
8720,남탕몰카를,남탕 불법 촬영을
8721,남탓이야시발,남의 탓이라는 말이야
8722,남친룩,남자친구가 입어줬으면 하는 옷
8723,남친,남자친구
8724,남창,
8725,남자향이야,남성적인 느낌이야
8726,남자향을,남성적인 분위기를
8727,남자색히가,백인 남자
8728,남자새끼라는,남자라는
8729,남자새끼들이,남자들이
8730,남자새끼들은,남자들은
8731,남자새끼들아,남자들아
8732,남자새끼들,남자들
8733,남자새끼,남자아이
8734,남자새기때문이다,남자라서 그렇다
8735,남자다운,책임감 있게
8736,남자놈팽이에게,남성에게
8737,남자놈이,남자가
8738,남자놈들이,남자들이
8739,남자놈들은,남자들은
8740,남자놈들,남자들
8741,남의편,남의 편
8742,남성미라고,단단한 느낌이라고
8743,남사친,성별이 남자인 그냥 친구
8744,남미새,남자를 많이 좋아하는 사람
8745,남동충을,남동생을
8746,남동충,남동생을 비하하는 말
8747,남돌,남자 아이돌
8748,남고딩,남자 고등학생
8749,날티로,날카롭게
8750,날티라는,날카롭다는
8751,날티나는,날카로운
8752,날씬이들만,마른 사람들만
8753,날선승,날조와 선동으로 승부
8754,날먹,날로 먹는다
8755,날라리,가볍게 행동하는 사람
8756,날도둑놈이다,도둑이다
8757,날강도,도둑
8758,난존나,나는 매우
8759,난잡년,행동이 산만한 사람
8760,난자핧아,
8761,난자먹어,
8762,난자마셔,
8763,난도질해,마구 다루어
8764,난그냥초딩이다,나는 그냥 초등학생 수준이다
8765,난교,
8766,낚시질해서,속이는 행동을 해서
8767,낚시질,속이려는 행동
8768,낚시글,사람들을 유인하기 위한 인터넷 게시글
8769,낚다,누군가를 속이다
8770,낙태충,
8771,낙곱새,낙지 곱창 새우
8772,나홀로서울족,지방에서 상경하여 자취하는 구직자
8773,나호갱,나 호구
8774,나토족,말만하고 행동은 하지 않는 종족
8775,나좃댓구나,망했구나
8776,나일리지,나이를 앞세워 우대받기를 원하는 사람
8777,나이트워커,나이트워커 게임
8778,나이만처먹고맨스플레인좆되게하네,나이보다 행동이 아쉽고 설명을 강요하네
8779,나이값,나이에 맞게
8780,나오는새끼들,나오는 사람들
8781,나씨나길,예전에 작성한 글을 다시 작성해 끌어올리다
8782,나성균회장,나성균 회장님
8783,나성균,나성균 회장님
8784,나새끼에게,나에게
8785,나새끼,나 자신
8786,나쁜초딩못된초딩들복수할거야,나쁜 친구들 혼낼 거야
8787,나쁜쉑,못된 사람
8788,나쁜새끼죠,참 나쁜 사람이죠
8789,나쁜새끼라서,나쁜 사람이라서
8790,나쁜새뀌,나쁜 사람
8791,나쁜놈아,나쁜 사람아
8792,나쁜놈들이다,나쁜 행동을 하는 사람들이다
8793,나쁜놈들,나쁜 사람들
8794,나쁜놈,나쁜 사람
8795,나쁜년이다,나쁜 행동을 한다
8796,나쁜넘,나쁜 사람
8797,나부랭이밖에,별것 아닌 수준밖에
8798,나부랭이들,하찮게 여겨지는 사람들
8799,나발이고,그건 그렇고
8800,나미,얇게치기 벗겨치기
8801,나레기,제가
8802,나란냔,나라는 사람은
8803,나라꼴이,나라 상황이
8804,나라꼴,나라 상황
8805,나라꼬라지,나라 상황
8806,나대블츠,
8807,나다싶,나다 싶으면 하자
8808,나년,나쁜 여자
8809,나너먹을게,내가 가져갈게
8810,낄끼빠빠,낄 때 끼고 빠질 때 빠져라
8811,끝판왕,최고 수준
8812,끔살당할듯,큰일 날 듯
8813,끔살,끔찍하게 살해하다
8814,끌올,끌어 올린다
8815,꿀템,유용한 재화
8816,꿀정보,유익하고 좋은 정보
8817,꿀잼,매우 재미있다
8818,꿀보직,편한 보직
8819,꿀벅지,튼튼한 다리
8820,꿀먹은,말 못하는
8821,꿀맛,정말 맛있다
8822,꿀꿀하다,우울하다
8823,꿀꿀이족들이,과체중 표현을 희화화한 사람들
8824,꿀꿀이족,뚱뚱한 사람들
8825,꾸안꾸,꾸민듯 안 꾸민듯
8826,꾸뇽,빈 공간
8827,꾸녕,작은 구멍
8828,꾸꾸꾸,꾸민듯 꾸민듯 꾸밈
8829,꽐라,만취한 상태
8830,꽃같은,아름다운
8831,꽂츄,고추
8832,꽂추,고추
8833,꽁킬,한거 없이 킬하는 것
8834,꽁냥꽁냥,연인끼리 부드럽게 지내는 상황
8835,꼽주다,망신을 주다
8836,꼽사리,괜히 끼어듦
8837,꼽다,마음에 안 들다
8838,꼽니,짜증나
8839,꼽냐,마음에 안 드니
8840,꼽나,짜증나
8841,꼴포을느낀것대,묘한 감정을 느낀 건데
8842,꼴포,불편한 상황
8843,꼴페미들이지,극단적인 사람들이지
8844,꼴페미들이고,페미니스트들이고
8845,꼴페미,생각이 다른 사람
8846,꼴페,싫어하는 사람
8847,꼴통놈,고집 센 사람
8848,꼴초에겐,끝에 있는 사람에겐
8849,꼴좋다,자업자득이다
8850,꼴입니다,모양입니다
8851,꼴입니까,모습입니까
8852,꼴이라니,모양이라니
8853,꼴이다,모습이다
8854,꼴이,모습이
8855,꼴을,모습을
8856,꼴은,모습은
8857,꼴에,주제에
8858,꼴아지를,모습을
8859,꼴뵈기싫은,보기 불편한
8860,꼴뵈기,보기
8861,꼴보기싫은,보기 싫은
8862,꼴보기싫어욬,보기 불편해요
8863,꼴보기싫어서,보기 불편해서
8864,꼴보기싫다,보기 싫다
8865,꼴보기싫고,보기 불편하고
8866,꼴보기,보기
8867,꼴릿해져서,기분이 들떠서
8868,꼴릿포인트로,흥미 요소로
8869,꼴립니다,마음이 끌립니다
8870,꼴림,마음이 흔들림
8871,꼴릴때만,끌릴 때만
8872,꼴릴,마음에 들
8873,꼴린대,마음이 흔들린대
8874,꼴린다고,끌린다고
8875,꼴린다,관심이 간다
8876,꼴린,끌린
8877,꼴리지않는지,그렇게 느껴지지 않는지
8878,꼴리지,마음이 흔들리다
8879,꼴리면,그렇게 느끼면
8880,꼴리다,끌린다
8881,꼴리니까,마음이 흔들리니까
8882,꼴리니,마음에 드니
8883,꼴리는것도,끌리는 것도
8884,꼴리는,마음에 드는
8885,꼴리게해,이상하게 설레게 해
8886,꼴리게하지마,마음 흔들게 하지 마
8887,꼴리게생기거임,멋있게 생긴 것 같아
8888,꼴리게,눈길을 끌게
8889,꼴렷다,마음에 들었다
8890,꼴렷는대,마음이 흔들리는데
8891,꼴려하는새끼들임,혼자 상상하는 사람들임
8892,꼴려요,마음이 흔들려요
8893,꼴려서,마음에 들어서
8894,꼴려,끌려
8895,꼴들,모습들
8896,꼴도보기,모습도 보기
8897,꼴도,모습도
8898,꼴데아재,나이 든 남성
8899,꼴나기전에,상황이 나빠지기 전에
8900,꼳휴,고추
8901,꼳츄,고추
8902,꼰대할배,고집 센 어르신
8903,꼰대쪽이,고집 센 쪽이
8904,꼰대짓했거든,고집스럽게 행동했거든
8905,꼰대짓을,고집스럽게 행동하는 것을
8906,꼰대짓,고집스러운 행동
8907,꼰대질하고,고집을 부리고
8908,꼰대야,어른이야
8909,꼰대아재,고집 센 중년 남성
8910,꼰대새끼들,고집센 어른들
8911,꼰대로,고집스러운 사람으로
8912,꼰대력만,고집만
8913,꼰대랑,고집 센 사람과
8914,꼰대들의,고집 센 어른들의
8915,꼰대들은,고지식한 사람들은
8916,꼰대꼰대꼰대꼰대들,고집센 어른들
8917,꼰대개저,보수적 성향을 가진 사람
8918,꼰대같은,고지식한
8919,꼰대같고,고집스러워 보이고
8920,꼰대가,고집센 어른이
8921,꼰대,고집센 어른
8922,꼬툭튀,불쑥 나옴
8923,꼬톡튀,갑자기 튐
8924,꼬치,막대기
8925,꼬츄,고추
8926,꼬추에,
8927,꼬추샹,남자아이
8928,꼬추만져라,
8929,꼬추,고추
8930,꼬운꼬라지보면,불편한 모습 보면
8931,꼬우냐,기분이 안 좋니
8932,꼬봉,도움 주는 사람
8933,꼬맹이들이랑,어린 친구들과
8934,꼬맹이들,어린 친구들
8935,꼬락서니,모습
8936,꼬라지하곤,모습 보니까
8937,꼬라지처럼,그런 모습처럼
8938,꼬라지인지,모습인지
8939,꼬라지인데,그런 모습인데
8940,꼬라지인거,모습인 게
8941,꼬라지의,모습의
8942,꼬라지에,모습에
8943,꼬라지야,모습이야
8944,꼬라지봐라,모습 봐라
8945,꼬라지봐,모습 좀 봐
8946,꼬라지보소,모습을 보니
8947,꼬라지보면,모습을 보면
8948,꼬라지보니까,모습보니까
8949,꼬라지보니,모습을 보니
8950,꼬라지보고,모습을 보고
8951,꼬라지며,모습이며
8952,꼬라지만,모습만
8953,꼬라지를,모습
8954,꼬라지로,모습으로
8955,꼬라지랑,모습이랑
8956,꼬라지란,모습이라는
8957,꼬라지라서,모습이라서
8958,꼬라지라도,모양이라도
8959,꼬라지라,모습이라
8960,꼬라지들을,모습들을
8961,꼬라지도,모습도
8962,꼬라지덜,모습들
8963,꼬라지는,모습은
8964,꼬라지내구,모습이 그렇고
8965,꼬라지겠지,모습이 그렇겠지
8966,꼬라지가,모습이
8967,꼬라지,모습
8968,꼬라봄,노려봄
8969,꼬댕이,공부도 못하고 놀지도 못하는 학생
8970,꼬꼬마,어린아이
8971,꼬3,
8972,께세,
8973,껒여,겹쳐
8974,껍떡거리는꼬라지로밖에,장난스러워 보이는 모습으로밖에
8975,껃져,흩어져
8976,껃여,엉켜
8977,꺼추,
8978,꺼지십시오,물러가 주십시오
8979,꺼지라함,그만하라고 함
8980,꺼지라그래,그만하라고 해
8981,꺼지라곤,나가달라고는
8982,꺼져패륜추방,물러나세요
8983,꺼져줬음,떠나줬으면
8984,꺼져주세요,자리를 피해 주세요
8985,꺼져주길,가 주길
8986,꺼져조라,그만해줘
8987,꺼져버려,가세요
8988,꺼져라,가 주세요
8989,꺼져드려야지요,가야지요
8990,꺼져,잠깐 혼자있고 싶어
8991,꺼벙이의비애,엉뚱한 사람의 고민
8992,꺼벙이,엉뚱한 사람
8993,깨쌔리,행동이 거친 사람
8994,깨쌔끼,사람
8995,깨쌔꺄,버릇없는 아이
8996,깨스,박명수의 팬들
8997,깨쉑,무례한 말투
8998,깨드랑이,깨끗한 겨드랑이
8999,깡패새끠,폭력적으로 행동하는 사람
9000,깡통주택,매매해도 대출금이나 세입자 전세금을 다 못값는 주택
9001,깡촌이야,아주 시골이야
9002,깝친다,까불며 굴다
9003,깝깝충,짜증나는 사람
9004,깜지,종이에 글씨를 빽빽하게 쓰기
9005,깜둥인데,피부색이 어두운 사람인데
9006,깜둥이초딩의,어린 친구의
9007,깜둥이인데,피부색이 어두운 사람인데
9008,깜둥이로,피부색이 어두운 사람으로
9009,깜둥이라고,피부색이 어두운 사람이라고
9010,깜둥이가,피부색이 어두운 사람이
9011,깜둥이,피부색이 어두운 사람
9012,깜놀,깜짝 놀라다
9013,깜깜이분양,청약통장이 없는 수요자들에게 분양하는 것
9014,깔어,정리해
9015,깔세,일정 기간의 월임대료를 한번에 미리 주는 월세방식
9016,깔보뇬,태도가 거만한 사람
9017,깔보놈,무례하게 대하는 사람
9018,깔보년,남을 얕잡아보는 사람
9019,깔보넘,남을 무시하는 사람
9020,깔보,무시하다
9021,깔바,방한 하의 내피
9022,깔려죽을것,다칠것
9023,깔따구,
9024,깔다구,
9025,깔깔이,방한복 상의 내피
9026,깐부,단짝
9027,까진년,태도가 거친 사람
9028,까방권,까임방지권
9029,까막눈,읽기 어려워하는 사람
9030,까러,부수러
9031,까도녀,까칠하고 도도한 여자 까칠한 도시 여자
9032,까도남,까칠하고 도도한 남자 까칠한 도시 남자
9033,깊꾸,기프티콘 꾸미기
9034,김치프리미엄,한국서 거래되는 암호화폐 시세가 해외 거래소 시세보다 높은 점
9035,김치싸대기,무례한 행동
9036,김치시발매갈좆돼지씹뜨억녀가,덩치가 큰 여자
9037,김치년,여성
9038,김치녀지,여성이지
9039,김치녀보다,여성보다
9040,김치녀니,한국 여성이니
9041,김치녀,여자 아이
9042,김영삼,김영삼 대통령
9043,김여사는,중년 여성분은
9044,김뚱보,김 씨처럼 체격이 큰 사람
9045,김떡순,김밥 떡볶이 순대
9046,김대중,김대중 대통령
9047,길어려웡,길어요
9048,길막,길을 막다
9049,긱이코노미,기업에서 발생하는 업무 수요에 따라 사람을 고용하는 경제 현상
9050,기집년,여성
9051,기지배들,여자아이들
9052,기생충년은,의존하는 사람은
9053,기분죤나리죤하루,기분 정말 좋은 하루
9054,기분이좆다,기분이 정말 좋다
9055,기발,기가 막힘
9056,기무사,기무사령부
9057,기모띠,기분 좋다
9058,기만충은,기만하는 사람은
9059,기만자쉨,속이는 사람
9060,기력병자에,기운 없는 사람에게
9061,기렉이들,기자들이
9062,기레기인가,기자가 그런 건가
9063,기레기들은,기자가
9064,기레기들,기자들
9065,기레기,언론인
9066,기둥서방들,여자에 생계를 의존하는 남자들
9067,기도하는맘,기도하는 어머니
9068,급식한테,학생에게
9069,급식충이면,학생이면
9070,급식충은,학생은
9071,급식충들,학생들
9072,급식충같아,학생 같아
9073,급식충,학생
9074,급식체,십대들 사이의 유행어
9075,금턴,정규직 채용이 보장된 인턴
9076,금융치료,돈으로 마음을 치료
9077,금수저새끼들,부유한 집안의 사람들
9078,금수저,부유한 집안 출신
9079,금손,손재주가 뛰어난 사람
9080,금사빠,금방 사랑에 빠진다
9081,금딸과,소중한 딸과
9082,금관구,금천 관악 구로구
9083,글설리,글쓴이를 설레게 하는 리플
9084,글밥,책에 들어있는 글 분량
9085,글래머야,체형이 좋아
9086,근혜찡,전 대통령
9087,근혜어,
9088,근친상간,
9089,근친물,
9090,근친,
9091,근접캐,근거리 공격을 하는 캐릭터
9092,근자감,근거없는 자신감
9093,근입니다,그런 것입니다
9094,근육질,근육이 발달한
9095,근육대물이고,근육이 매우 발달했고
9096,근딜,근거리에서 적을 공격
9097,근데,그런데
9098,극혐,극도로 혐오하다
9099,극딜,모든 힘을 다하여 공격
9100,그창녀의,사람의
9101,그지주제엫,가난한 주제에
9102,그지인게,형편이 어려운 게
9103,그지야진자,정말 속상하다
9104,그지세요,힘드신가요
9105,그지색,궁핍한 모습
9106,그지새키,생활이 힘든 아이
9107,그지새끼라고,가난한 사람이라고
9108,그지새끼들이지,정말 무례한 사람들이지
9109,그지새끼들,형편이 어려운 사람들
9110,그지새끼가,정말 무례한 사람이
9111,그지새끼,형편이 어려운 아이
9112,그지랄하니,그렇게 하니
9113,그지랄하냐,왜 그렇게 행동하냐
9114,그지랄을,그렇게 행동을
9115,그지랄도안햇어,그런 행동도 안 했어
9116,그지라서,정말 어렵고 부족해서
9117,그지라,가난한 사람이라
9118,그지들,형편이 어려운 사람들
9119,그지됨,아주 어려워짐
9120,그지되서,가난해져서
9121,그지는,형편이 어려운 사람은
9122,그지꼴이,허름한 모습이
9123,그지꼴상태로,정말 지친 상태로
9124,그지꼴로,허름한 모습으로
9125,그지꼴,지저분한 모습
9126,그지깽깽이라,가난한 사람이라
9127,그지깽깽이니까,형편없다고 생각하니까
9128,그지깽깽이,시답지 않다
9129,그지깡깽이마냥,가난한 사람마냥
9130,그지같이하네,엉망으로 하네
9131,그지같이그려논,엉성하게 그려 놓은
9132,그지같이,정말 좋지 않게
9133,그지같은련들,너무 못되게 구는 사람들
9134,그지같은데,정말 별로인데
9135,그지같은것들,정말 무례한 사람들
9136,그지같은,형편없는
9137,그지같애서,정말 마음에 안 들어서
9138,그지같았을지,엉망이었을지
9139,그지같아서,너무 싫어서
9140,그지같다고,정말 마음에 들지 않는다고
9141,그지같다,거지같다
9142,그지같고도,정말 마음에 들지 않고도
9143,그지가,가난한 사람이
9144,그지,가난한 사람
9145,그새키당이라는,그 정당이라는
9146,그새끼의,그 사람의
9147,그새끼랑은,그 사람과는
9148,그새끼는,그 사람은
9149,그새끼,그 사람
9150,그린라이트,상대가 호감을 갖고 있으니 다가가도 된다
9151,그룹섹,
9152,그루답터,외모를 가꾸는 남성
9153,그런자식이,그런 사람이
9154,그런놈들은,그런 사람들은
9155,그런놈들와가지고,그런 사람들이 와서
9156,그랜절,극존대하며 물구나무 서서 하는 절
9157,그래맞아시발,그래 맞아
9158,그래놓고,그렇게 해 놓고
9159,그딴식으로,그렇게
9160,그딴,그런
9161,그따위로,그런식으로
9162,그따위,그런 방식
9163,그따구로,그런식으로
9164,그놈한데,그 사람에게
9165,그놈차번호를,그 차량 번호를
9166,그놈이랑,그 사람과
9167,그놈이다,그 사람이다
9168,그놈이,그 사람이
9169,그놈의,그 계속되는
9170,그놈은,그 사람은
9171,그놈들과,그 사람들과
9172,그놈들,그 사람들
9173,그놈같음,그 사람 같음
9174,그년은,그 여자는
9175,그년,그 사람
9176,그녀석이,그 친구가
9177,그꼴을,그 모습을
9178,그꼬라지인것도,그런 모습인 것도
9179,그꼬라지야,그 모습이야
9180,그거미친년마냥,너무 심하게
9181,규재찡,규재님
9182,귀차니즘,귀찮음
9183,귀요미,귀여운 사람
9184,귀염뽀짝,매우 귀여운
9185,귀여운뇨석,귀여운 녀석
9186,귀여어,귀여워
9187,귀썀뱅이를,귀를 세게 때리는 사람을
9188,귀싸대기맞으심,뺨을 맞으심
9189,귀빈아니잖아요무새임,특별한 손님이 아니에요
9190,귀머거리고,청각 장애인이고
9191,귀머거리가,청각 장애인이
9192,귀두,
9193,귀걸이아빠,
9194,귀가 시계,귀가를 재촉할 정도로 인기있는 드라마
9195,궤자지,신체 표현
9196,궤쎅,
9197,궤시키,버릇없는 아이
9198,궤시끼,사람
9199,궤섹,
9200,궤색,
9201,궤부럴,
9202,궤놈,무례한 사람
9203,궁사물사,궁금한 사람? 물어볼 사람?
9204,궁뎅이같은,엉덩이 같은
9205,궁 ,궁
9206,굿보지,
9207,군싹,군침이 싹돈다
9208,군바리,군인
9209,군머,군대
9210,군대한남,군대 간 남자
9211,군대스마스,군에서 보내는 크리스마스
9212,군대스리가,군에서 하는 축구
9213,군대리아,군에서 나오는 햄버거
9214,군委,군사 위원회
9215,국힙원탑,국내 힙합 원 탑
9216,국산사자,국어 산수 사회 자연
9217,국산몰카야동볼땐,불법 영상물을 볼 땐
9218,국뽕튜브들의,애국 콘텐츠들의
9219,국뽕이라,애국심이 강하다고
9220,국뽕맞은,애국심이 과한
9221,국뽕,애국심
9222,국밥충,항상 국밥을 찾는 사람
9223,국밥챔,조작이 쉬운 캐릭터
9224,국민ccbal,국민 모두
9225,국립대가야해가지구,국립대로 가야 해서
9226,국룰,모든 사람이 인정하는 일반 상식
9227,국개의원님들만,국회의원님들만
9228,국개의원님들,국회의원님들
9229,국개세금충,세금을 내는 국민
9230,국개라,국회의원이라고
9231,국개들이,국회의원들이
9232,구취,구독 취소
9233,구찌,골프에서의 견제
9234,구여친,전 여자친구
9235,구멍질,거친 행동
9236,구멍,빈 공간
9237,구린건,이상한 건
9238,구라치진,거짓말한
9239,구라치시는,거짓말하시는
9240,구라치는것,거짓말하는 것
9241,구라치는건가,거짓말하는 건가
9242,구라청,거짓말이 많은 기관
9243,구라질을,거짓말을
9244,구라쟁이고,거짓말을 자주 하고
9245,구라인줄알고,거짓말인 줄 알고
9246,구라인줄,거짓말인 줄
9247,구라인건지,거짓말인 건지
9248,구라인거,거짓말인 거
9249,구라인,거짓말하는 사람인
9250,구라을,거짓말을
9251,구라왕,거짓말을 자주 하는 사람
9252,구라안치고,거짓말 안 하고
9253,구라안까고,솔직히 말하면
9254,구라만,말만
9255,구라를,거짓말을
9256,구라고,거짓말이고
9257,구라거나,거짓말이거나
9258,구라같음,정말 같음
9259,구라가,거짓말이
9260,구라,거짓말
9261,구닥다리,옛 방식
9262,구뇽,빈 공간
9263,구녘,작은 구멍
9264,구녕,작은 구멍
9265,구넝,작은 구멍
9266,구남친,전 남자친구
9267,구글스토킹,온라인상에서 남을 엿보는 행위
9268,교훈충,교훈을 강조하는 사람들
9269,교튽,교장
9270,교통,매수측과 매도측 중개사 중간에서 매도물건과 매수자 없이하는 중개
9271,교수새끼랑,교수님이랑
9272,교수레기가,교수가
9273,교복야동,
9274,괴수,특출난 능력을 가진 사람
9275,광팔아치들,선전하는 사람들
9276,광탈,광속으로 탈락
9277,광클,마우스를 빠르게 클릭
9278,광질,클럽에서 미친듯이 춤만 추는 상황
9279,광우뻥의,잘못된 소문의
9280,광우뻥,잘못된 소문
9281,광역기,광대한 영역에 피해를 주는 기술
9282,광뇬,행동이 거친 사람
9283,괄도네넴띤,팔도비빔면
9284,관테크,관할시의 공급아파트나 관사를 받고 살다 팔아서 이익을 남기는것
9285,관크,관람을 방해한다
9286,관종파티,너무 관심을 끌려고 행동
9287,관종친구,관심을 받고 싶어 하는 친구
9288,관종짓했지만,관심받고 싶어했지만
9289,관종짓을,관심받으려는 행동을
9290,관종짓,관심 끌기
9291,관종질도,주의 끌기 행동도
9292,관종정신,관심받고 싶어 하는 마음
9293,관종이라서,관심받고 싶어서
9294,관종이라고밖엔,관심을 많이 받으려는 것처럼
9295,관종이라,관심받고 싶어하는 사람이라
9296,관종이구나,관심 받고 싶어 하는구나
9297,관종이거든요,관심받고 싶어하거든요
9298,관종이,관심받고 싶은 사람이
9299,관종의,관심받고 싶은 사람의
9300,관종은,관심받고 싶어 하는 사람은
9301,관종에겐,관심을 많이 원하는 사람에게는
9302,관종들이,관심을 받고 싶어 하는 사람들이
9303,관종들의,관심받고 싶어 하는 사람들의
9304,관종들,주목받고 싶어 하는 사람들
9305,관종끼가,관심받고 싶어 하는 모습이
9306,관종같이,관심을 많이 받고 싶어 하는 듯이
9307,관종같은,관심받고 싶어 하는
9308,관종같아서,관심받고 싶어해서
9309,관종,관심받고 싶은 사람
9310,관심충,관심받고 싶은 사람
9311,관심병,관심을 과도하게 끄는 병
9312,관리하는여자,관리하는 여성
9313,관리자,담당자
9314,과즙상,과즙처럼 상큼한 인상
9315,과씨씨,같은 대학 같은 학과서 사귀던 연인
9316,과몰입충,과도하게 몰입하는 사람
9317,과떨이,과학고에서 떨어진 학생
9318,곶휴,고추
9319,곶츄,고추
9320,공홈,공식 홈페이지
9321,공항거지,공항에서 힘들어 보이는 사람
9322,공템,공격 이이템
9323,공세권,공원이 근처에 있는 지역
9324,공병템,빈 병이 될 때까지 쓸 정도로 품질이 좋은 제품
9325,공뭔새끼가,공무원이
9326,공구방,공동구매방
9327,공구리,건설 현장에서 콘크리트를 타설하다
9328,골잘알,골프 잘 아는 사람
9329,골빈,생각이 부족한
9330,골로,잘못될까 봐
9331,골때리다,머리가 아플 정도로 기가 막히다
9332,골드앤트족,조카들을 자식처럼 아끼는 미혼 여성
9333,골드미스,학력이 높고 여유가 있는 중년 미혼 여성층
9334,골드맘,자신과 자녀들에게 투자를 아끼지 않는 엄마
9335,골드런,노란 깔깔이와 깔바지를 맞춰 입는것
9336,곧휴,고추
9337,곧츄,고추
9338,곡소리매매법,주가가 하락하는 종목에 대한 투자법
9339,고환,남성의 소중한 곳
9340,고함인간들아,고함치는 사람들아
9341,고츄,고추
9342,고추흔들던,신체를 흔들던
9343,고추자랑을,신체를 과하게 드러내며
9344,고추새끼들은,남자아이들은
9345,고추를,신체 부위를
9346,고진감래,고용해 주셔서 진짜 감사한데 집에 갈래
9347,고자탈출,잘하게 됨
9348,고자질쟁이,일러바치는 사람
9349,고자지만,잘 못하지만
9350,고자일진몰랐긔,능력이 부족한 줄은 몰랐어요
9351,고자인걸까,용기가 없는 걸까
9352,고자인거,몸이 불편한 것
9353,고자인,몸이 불편한
9354,고자예요,몸이 불편해요
9355,고자였던,건강에 어려움이 있던
9356,고자수준이닼,능력이 부족한 수준이야
9357,고자새끼에,사람에
9358,고자새끼,사람
9359,고자만듬,다치게 함
9360,고자로,몸이 아픈 사람으로
9361,고자라서,용기가 없어서
9362,고자라니,그렇다니
9363,고자라,용기가 없어서
9364,고자도,몸이 불편한 사람도
9365,고자는,몸이 불편한 사람은
9366,고자녜,용기 없는 사람
9367,고자냐,잘 못하는 거냐
9368,고자남주,매력이 부족한 남자 주인공
9369,고자고요,용기 없고요
9370,고자가되버린,다친
9371,고자가,못하는 사람이
9372,고자,용기 없는 사람
9373,고인물,게임을 오래한 고수
9374,고음충,고음을 과하게 사용하는 사람
9375,고아년,
9376,고스팅,관계를 유지하던 상대가 갑자기 잠적하는 거
9377,고삼,고등학교 3학년
9378,고막테러,고막을 괴롭힐 만큼 큰 소리
9379,고렴이,상대적으로 비싼 제품이나 진품
9380,고렙,레벨이 높음
9381,고딩하나,고등학생 한 명
9382,고딩이었고,고등학생이었고
9383,고딩만나는거,고등학생 만나는거
9384,고딩땐,고등학생 때는
9385,고딩때,고등학생 때
9386,고딩들이,고등학생들이
9387,고딩,고등학생
9388,고고싱,어서 시작하자
9389,계집년,
9390,계자놈들,사람들
9391,계세키,사람
9392,계색갸,친구야
9393,계뇽,
9394,계뇬,불손한 사람
9395,계같은뇬,아주 무례한 사람
9396,경상디언,경상도 분들
9397,경단녀,경력 단절 여성
9398,결정장애왔다능,결정하기 어려워졌다는
9399,결정장애로,결정을 어려워해서
9400,결정장애라,결정을 잘 못해서
9401,결정장애가,결정을 어려워하는 사람이
9402,결정장애,결정을 어려워함
9403,결정사,결혼 정보 회사
9404,결송합니다,결혼 준비의 어려움 하객에 대한 미안함에 대한 푸념
9405,견찰의,경찰의
9406,견찰들의,경찰들의
9407,견찰들아,경찰 여러분
9408,견새들,경찰들
9409,격공,격하게 공감한다
9410,겨털,겨드랑이털
9411,겟레디윗미,자신의 준비 과정 보여주기
9412,겜만하는놈이였음,게임만 하던 사람이었음
9413,겜,게임
9414,겐세이,당구나 게임에서의 견제
9415,게지뢀,
9416,게지랄놈,
9417,게좆,
9418,게젓,
9419,게잡뇬,태도가 나쁜 사람
9420,게잡년,무례한 사람
9421,게잡넘,태도가 좋지 않은 사람
9422,게자지,
9423,게자쥐,사람
9424,게자식,사람
9425,게자슥,사람
9426,게자쉭,사람
9427,게임씨발,게임이 이런
9428,게임실황충,게임 방송하는 사람
9429,게임물등급위원회,게임 등급 기관
9430,게임나부랭이,작은 게임
9431,게이득,생각지 못한 이득
9432,게이,동성애자
9433,게으름뱅이라,게을러서
9434,게쎄끼,사람
9435,게쎄기,사람
9436,게시판관리자,게시판 담당자
9437,게시끼,사람
9438,게쉬키,사람
9439,게쉑,
9440,게쉐이,사람
9441,게쉐리,사람
9442,게섹,
9443,게세끼,
9444,게세꺄,말이 거친 아이야
9445,게세,사람
9446,게샛키,예의 없는 아이
9447,게색끼,거친 표현
9448,게색기,공격적인 말
9449,게색,
9450,게새키,예의 없는 아이
9451,게새리,
9452,게새끼,사람
9453,게새기,사람
9454,게부알,
9455,게부럴,
9456,게부랄,
9457,게보지,
9458,게보쥐,
9459,게띠발넘,무례한 사람아
9460,게동,춤 동작
9461,게늠아,사람아
9462,게늠,사람
9463,게눔,사람
9464,게뇽,무례한 사람
9465,게뇸,불손한 태도
9466,게뇬,여자
9467,게뇨나,행동이 지저분한 사람
9468,게놈,사람
9469,게노마,태도가 거친 사람아
9470,게년,여자
9471,게넘,사람
9472,게너마,무례한 사람아
9473,게같은,나쁜
9474,게가튼,나쁜
9475,겉바속촉,겉은 바삭하고 속은 촉촉함
9476,것들입니다,사람들입니다
9477,것들인데,사람들인데
9478,겁보에게,겁이 많은 사람에게
9479,겁따윈,두려움 따위는
9480,검정고무신으로과거배운새끼들이,옛 방식을 배운 사람들이
9481,검새새끼들,잘못한 검사들
9482,검깔,검은 깔깔이
9483,걸크러쉬,여성이 여성에게 강하게 지지하는 마음
9484,걸조,걸어 다니는 조각상
9485,걸리는놈은,걸리는 사람은
9486,걸레핀년,
9487,걸레썩은내시발,나쁜 냄새
9488,걸레년,
9489,걸레같은놈,행동이 지저분한 사람
9490,걸레같은년,
9491,걸레가튼뇸,태도가 정돈되지 않음 사람
9492,걸레가튼넘,행동이 엉성한 사람
9493,걸레가튼,
9494,걸레,지저분한 물건
9495,걸래하나는,여성 한 분은
9496,걸래놈,태도가 문란한 사람
9497,걸래년,여성
9498,걸래넘,무절제한 사람
9499,걸래같은년,여성
9500,걸래가튼뇬,여성
9501,걸래가튼,행동이 난잡한
9502,건동홍숙,건국대 동국대 홍익대 숙명여대
9503,건가,것인가
9504,거짓말쟁이가,거짓말하는 사람이
9505,거짓말쟁이,거짓말을 자주 하는 사람
9506,거지존에,낮은 수준에
9507,거지존,단발을 기르는 동안의 과도기
9508,거지쒜리,생활이 힘든 사람
9509,거지쎄끼,형편이 어려운 사람
9510,거지쉑이,생활이 힘든 사람
9511,거지쉐뀌,형편이 어려운 사람
9512,거지새끼처럼,너무 힘든 사람처럼
9513,거지새끼들이다,너무 엉망이다
9514,거지새끼,매우 궁핍한 사람
9515,거지발싸개같은,너무 지저분한
9516,거지꼴임,너무 어수선함
9517,거지꼴로,아주 어수선하게
9518,거지같이,형편없이
9519,거지같은점을,부족한 점을
9520,거지같은,형편없는
9521,거지같으므로,정말 형편없어서
9522,거지같아서,정말 마음에 안 들어서
9523,거지같아,정말 마음에 안 들어
9524,거지같긴한데,정말 별로긴 한데
9525,거지가,정말 마음에 안 들어서
9526,거유,
9527,거시기,남성의 소중한 곳
9528,거기나빨아랑,
9529,걔잡지랄,엉뚱한 행동
9530,걔잡뇬,태도가 나쁜 사람
9531,걔잡년,
9532,걔잡넘,무례한 사람
9533,걔썌,무례한 말
9534,걔시키,버릇없는 행동
9535,걔시끼,예의 없는 아이
9536,걔수작,과한 행동
9537,걔섀끼,버릇없는 아이
9538,걔새,무례한 아이
9539,걍불키고자야겠네요씨발,그냥 불켜고 잘께요
9540,갸루피스,거꾸로 된 손가락 브이 포즈
9541,갸꾸,역회전
9542,갱호응,지원이 왔을때 호응
9543,갱챌이,갱 챌린지
9544,갱승사자,불리한 습격을 하는 플레이어
9545,갱승,습격을 온 상대에게서 승리
9546,갭투자,차액 투자
9547,갭차이,급차이
9548,갬성,감성
9549,갤러리놈들이,갤러리 사람들
9550,갤,개월
9551,갠춘,괜찮다
9552,갠적,개인적
9553,갠소,개인 소장
9554,개후장,
9555,개후로,
9556,개후레,
9557,개후랄,
9558,개후라새끼,
9559,개후라들놈,
9560,개후라년,
9561,개호로새끼야,정말 나쁜 사람아
9562,개호로,
9563,개호러,사람
9564,개허접,아직 서툼
9565,개허벌년,
9566,개허러,
9567,개한남새끼,남성
9568,개한남,한국 남자
9569,개페미기사,과하게 편향된 기사
9570,개펀리펀,그냥 봐도 웃기고 다시 봐도 웃기다
9571,개판판사놈,판사분
9572,개판사들의,판사들의
9573,개털이,돈 없는 사람이
9574,개털,돈 없는 사람
9575,개천국보수틀딱새끼,보수적 성향의 나이드신 분
9576,개처럼,아주 무질서하게
9577,개창년,아주 무례한 사람
9578,개차반으로,엉망이 되어
9579,개차반도,엉망인 경우도
9580,개차반,
9581,개찐따에,아주 소극적인 데다
9582,개찐따,서툰 사람
9583,개쫄다,매우 놀라서 움츠러들다
9584,개쩐다,매우 대단하다
9585,개짜증,매우 짜증난다
9586,개짓거리를,나쁜 행동을
9587,개짓거리,잘못된 행동
9588,개진상빵순이인지라,예의를 지키지 못하는 빵을 좋아하는 사람이라
9589,개지럴,
9590,개지랄할거,소란 피울 거
9591,개지랄하면서,심하게 행동하면서
9592,개지랄하는중,난리치고 있는 중
9593,개지랄하는거,이상하게 하는 것
9594,개지랄좀,소란 좀
9595,개지랄만,이상한 행동만
9596,개지랄떨던데,심하게 소란을 피우던데
9597,개지랄떨다가도,난리치다가도
9598,개지랄났네,이상하네
9599,개지랄,소란
9600,개줌개저씨도,중년 남성도
9601,개준맛탱임,정말 맛있음
9602,개죷,
9603,개좌식,예의 부족한 사람
9604,개좇,
9605,개좆창,매우 나쁨
9606,개좆도,아무것도
9607,개좆같을,정말 기분 나쁠
9608,개좆같은걸사귀어섣저런꼴이나보고잇,좋지 않은 사람을 사귀어서 저런 상황을 맞고
9609,개좆같은,정말 싫은
9610,개좆같아,매우 나빠
9611,개좆같다,정말 싫다
9612,개좆같고,정말 엉망이고
9613,개좆,
9614,개종자,잘못된 행동을 하는 사람
9615,개좃,
9616,개존맛,정말 맛있어
9617,개존꿀,정말 좋음
9618,개족같자너,매우 나쁘잖아
9619,개족같이하는,싫게 하는
9620,개족같은,정말 마음에 안 드는
9621,개족같네,정말 불편하네
9622,개족,
9623,개조옷,
9624,개조또,
9625,개졎,
9626,개졋,
9627,개젗,
9628,개젖,
9629,개젓가튼넘,말이 심한 사람
9630,개젓,
9631,개접,형편없는 상태
9632,개저택시기사들,택시기사분들
9633,개저웃음나옴,정말 웃음이 난다
9634,개저웃음,크게 웃음
9635,개저씨임,그냥 아저씨야
9636,개저씨에,무례한 아저씨에
9637,개저씨들,중년 남성들
9638,개저씨나,기분 나쁘게 구는 어른이나
9639,개저씨까지,무례한 남자 어른까지
9640,개저씨가,중년 남자가
9641,개저씨,중년 남자
9642,개저새끼가,중년 남자가
9643,개저력,저력
9644,개저들이란,중년 남자들이란
9645,개저들,중년 남자들
9646,개저같은,정말 별로인
9647,개저,엉망
9648,개재밌다,매우 재미있다
9649,개잡지랄,엉뚱한 행동
9650,개잡주,성장성이 거의 없는 부실기업의 상장주
9651,개잡뇬,태도가 나쁜 사람
9652,개잡놈,사람
9653,개잡년,
9654,개잡것,아주 무례한 사람
9655,개자지,
9656,개자쥐,사람
9657,개자씩,사람
9658,개자식아,나쁜 사람아
9659,개자식들이네,심하게 말하면 그런 사람들이네
9660,개자식들,심하게 말하면
9661,개자식,나쁜 사람
9662,개자슥들,나쁜 행동을 하는 사람들
9663,개자슥,사람
9664,개자쉭,사람
9665,개자석,사람
9666,개음침안경멸치남이,조용한 느낌의 마른 남성이
9667,개유치족속인건,아주 유치한 사람들인 건
9668,개웃기다,매우 웃기다
9669,개웃곀,정말 웃겨
9670,개욘,
9671,개오,개화동 오렌지족
9672,개어이없다,매우 어이없다
9673,개어렵다,매우 어렵다
9674,개애미없는새끼가,정말 무례한 사람이
9675,개아파,너무 아파
9676,개아들,버릇없는 아이
9677,개씹호로새끼,심한 모욕 표현
9678,개씹팔,매우 짜증나
9679,개씹창나고,완전히 엉망이 되고
9680,개씹창,상황이 엉망
9681,개씹존잘인데,정말 잘생겼는데
9682,개씹쓸때좆도없는말,말도 안 되는 이야기
9683,개씹스레기입니다,매우 실망스럽습니다
9684,개씹소리야,엉터리 말이야
9685,개씹소리,말을 심하게 하네
9686,개씹세,사람
9687,개씹새끼즐,
9688,개씹새끼들이,사람들이
9689,개씹빻은새끼들이,매우 못되게 행동하는 사람들이
9690,개씹병먹금,상대하지 않는 게 좋음
9691,개씹꼰대처럼,정말 고집스럽게
9692,개씹,정말
9693,개씸,
9694,개씨펄,아이구
9695,개씨팕,몹시 답답해
9696,개씨팔,몹시 답답해
9697,개씨뻘,
9698,개씨블,
9699,개씨부럴,
9700,개씨벌새끼,나쁜 사람이야
9701,개씨발좆같은,매우 나쁜
9702,개씨발새끼들아대학교,대학교 사람들아
9703,개씨발새끼들,나쁜 사람들
9704,개씨발새끼,사람
9705,개씨발미친똘추색기가,매우 이상한 사람이
9706,개씨발뇸,아주 무례한 사람
9707,개씨발놈,아주 무례한 사람
9708,개씨발넘,아주 무례한 사람
9709,개씨발,아주
9710,개씨바,
9711,개씨끼,아주 무례한 사람
9712,개씨1팔새끼가,정말 심하게 말하는 사람이
9713,개씌끼,아주 무례한 사람
9714,개씁자지,
9715,개씁쎄,
9716,개씁쌔,
9717,개씁블,
9718,개씁년,
9719,개씁,
9720,개씀,
9721,개쓰뤠기레기들앗,아주 나쁜 사람들아
9722,개쓰레기잡놈,사람
9723,개쓰레기였다는,아주 나빴다는
9724,개쓰레기야,정말 너무했어
9725,개쓰레기색기덜,정말 나쁜 사람들
9726,개쓰레기라서,매우 나빠서
9727,개쓰레기,매우 나쁨
9728,개쓰래기,
9729,개쓉,
9730,개쒹기,아주 무례한 사람
9731,개쒸빨놈,아주 무례한 사람
9732,개쒸발럼같음,정말 안 좋게 느껴짐
9733,개쒸,
9734,개쒯,
9735,개쒝키,아주 무례한 사람
9736,개쒝캬,아주 무례한 사람아
9737,개쒝끼,아주 무례한 사람
9738,개쒝꺄,아주 무례한 사람아
9739,개쒝기,아주 무례한 사람
9740,개쒝,
9741,개쒜리,사람
9742,개쒜끼,버릇없는 아이
9743,개쒜,
9744,개쑈,과한 행동
9745,개쐑,무례한 사람
9746,개쐐리,매너가 나쁜 아니
9747,개쎼키,예절이 부족한 아이
9748,개쎅,
9749,개쎄끼야,이 사람아
9750,개쎄,아주 거칠게
9751,개썌끼,사람
9752,개썅연,과도한 행동
9753,개썅늠,행동이 지나침
9754,개썅놈에새끼들,무례한 사람들
9755,개썅놈,태도가 심하게 거침
9756,개썅년,아주 무례한 사람
9757,개썅,
9758,개쌰깨,말이 거친 사람
9759,개쌕끼,예의 없는 사람
9760,개쌕기,사람
9761,개쌕,
9762,개쌔끼들,나쁜 사람들
9763,개쌔끼,무례한 사람
9764,개쌔꺄,버릇없는 사람아
9765,개쌔기,무례한 사람
9766,개쌔,
9767,개쌍영,
9768,개쌍연,
9769,개쌍디언,경상도 분들
9770,개쌍도,경상도
9771,개쌍늠,
9772,개쌍눔,아주 무례한 사람
9773,개쌍뇬,사람
9774,개쌍놈이자,나쁜 행동을 한 사람이자
9775,개쌍놈,사람
9776,개쌍년,사람
9777,개쌍넘,사람
9778,개싸이코새끼진짜,정말 이상한 사람
9779,개싴,
9780,개싯키,예절 부족한 사람
9781,개싯끼,버릇이 고약함
9782,개싯기,태도가 불량함
9783,개십팔,
9784,개십세,버릇없는 사람
9785,개십새끼,무례한 사람
9786,개십새기,무례한 사람
9787,개십새,버릇없는 사람
9788,개십,정말
9789,개싫다,매우 싫다
9790,개실망하다,매우 실망하다
9791,개식히,말버릇이 나쁜 사람
9792,개식끼,예의 없는 사람
9793,개식기,태도가 거친 사람
9794,개시키,버릇없는 사람
9795,개시퀴,버릇없는 사람
9796,개시발,
9797,개시바,
9798,개시끼가,사람이
9799,개시끼,사람
9800,개싘,
9801,개싑창,엉망인 상황
9802,개싏,
9803,개싀키,예절이 부족한 사람
9804,개싀킈,예절이 부족한 사람
9805,개싀밸,
9806,개싀끼,
9807,개싀기,말이 험한 아이
9808,개습쌔,서툰 모습
9809,개습세,
9810,개습,어설픔
9811,개스키,버릇이 없는 아이
9812,개스끼,무례한 사람
9813,개쉽,아주 쉬움
9814,개쉬벌,
9815,개쉬발,
9816,개쉬바,
9817,개쉬리,버릇이 없는 아이
9818,개쉬끼,버릇이 없는 아이
9819,개쉬,
9820,개쉨,
9821,개쉢,
9822,개쉑히,
9823,개쉑키,
9824,개쉑캬,
9825,개쉑끼,
9826,개쉑꺄,예절이 부족한 아이야
9827,개쉑기,
9828,개쉑갸,말이 거친 아이
9829,개쉑,그만해
9830,개쉐키,태도가 좋지 않은 아이
9831,개쉐이들,사람들
9832,개쉐이,무례한 사람
9833,개쉐리,무례한 사람
9834,개쉐끼,버릇이 나쁜 아이
9835,개쉐,무례한 사람
9836,개수작질,쓸데없는 행동
9837,개수작이,수상한 행동이
9838,개수작,수상한 행동
9839,개쇼끼,무례한 사람
9840,개쇸,
9841,개쇳기,무례한 사람
9842,개쇠리,매너가 없는 사람
9843,개쇗,지나친 행동
9844,개쇅키,태도가 거친 아이
9845,개쇅끼,예의 없는 아이
9846,개쇅,무례한 사람
9847,개쇄끼,무례한 아이
9848,개쇄기,버릇없는 아이
9849,개쇄,무례한 사람
9850,개솩,
9851,개손이,손이 서툰
9852,개소리해댈,터무니없는 말을 할
9853,개소리하다,엉뚱한 말을 하다
9854,개소리하는,말도 안 되는 소리하는
9855,개소리하고,말을 함부로 하고
9856,개소리중입니다,근거 없는 말을 하고 있습니다
9857,개소리좀,듣기 않좋은 말을 좀
9858,개소리임,말이 안됨
9859,개소리인지,엉뚱한 말인지
9860,개소리에,엉뚱한 말에
9861,개소리야,말도 안 되는 소리야
9862,개소리만,말도 안 되는 말만
9863,개소리를,말도 안 되는 소리를
9864,개소리로,근거 없는 말로
9865,개소리들은,엉터리 말들은
9866,개소리나,엉터리 말이나
9867,개소리가,엉뚱한 이야기가
9868,개소리,엉터리 말
9869,개셰리,매우 무례한 사람
9870,개셐,
9871,개셋키,
9872,개셃,
9873,개섺,
9874,개섹히,
9875,개섹시해요,정말 멋있어요
9876,개섹시한데,정말 멋진데
9877,개섹기,무례한 사람
9878,개섹,그만하자
9879,개세키,
9880,개세이,무례한 사람
9881,개세리,
9882,개세들이네,사람들이네
9883,개세끼,무례한 사람
9884,개세,무례한 사람
9885,개섀끼,무례한 사람
9886,개샹늠,
9887,개샥,
9888,개샤킥,
9889,개샤끼,무례한 사람
9890,개샠,
9891,개생키,
9892,개생퀴,무례한 사람
9893,개샜끼,
9894,개샛히,
9895,개샛킹,
9896,개샛키,
9897,개샛끼,
9898,개샊,
9899,개색히,무례한 사람
9900,개색키,무례한 사람
9901,개색끼,무례한 사람
9902,개색기야,나쁜 사람아
9903,개색기들아,나쁜 사람들아
9904,개색기덜,나쁜 사람들
9905,개색기,정말 나쁜 사람
9906,개색,나쁜 행동
9907,개새키야,정말 나쁜 사람아
9908,개새키들,무례한 사람들
9909,개새키,무례한 사람
9910,개새임이,좋지 않은 행동을 한 사람이
9911,개새들아,얘들아
9912,개새들,무례한 사람들
9913,개새다,정말 심하다
9914,개새끼잖아,너무 나쁘잖아
9915,개새끼임이,무례한 사람임이
9916,개새끼와,사람과
9917,개새끼야,나쁜 사람아
9918,개새끼들이,사람들이
9919,개새끼들은,정말 못된 사람들은
9920,개새끼들아,나쁜 사람들아
9921,개새끼들로,나쁜 사람들로
9922,개새끼들,나쁜 사람들
9923,개새끼는,사람은
9924,개새끼공을,문제 많은 공을
9925,개새끼,
9926,개새기들아,야
9927,개새기들,예의 없는 사람들
9928,개새기,무례한 사람
9929,개새가,나쁜 사람이
9930,개새,무례한 사람
9931,개삭구,
9932,개뿔,전혀 아님
9933,개뻥,과장된 말
9934,개뻑킹,정말
9935,개빡침,정말 화남
9936,개빡치다,매우 열받다
9937,개빡대가리,매우 부주의한 사람
9938,개비랑,담배랑
9939,개비라는,비라고 하는
9940,개비는,정말 비싼
9941,개비같은,너무 심한
9942,개붕알,남성의 소중한 곳
9943,개불알,남성의 소중한 곳
9944,개불쌍하다,매우 불쌍하다
9945,개불랄,남성의 소중한 곳
9946,개부알,
9947,개부뢀,
9948,개부럽다,완전 부럽다
9949,개부럴,
9950,개부러럴,
9951,개부랄,몸의 부분
9952,개부달,
9953,개뵹신,
9954,개보지,모욕적인 표현
9955,개보즤,
9956,개보쥐,모욕적인 표현
9957,개보수,보수 성향
9958,개병신이나,정말 심하게 실수한 건데
9959,개병신보듯이봄,이상하게 봄
9960,개병신같은정부,정말 미흡한 정부
9961,개병신같은,심하게 무리한
9962,개병신,정말 무례한 사람
9963,개발팀,개발하는 분들
9964,개발자,프로그램 만드는 사람
9965,개발뇬,
9966,개발남아,
9967,개바쁘다,매우 바쁘다
9968,개미털기,자금이 큰 사람들이 투자금이 작은 사람들의 돈을 전부 가져가는 것
9969,개미친새끼다,정말 정신없는 사람이다
9970,개미칀렴,너무 놀랐네
9971,개무섭고죽여버리고싶다,무서워서 도망가고 싶다
9972,개무당,무당
9973,개목이,부어있는 목이
9974,개멋있다,매우 멋있다
9975,개망할,정말 안 좋은
9976,개망신,매우 망신이다
9977,개만도,사람답지 못한
9978,개막장,매우 엉망진창
9979,개막나니,막나가는 사람
9980,개련,
9981,개랙기,
9982,개랄,소란스러움
9983,개라슥,
9984,개똥,
9985,개똘추같거든요,어리석거든요
9986,개또라이새기가,이상하게 행동하는 사람이
9987,개떼끼,
9988,개떵,
9989,개떡검들,검찰 분들
9990,개떡,엉망인 상태
9991,개때끼,
9992,개때꺄,
9993,개딸들은,열성 지지자들은
9994,개딸들아,여러분
9995,개딸,열성 지지자
9996,개따먹어,
9997,개등신,실수 많은 사람
9998,개들이,사람들이
9999,개들은,강아지들은
10000,개들에게,강아지들에게
10001,개드립으로,과한 농담으로
10002,개드립,과한 농담
10003,개돼지한테,무시받는 사람에게
10004,개돼지좆집수준인데,수준이 많이 아쉽네
10005,개돼지만,무리한 사람일 뿐
10006,개돼지로,무시받는 존재로
10007,개돼지라는,사람들이라는
10008,개돼지라,
10009,개돼지들의,사람들의
10010,개돼지들은,무례한 사람들은
10011,개돼지되었습니다,
10012,개돼지니,무례한 사람이니
10013,개돼지가,사람이
10014,개돼지,사람들
10015,개돼중,질서 없는 무리
10016,개돌,무작정 돌격
10017,개독종족의,특정 집단의
10018,개독재벌회장단,기독교 재벌 회장단
10019,개독인,기독교인
10020,개독이란,기독교인이란
10021,개독이라고,기독교인이라고
10022,개독이,기독교인
10023,개독에,기독교에
10024,개독들,기독교인들
10025,개독교적폐청산추진을,기독교 개선을 추진하는
10026,개독교새키들,기독교인들
10027,개독교를,기독교를
10028,개독교관련,종교 관련
10029,개독교,기독교
10030,개독,기독교인
10031,개대중,무리 지은 사람들
10032,개늠아,사람아
10033,개늠,사람
10034,개느마,
10035,개눔,사람
10036,개뇽,사람
10037,개뇸,개념
10038,개뇬,여성
10039,개뇨나,
10040,개놈이,사람이
10041,개놈들아,여러분
10042,개놈,친구
10043,개놀라다,매우 놀라다
10044,개노무새끼,
10045,개노맛,정말 맛이 없음
10046,개노마,
10047,개념없는것들,예의 없는 사람들
10048,개념녀,예의 바른 사람
10049,개념글,개념을 갖춘 글
10050,개년,아이
10051,개녀나,
10052,개넘,개념
10053,개넌,
10054,개너미,
10055,개너므,
10056,개너마,
10057,개냥이,애교 많고 사람을 따르는 고양이
10058,개꿀맛,정말 맛있다
10059,개깜놀,매우 깜짝 놀라다
10060,개그지같이,정말 좋지 않게
10061,개구라치지말랰,거짓말하지 마
10062,개구라지,터무니없는 말이지
10063,개구라잖아용,거짓말이잖아요
10064,개구라인듯,거짓말 같아
10065,개구라만,거짓말만
10066,개구라,큰 거짓말
10067,개고치,
10068,개고생,대단한 고생
10069,개겹,너무 웃겨
10070,개검찰들,검찰
10071,개검찰과,검찰과
10072,개검찰,검찰
10073,개검들인,검색하는 사람들인
10074,개검들이,검색하는 사람들이
10075,개검,검색
10076,개걸레뇬,여성
10077,개걸레,
10078,개거지라는,정말 형편없다는
10079,개같이멸망,승부가 기울어지기 시작함
10080,개같이,매우
10081,개같은새끼,나쁜 사람
10082,개같은뇬,무례한 사람
10083,개같은년,
10084,개같은넘,무례한 사람
10085,개같은거임,정말 별로라는 뜻임
10086,개같은,속상한
10087,개같아여,나빠요
10088,개같아서,나빠서
10089,개같네,상태가 좋지 않네
10090,개갈보,여자
10091,개갇은,
10092,개간년,
10093,개간나,사람
10094,개가튼뇬,
10095,개가튼년,
10096,개가튼넘,태도가 매우 거친 사람
10097,개가튼,정말 별로네
10098,개가툰,
10099,개가턴,
10100,개가뜬,
10101,개가든,
10102,개가뇬,
10103,개ㅐ색,
10104,개X끼,나쁜 행동을 한 사람
10105,같음,비슷함
10106,같은쌔,행동이 무례함
10107,같은스토리로,비슷한 이야기로
10108,같은새끼,말버릇이 나쁜 사람
10109,같은뇬,말투가 거친 사람
10110,같은놈,예의 없는 사람
10111,같은년,예의 없는 사람
10112,같은넘,태도가 거친 사람
10113,같으니까라고,비슷하니까라고
10114,같았고,비슷했고
10115,같아,비슷해
10116,같다자살,
10117,강퇴,사람을 방에서 강제로 나가게 하는 것
10118,강추,강력추천
10119,강직인,강아지 키우는 직장인
10120,강세권,강이 근처에 있는 지역
10121,강남패치,강남 소식
10122,강남이라,강남이라서
10123,강남언니,강남 스타일을 좋아하는 여자
10124,강간,심각한 범죄
10125,갓익,사회 복무요원
10126,갓수,직업이 없는 사람
10127,갓난쟁이들보는,아기들 보는
10128,갑통알,갑자기 통장을 보니 알바를 해야겠다
10129,갑질이,부당한 행동이
10130,갑질도,부당한 행동도
10131,갑붕싸,갑자기 붕어 싸만코 먹고 싶다
10132,갑분싸,갑자기 분위기 싸해지다
10133,갑분띠,갑자기 분위기 어리둥절하다
10134,감튀,감자튀김
10135,감동심해,감동 심하게 받았다
10136,감독이란새끼들이,감독들이
10137,갈보,
10138,갈까봐,그렇게 될까 봐
10139,갇은뇬,무례한 사람
10140,갇은놈,무례한 사람
10141,갇은년,무례한 사람
10142,갇은넘,무례한 사람
10143,간퀴어,간식 퀴즈 어려워
10144,간첩이,스파이가
10145,간첩새끼를,간첩으로 의심되는 사람을
10146,간첩같은,수상해 보이는
10147,간철수,
10148,간지나다,멋지다
10149,간접섹스나,
10150,간신,믿기 어려운 사람
10151,간사한넘아,약삭빠른 사람아
10152,간부아재가,간부 어른이
10153,간나,무례한 사람
10154,각집,각자 집에 가다
10155,가해자김여사,가해자 김씨
10156,가해자,해를 준 사람
10157,가튼뇬,무례한 사람
10158,가튼놈,무례한 사람
10159,가튼년,무례한 사람
10160,가튼넘,무례한 사람
10161,가카,대통령
10162,가취관,같은 취향의 가벼운 모임을 선호
10163,가즈아,가자
10164,가정폭력범,가정 문제를 일으킨 사람
10165,가정부의,가사 도우미의
10166,가정부는,가사 도우미는
10167,가장한것들이,겉모습을 속인 사람들이
10168,가운대다리,사람
10169,가싶녀,가지고싶을 정도의 예쁘거나 매력있는 여자
10170,가싶남,가지고싶을 정도의 잘생기거나 매력있는 남자
10171,가심비,가격 대비 심리적 만족도
10172,가시나를,여자를
10173,가시나들한테,여자아이들에게
10174,가시나들이,여자들이
10175,가시나들은,여자들은
10176,가시나들,여자들
10177,가시나,소녀
10178,가슴핧어,가까이 다가가다
10179,가슴핧아,가까이 다가가다
10180,가슴쪼물락,장난치며 만지다
10181,가슴쪼물딱,장난치며 만지다
10182,가슴주물럭,장난스럽게 만지는
10183,가슴조물락,장난스럽게 만지는
10184,가슴빨어,
10185,가슴빨아,
10186,가슴만져,
10187,가스라이팅,상대방의 판단력을 흐리고 교묘히 조종하기
10188,가스나같이도,여자아이처럼도
10189,가속스캔들,과속스캔들 영화
10190,가성비한남충,가성비 따지는 한국 남성
10191,가성비충인,실용적인 사람인
10192,가성비충,가격 따지는 사람
10193,가성비국밥충,국밥을 좋아하는 사람
10194,가성비,가격 대비 성능비
10195,가부장부치,가부장적 분위기
10196,가망이없는새끼,희망이 없어 보이는 사람
10197,가렌,리그오브레전드 전사 캐릭터
10198,가라돼지,체격이 큰 사람
10199,가라 ,가짜
10200,가녀린여자였습니다후훗,여린 여성이었어요
10201,가녀린,여린
10202,가난뱅이신이,가난한 신이
10203,가관입니다,놀랍습니다
10204,가관임,놀랍습니다
10205,가관일,놀라울
10206,가관인,놀라운
10207,가관이였다,놀라웠다
10208,가관이었는데,이상해 보였는데
10209,가관이야,놀랍네
10210,가관이라서,참 이상해서
10211,가관이라고,어이가 없다고
10212,가관이라,놀랍다
10213,가관이다,놀랍다
10214,가관이네용,볼 만하네요
10215,가관이네,이상하네
10216,가관이구나,참 독특하구나
10217,가관이고,볼만하고
10218,가관이거든,볼만한 상황이거든
10219,가관이,놀라워
10220,가관도,참 대단하기도
10221,가관,참 특이
10222,가계정,임시 계정
10223,龟孙子,서툰 사람
10224,龟头,
10225,龟儿子,서툰 사람
10226,黒んぼ,흑인
10227,黑手党,범죄 조직
10228,黑AL6666,黑AL6666 차량 사건
10229,黄菊,황국
10230,麦角酸,약물 성분
10231,鸨,사람을 관리하는 여성
10232,鸦片渣,양귀비 성분 찌꺼기
10233,鸦片液,양귀비 성분 액체
10234,鸦片,양귀비 성분 약물
10235,鸡鸡,예민한 부위
10236,鸡芭,특정 부위 언급
10237,鸡掰,심한 모욕
10238,鸡巴,예민한 신체 부위
10239,鸡叭,신체 표현으로 바꿈
10240,鸡八,무례한 행동
10241,鸠屎,엉망진창이다
10242,鸠,거친 표현
10243,鲜族,조선족
10244,鲍彤,정책 관련 업무에 참여했던 사람
10245,鮮人,고려인삼
10246,高丽棒子,한국인
10247,骚货,좋지 않은 행동을 하는 사람
10248,骚比,경솔한 행동을 하는 사람
10249,驶你老母,짜증이 크게 난다
10250,驶你老师,좋지 않은 감정이 든다
10251,驶你爸,마음이 영 불편하다
10252,驶你母,불쾌한 마음이 든다
10253,驶你娘,불편한 기분이 가시지 않는다
10254,驶你公,마음이 어수선하다
10255,马英九,마잉주
10256,马的,짜증이 난다
10257,马卖马屁,말도 안 되는 이야기다
10258,马克思,마르크스
10259,馬鹿チョンカメラ,기능이 단순한 카메라
10260,馬鹿チョン,조금 모자란 사람
10261,馬鹿でもチョンでも,아무나 쉽게
10262,馬丁,말을 돌보는 사람
10263,首切り,면직
10264,飲尿,
10265,食捻屎,말도 안 되는 소리다
10266,食屎,정말 불쾌하다
10267,预审查,사전 검토
10268,顔面騎乗,
10269,顔面発射,
10270,靠腰,속이 답답하다
10271,靠,이런
10272,静坐,좌회
10273,靖国神社,야스꾸니 신사
10274,青姦,
10275,露助,러시아 사람
10276,雑役夫,단순 노동자
10277,隠坊,은둔자
10278,陷家铲,참 난감한 일이다
10279,陰茎,
10280,陰核,
10281,陰唇,
10282,阿拉法特,특정 정치 인물
10283,阿拉,우리
10284,阿扁,특정 인물
10285,阿呆,조금 모자란 사람
10286,阴部,
10287,阴道,
10288,阴蒂,
10289,阴茎,남성의 소중한 곳
10290,阴毛,털
10291,阴核,신체 부위
10292,阴户,
10293,阴小撕大,예민한 신체 이야기
10294,阴唇,예민한 부위
10295,铁道部,철도 부처
10296,铁路的招标,철도 입찰
10297,铁路招标,철도 입찰
10298,钓鱼台,钓鱼岛
10299,金正日,김정일
10300,金日成,김일성
10301,邹德威,공공기관 또는 사회 단체에서 활동한 사람
10302,邮政局,우편 관련 기관
10303,邪教,비주류 종교 단체
10304,邓小平,특정 정치 인물
10305,道教,도교
10306,過去帳,돌아가신 분들의 명부
10307,運営,운영
10308,逼毛,털
10309,逝ってよし,가길 잘했다
10310,逝ってこい,어서 오너라
10311,逆ｱﾅﾙ舐め,
10312,逆アナル舐め,
10313,逆あなる舐め,
10314,近目,시력이 좋지 않은 사람
10315,轮奸,집단적 해를 끼침
10316,转法轮,수련 활동으로 설명
10317,车臣,체첸 지역
10318,躄,양다리가 불편한 사람
10319,踢,발로 차다
10320,足摺,안절부절함
10321,越後の米つき,에치고노 요네쓰키
10322,超根,풀과 나무뿌리
10323,赛你老师,
10324,赛你公,
10325,赑,과한 행동이라는 뜻으로 순화
10326,贺国强,특정 인물
10327,贱,
10328,质检局,품질 검사 기관
10329,财政部,재정 관련 부처
10330,贝肉,신체 부위
10331,证监会,증권 감독 기관
10332,讨伐,조치하다
10333,计生委,출산·인구 정책을 담당하던 기관
10334,警匪一家,경찰과 범죄자가 한편
10335,观世音,관세음보살
10336,視姦,
10337,西藏独立,티베트 독립 주장
10338,裏筋,뒷덜미
10339,裏日本,일본의 서쪽 지역
10340,装逼呢,허세 부리지 마
10341,装逼,허세 부리지 말자
10342,装屄呢,겉멋만 부리지 마
10343,装屄,겉멋만 부리지 말자
10344,装备演示,장비 시연
10345,装备展示,장비 소개
10346,被爆者,피폭 피해자
10347,被曝者,피폭자
10348,蠢猪,서툰 사람
10349,蝬,곤충 종류
10350,蛸部屋,열악한 합숙소
10351,蛮族,미개한 부족
10352,虐待,심하게 대하다
10353,蘖,새싹
10354,藪睨み,사팔뜨기
10355,藏独,티베트 독립 주장
10356,蔓ぺ,
10357,蒙古达子,몽골인
10358,蒙古症,다운증후군
10359,蒋彦勇上书,공적 의견 제출
10360,葫芦案,葫芦案 사건
10361,董文华,해당 인물 이야기
10362,落人部落,피난 공동체
10363,菊びら回転,
10364,菊ひら回転,
10365,荡妇,좋지 않은 행동을 하는 사람
10366,草你妈,
10367,英雄纪念碑,기념비
10368,花柳,감염병
10369,花びら大回転,
10370,花びら回転,
10371,色情,부적절한 내용
10372,舔西,비위를 맞추려 한다
10373,舌技,
10374,興信所,신용조사 기관
10375,舆论钳制,여론 제한
10376,致幻剂,환각성 물질
10377,自閉症児,자폐아동
10378,自焚,극단적 자해 행위
10379,自治机关,자치 행정 기관
10380,自杀,해서는 안되는 행동
10381,膝行,무릎으로 움직임
10382,膏药旗,일본 국기
10383,腚,엉덩이
10384,脳膜炎,뇌수막염
10385,脱机外挂,오프라인 부정 프로그램
10386,胸射,
10387,胡耀邦,호요방
10388,肛交,
10389,肏,부적절한 행동
10390,肉缝,
10391,肉棒,남성의 소중한 곳
10392,肉棍子,남성의 소중한 곳
10393,肉壺,
10394,肉壷,
10395,肉壁,남성의 소중한 곳
10396,肉坪,
10397,肉つぼ,
10398,聾者,청각장애인
10399,聾桟敷,소극적 관람석
10400,聾唖,청각·언어 장애
10401,聾,청각장애
10402,職工,노동자
10403,联欢晚会,축하 공연
10404,联大,국제 연합 총회
10405,联合国大会,국제 기구의 총회
10406,联合国,국제 기구
10407,耶和华,耶和华 종교에서 신
10408,老瘪三,무례한 사람
10409,老毛子,러시아 사람
10410,老母,어머니
10411,羽目鳥,
10412,群盲象をなでる,장님 코끼리 만지기
10413,美金,미국 달러
10414,美娼,
10415,美国佬,미국인
10416,美国,미국
10417,美利坚,미국
10418,美元,미국 달러
10419,罢工,업무 중단
10420,网管,네트워크 관리자
10421,统计局,통계 기관
10422,经社理事会,경제사회 위원회
10423,经济社会理事,경제·사회 관련 위원
10424,红顶商人,권력과 가까운 사업가
10425,緊縛,바싹 죄어 묶음
10426,素又,
10427,紅毛人,서양인
10428,糞ﾔﾛｳ,몹시 무례한 사람
10429,糞餓鬼,예의 없는 아이
10430,糞野郎,매우 무례한 사람
10431,糞ヤロウ,몹시 무례한 사람
10432,糞ガキ,버릇없는 아이
10433,糞,
10434,精神分裂病,조현병
10435,精子,생식 세포
10436,精器,정기
10437,粮食局,식량국
10438,粗制吗啡,정제되지 않은 약물
10439,管理員,관리 담당자
10440,管理员,관리 담당자
10441,管理人员,관리 담당자
10442,管理,운영 관리
10443,第三国人,제3국인
10444,第三国,제3국
10445,笨逼,조금 서툴다
10446,笨屄,익숙하지 않다
10447,竿姉妹,
10448,童貞,
10449,立ちん坊,거리 호객 행위
10450,穴兄弟,
10451,穆罕默德,종교적 인물
10452,穆斯林,이슬람 신자
10453,税务总局,세무 관련 기관
10454,秘书长,사무총장
10455,科技部,과학기술 부처
10456,私服,비공식 서버
10457,禽流感,조류 인플루엔자
10458,神经病,예민한 사람
10459,社科院,사회과학 연구소
10460,社保基金会,사회보장 기금 기관
10461,社会主义,사회 체제 개념
10462,示威,집회
10463,础,기초
10464,破坏,손상시키다
10465,矮小,왜소
10466,知障,지적 어려움이 있는 사람
10467,瞳,눈동자
10468,睾丸,남성의 소중한 부분
10469,睾,남성의 소중한 곳
10470,着,진행
10471,真理组织,真理组织 단체
10472,真理教,특정 종교 단체
10473,真善忍,도덕적 가치
10474,省长,지방 행정 책임자
10475,盲蛇に怖じず,하룻강아지 범 무서운 줄 모른다
10476,盲縞,줄 무늬 면포
10477,盲滅法,아무렇게나 하는 방식
10478,盲判を押す,무턱대고 도장을 찍다
10479,盲人,시각장애인
10480,目ｸﾗ,안구
10481,目盲,시각장애
10482,目クラ,안구
10483,盗窃犯,범죄자
10484,监管局,감관부
10485,监察部,감찰 기관
10486,皮カブリ,
10487,皮かぶり,
10488,的大学生,해당 대학생들
10489,癩病,한센병
10490,瘸腿帮,다리가 불편한 사람들 모임
10491,瘪三,
10492,痴女,
10493,疆独,티벳독립
10494,男色,
10495,电监会,전력 감독 기관
10496,産婆,조산사
10497,生ﾌｪﾗ,
10498,生鸦片,가공되지 않은 양귀비
10499,生者与死者,살아 있는 사람과 세상을 떠난 사람
10500,生フェラ,
10501,生セラ,
10502,生ふぇら,
10503,瓦良格,瓦良格 대형 함선
10504,瓜批,엉뚱한 사람
10505,瓜婆娘,순박한 사람
10506,瓜娃子,귀여운 바보
10507,环保总局,환경 보호 기관
10508,王八蛋,무례한 사람
10509,玉金,
10510,玉杵,
10511,独立,독립 주장
10512,狗日的,정말 속상하다
10513,狗日,경솔한 사람
10514,狗屁,말도 안 되는 소리
10515,狂操你全家,도무지 이해가 안 간다
10516,狂女狂人,통제가 어려운 여성
10517,狂女,여성
10518,犯す,심하게 해치다
10519,犬殺し,동물을 해치는 사람
10520,犬取り,유기견 포획 업무
10521,特殊部落,특수한 촌락
10522,特殊学校,특수교육 학교
10523,版署,출판 관련 기관
10524,片端,신체에 어려움이 있는 사람
10525,爱滋,질병
10526,烟草局,담배 관련 기관
10527,烂逼,아주 어수선하다
10528,烂屌,정리가 안 되어 있다
10529,烂屄,완전히 뒤죽박죽이다
10530,烂B,상황이 엉망이다
10531,濡れ濡れ,촉촉한 피부
10532,潮吹き,
10533,滚,자리를 비켜주세요
10534,湿透的内裤,젖은 속옷
10535,游行,행진 또는 시위 활동
10536,游戏管理员,게임 운영자
10537,港澳办,홍콩·마카오 관련 업무를 담당하는 기관
10538,淫荡,
10539,淫秽,부적절한 내용
10540,淫水,체액
10541,淫毛,털
10542,淫棍,부적절한 행동을 하는 사람
10543,淫娃,
10544,淫,지나친 행동
10545,海盗幽灵,해적 유령 캐릭터
10546,海洛因,불법 약물
10547,海洋局,해양 관련 기관
10548,海关总署,세관 기관
10549,测试,시험
10550,测绘局,측량 기관
10551,泡踊り,거품춤
10552,泡姫,
10553,法轮大法,특정 수련 활동
10554,法轮功,
10555,法西斯,극단적 전체주의 사상
10556,河原者,사회적 약자
10557,河原乞食,전통 공연인
10558,沖仲仕,부두 노동자
10559,汲み取り屋,위생 관련 업무 종사자
10560,池沼,못과 늪
10561,江苏省党政一把手,장쑤성 주요 책임자
10562,江独裁,독재 주장
10563,江泽民,특정 인물 관련 내용
10564,江核心,핵심 인물
10565,江主席,국가 지도자
10566,江core,특정 인물 관련 표현
10567,水去车仑,수거차륜
10568,水利部,수리부
10569,気違い沙汰,통제가 어려운 행동
10570,気違いに刃物,통제가 어려운 사람
10571,気違い,정신 질환
10572,气象局,기상 관측 기관
10573,民进党,민진당
10574,民运,민주화 운동
10575,民航局,민간 항공 기관
10576,民政部,민정부
10577,民主党派,민주적 정당
10578,毛主席,국가 지도자
10579,比的,그런 식은 아니다
10580,殺る,
10581,殺すぞ,혼날래
10582,死ﾈﾖ,
10583,死ﾈﾊﾞ,
10584,死全家,말도 안 되는 소리다
10585,死ネヨ,
10586,死ネバ,
10587,死んじゃえ,
10588,死んじまえ,
10589,死ねよ,
10590,死ね,
10591,死なす,
10592,死GM,너무 불만스럽다
10593,死GD,마음이 상한다
10594,正常位,
10595,正名,명칭 확정
10596,業病,직업병
10597,检察院,검찰청
10598,梅花网,梅花网 웹사이트
10599,档案局,기록 보관 기관
10600,林业局,산림국
10601,李灯灰,
10602,杀手,공격을 수행하는 사람
10603,杀人犯,사람에게 해를 가한 사람
10604,杀人,사람에게 해를 가하다
10605,机巴,민감한 부분 이야기
10606,机八,신체에 관한 표현
10607,未開発国,개발도상국
10608,未開人,미개인
10609,朝鲜,북한
10610,朝起ち,
10611,朝立ち,
10612,月经,생리
10613,月経,월경
10614,月四日,4일
10615,暴徒,소요에 참여한 사람들
10616,暴动,큰 소요 사태
10617,暴乱,격렬한 시위
10618,暗稲,알 수 없는 표현
10619,明盲,시각장애인
10620,早饭,아침식사로 표현
10621,日本RING,일본 행사
10622,日本,일본
10623,日批,
10624,日你老母,
10625,日你老娘,
10626,日你娘,참기 어려울 만큼 화난다
10627,日你妈啦逼,말로 표현하기 어려울 만큼 화가 난다
10628,日你妈啦屄,분노가 크게 치민다
10629,日你妈,
10630,日他娘,정말 화난다
10631,日,이런
10632,既知外,정신적 어려움
10633,旅游局,관광 기관
10634,新闻管制,언론 제한 정책
10635,新闻出版总署,출판·언론 관련 기관
10636,新手辅导员,초보자 상담자
10637,新手指导员,초보자 지도자
10638,新平民,평민
10639,新唐人电视台,新唐人电视台 방송사
10640,新党,새로운 정당
10641,文化部,문화 부처
10642,数の子天井,
10643,教育部,교육 부처
10644,教官,지도 교관
10645,政变,정권 변화 사건
10646,操逼,좋지 않은 행동
10647,操比,
10648,操妳祖宗,참기 어려운 분노가 든다
10649,操妳娘,화를 참기 힘들다
10650,操妳妈,언짢은 마음이 크다
10651,操妳,언짢은 마음이 크다
10652,操你老母,불쾌함이 계속 남는다
10653,操你老娘,
10654,操你老妈,마음이 복잡하고 불편하다
10655,操你祖宗,정말 화가 난 상태다
10656,操你娘,화를 눌러 담기 어렵다
10657,操你妈屄,
10658,操你妈个屄,분노가 치민다
10659,操你妈个B,화를 참기 어렵다
10660,操你妈,정말 화난다
10661,操你奶奶,정말 기분 나쁘다
10662,操你大爷,분노가 치민다
10663,操你全家,참기 어려울 만큼 속상하다
10664,操你,기분이 크게 상했다
10665,操,이런
10666,撒尿,소변보다
10667,摸你油,
10668,摩门教,몰몬교
10669,摇头玩,불법 약물
10670,摇头丸,불법 약물
10671,援助交際,
10672,援交,
10673,插妳,
10674,插你,
10675,捻,좋지 않은 행동
10676,按摩,마사지
10677,指导员,지도자
10678,挂,중단되다
10679,拘束ﾌﾟﾚｲ,
10680,拘束プレイ,
10681,拉致,강제로 데려감
10682,拉登,특정 인물
10683,拉姆斯菲尔德,Donald Rumsfeld
10684,抽插,
10685,抢劫,강제로 빼앗다
10686,抜きキャバ,부적절한 업소
10687,抗日,일본에 반대하는 입장
10688,抑制剂,억제제 성분
10689,托管理事会,신탁 관리 위원회
10690,打飞机,혼자 하는 행위
10691,手ﾏﾝ,
10692,手ｺｷ,
10693,手マン,
10694,手ん棒,
10695,手こき,
10696,我靠,이런
10697,我日,이런
10698,我操,너무 당황스럽다
10699,我慢汁,
10700,我干,기분이 크게 상했다
10701,我妳老爸,마음이 뒤숭숭하다
10702,懒教,성급함을 빗대는 표현
10703,懒叫,게으름을 지적하는 표현
10704,懂文华,이야기 내용
10705,愛撫,
10706,想上你,
10707,情色,
10708,恩格斯,한 사회사상 이론을 발전시킨 학자
10709,恐怖分子,극단적 폭력단체 구성원
10710,恐怖主义,극단적 폭력 행위
10711,总理,정부 수반
10712,总局,중앙 기관
10713,性爱,친밀한 관계
10714,性无能,어려움
10715,性感帯,
10716,性器,소중한 부분
10717,性交,
10718,怀念十五年前,15년 전을 회상하다
10719,快克,불법 약물
10720,心障者,정서·인지에 어려움이 있는 사람
10721,心障児,발달·정서에 어려움이 있는 아동
10722,徐建国案件,특정 사건 관련 사안
10723,後進国,후진국
10724,後背位,
10725,彭真,펑전
10726,强奸犯,성폭력 범죄자
10727,强奸,강제로 해를 끼침
10728,弟大物勃,당황스러운 상황
10729,引かれ者,남에게 폐를 끼치는 사람
10730,建设部,건설부
10731,废物,역할을 잘 못하는 사람
10732,广电局,광전국
10733,干拎娘,마음이 매우 언짢다
10734,干妳老母,큰 실망감이 든다
10735,干妳娘,굉장히 불편하다
10736,干妳妈,기분이 크게 흔들린다
10737,干妳,
10738,干你老母,말로 표현하기 어려울 만큼 속상하다
10739,干你娘,화를 참기 어렵다
10740,干你妈逼,
10741,干你妈b,
10742,干你妈,마음이 심하게 상했다
10743,干你,
10744,干七八,마음이 불편하다
10745,干,이런
10746,帝国主义,제국주의 사상
10747,帕巴拉•格列,지역 사회의 공적 직무를 맡았던 사람
10748,希特勒,히틀러
10749,希拉克,Jacques Chirac
10750,巨根,
10751,巨乳,큰 가슴
10752,工程院,공학 관련 국가 기관
10753,工商局,산업·상업 행정 기관
10754,巡府媳,관청에서 일하는 사람
10755,山窩,두메산골
10756,屠殺人,도축 노동자
10757,屌鸠,기분이 틀어졌다
10758,屌西,기분이 매우 나쁘다
10759,屌毛,털
10760,屌妳,언짢은 기분이 든다
10761,屌你,마음이 크게 상했다
10762,屌七,짜증이 난다
10763,屌7,마음이 뒤틀린다
10764,屌,
10765,屄毛,털
10766,屄,
10767,屁股,엉덩이
10768,屁眼,항문 부위
10769,尻ズリ,
10770,尻,엉덩이
10771,尺八,
10772,尺れ,
10773,小鸡鸡,남아의 신체 부위
10774,小鸡巴,남성 신체 부위
10775,小肉粒,피부 돌기
10776,小瘪三,서툰 사람
10777,小泉,특정 인물
10778,小日本,일본
10779,小卵泡,작은 난포
10780,小卵子,작은 난자
10781,小便,소변
10782,小乳头,유두
10783,射精,
10784,富山の三助,온천에서 일하던 사람
10785,密洞,
10786,密宗,특정 종교 전통
10787,寄せ場,일용직 노동자가 모이는 작업장
10788,客服,고객 지원 담당자
10789,客户服务人员,고객 서비스 담당자
10790,审计署,감사 기관
10791,宝马车撞人案,차량 사고 사건
10792,宝马撞人案,차량 사고 사건
10793,宗教,종교 단체
10794,宋祖英,宋楚瑜
10795,安非他命,불법 약물
10796,安眠酮,수면 관련 약물
10797,安理会,국제회의 기관
10798,安拉,신
10799,安心取引,안전한 거래
10800,安全部,안전 관련 부서
10801,安全监管,안전 감독
10802,安全理事会,안전 관련 회의체
10803,安全局,안전 관련 기관
10804,安_心取引,안전한 거래
10805,安_心_取引,안전한 거래
10806,安_心_取_引,안전한 거래
10807,它妈的,이런
10808,它妈地,이런
10809,学生爱国运动,학생 운동
10810,学生爱国者运,학생 운동
10811,学潮,학생 시위
10812,孙逸仙,손일선
10813,孙文,손문
10814,孙中山,손중산
10815,嫖客,불법 행위자
10816,婊子,무례한 사람
10817,婊,무례한 행동을 하는 사람
10818,娼,
10819,娘的,이런
10820,娘个比,
10821,娄义,사회 활동에 참여한 사람
10822,威而钢,
10823,威而柔,관련 약물 제품
10824,姦通,
10825,妳马的,기분이 좋지 않다
10826,妳老母的,속상한 기분이다
10827,妳娘的,말하기 어려울 만큼 불쾌하다
10828,妳妈的,
10829,妣,어머니를 뜻하는 표현
10830,妓院,불법 업소
10831,妓女,불법 활동 여성
10832,妓,
10833,妈祖,해상 수호 신앙
10834,妈的,속상한 마음이 든다
10835,妈比,
10836,妈妈的,이런
10837,妈卖妈屁,터무니없는 소리다
10838,妈个老比,
10839,妈个比,
10840,好死不如赖活,힘들어도 버티자
10841,她马的,찝찝하다
10842,她妈的,씁쓸하다
10843,她妈地,이런
10844,奸,부적절한 행동
10845,奶子,가슴
10846,奶奶的,이런
10847,女給,여성 노동자
10848,女工,여성 노동자
10849,女体盛り,
10850,失聴者,청각 장애우
10851,太监,과하게 조심스러운 사람
10852,天皇,일왕
10853,天安门事件,천안문사태
10854,天安门,천안문
10855,天安们,천안문
10856,大麻油,
10857,大麻树脂,
10858,大麻,
10859,大鸡巴,남성 신체 부위
10860,大血B,
10861,大花B,
10862,大法弟子,수련 참여자
10863,大法,수련법
10864,大师,스승님
10865,大卵泡,큰 난포
10866,大卵子,큰 난자
10867,大卫教,大卫教 종교
10868,大便,배설물
10869,大会堂,대형 회의장
10870,夢精,
10871,夜情,
10872,多维新闻,多维新闻 뉴스 매체
10873,外汇局,외환 관리 기관
10874,外挂,부정 프로그램
10875,夏之交,여름 무렵
10876,売春,
10877,塞你老母,기분이 몹시 언짢다
10878,塞你老师,말을 고르기 어렵다
10879,塞你爸,상황이 못마땅하다
10880,塞你母,속상함이 남는다
10881,塞你娘,심란한 기분이 든다
10882,塞你公,기분이 좋지 않다
10883,堕胎,임신 중단
10884,基督教,기독교
10885,基督,예수
10886,基地组织,극단적 조직
10887,基地外,정신적 어려움을 가진 사람
10888,地震局,지진 관측 기관
10889,在庫豊富,재고 충분
10890,在_庫豊富,재고 충분
10891,在_庫_豊富,재고 충분
10892,在_庫_豊_富,재고 충분
10893,圣母,성스러운 인물
10894,圣战,종교적 명분의 갈등
10895,土方,건설 노동자
10896,土左衛門,익사자
10897,土右衛門,익사자
10898,圆满,성공
10899,国际法院,국제 사법 재판소
10900,国防部,국방부
10901,国防科工委,국가국방과기공업국
10902,国资委,국가 자산 관리 기관
10903,国管局,국관국
10904,国研室,국가 연구실
10905,国民党,국민당
10906,国家民委,국가민안
10907,国家主要部委,국가 주요 부처
10908,国土资源部,국토자원부
10909,国务院,국무원
10910,回教,이슬람교
10911,回回,회족
10912,四十八手,일본씨름 48수
10913,商务部,상무 부처
10914,周旋屋,중개업
10915,告全体网民书,인터넷 이용자 공지문
10916,吹萧,좋지 않은 행동
10917,吹喇叭,부적절한 암시를 없애기 위해 설명적 표현으로 순화
10918,含捻,부적절한 행동을 말함
10919,吗啡碱,진통제 관련 성분
10920,吗啡片,진통제 알약
10921,吗啡,진통제 성분
10922,后庭,
10923,司法部,사법부처
10924,叶剑英,국가 운영에 참여했던 공적 역할자
10925,台联,대만 연합 단체
10926,台独,대만 독립 주장
10927,台湾独立,대만 독립 주장
10928,台湾ハゲ,머리숱이 없는 사람
10929,台办,대만 관련 사무기관
10930,可怜卖菜妇,채소 장사하는 여성
10931,可待因,진통제
10932,可卡因,불법 약물
10933,可卡叶,약물 원료 식물
10934,叫床,신음 소리
10935,口内発射,
10936,口交,신체적 접촉 행위
10937,发改委,발전개혁위원회
10938,发展研究中心,연구 기관
10939,反日,일본에 비판적인 입장
10940,双峰微颤,가슴 떨림
10941,参事室,자문 부서
10942,去死,
10943,原子能机构,원자력 관련 기관
10944,卵子,난자
10945,即ﾊﾒ,
10946,即尺,
10947,即ハメ,
10948,卫生部,보건·의료 행정을 담당하는 부처
10949,南部の鮭の鼻まがり,남부연어콧등
10950,南蛮子,남방 사람
10951,卖淫,불법적인 행동
10952,华国锋,화국봉
10953,升天,세상을 떠나다
10954,十三点,엉뚱한 사람
10955,北鮮,북한
10956,包皮,
10957,勃起,
10958,劳教所,교정 시설
10959,劳动保障局,노동 보장 기관
10960,动证明,활동 증명서
10961,动乱,큰 소요 사태
10962,动,움직임
10963,办公厅,사무 부서
10964,别以为你是太监我就怕你,그렇게 한다고 달라지는 건 없다
10965,别他妈的装,그렇게 행동하지는 마
10966,刚瘪三,
10967,刚度,단단함
10968,刘淇,특정 인물
10969,刘少奇,유소기
10970,凸,
10971,冰毒,불법 약물
10972,农业部,농업 부처
10973,军妓,강제로 고통받는 사람
10974,军事委员会,군사 관련 위원회
10975,册那,이런
10976,兴奋剂,경기력 증가 약물
10977,共匪,공비
10978,共产党,공산당
10979,共产主义,공산주의
10980,六月四,6월 4일
10981,六月four日,6월 4일
10982,六四,1989년 6월 사건
10983,六•四,1989년 6월 4일 시위 사건
10984,公認,공인
10985,公式,공식
10986,公审李鹏,공개 재판 요구
10987,公安部,공안부
10988,公安局,지역 공공 안전 기관
10989,公安,치안 담당 기관
10990,公娼,
10991,八九风波,1989년 사건
10992,八九年那个春,1989년 봄 시기
10993,八九学潮,1989년 학생 시위
10994,全球华人春节,해외 동포 설 행사
10995,党主席,당 대표
10996,光明日报,광명일보
10997,先走汁,신체 관련 표현
10998,先走り汁,신체 관련 표현
10999,先审后贴,게시 전 검토
11000,元気汁,
11001,傻逼,어리석게 행동하는 사람
11002,傻瓜,덤벙거리는 사람
11003,傻比,허둥대는 사람
11004,傻屄,엉뚱하게 굴다
11005,傻子,서툰 사람
11006,傻B,경솔하게 행동한다
11007,催情药,감정 자극 물질
11008,做爱,친밀한 관계를 맺다
11009,倭寇,일본 해적
11010,倭国,일본
11011,信访局,민원 접수 기관
11012,信息产业部,정보 산업 부처
11013,信不信我撞死你,
11014,保钓,영토 주장 활동
11015,保监会,보험 감독 기관
11016,保密局,기밀 관련 부서
11017,侨办,해외 교민 관련 기관
11018,你马的,불만이 크다
11019,你姥姥的,속이 답답하다
11020,你姥,할머니
11021,你妈的,짜증이 치민다
11022,你呀的鸡巴长歪了吧,말투가 지나치다
11023,你以为你装逼就能骗我,겉으로만 꾸민다고 넘어갈 것 같지 않다
11024,你以为你装屄就能骗我,그렇게 꾸며도 속지 않는다
11025,佛祖,부처
11026,佛教,불교
11027,何加栋,공적 사안에 연관된 시민
11028,体育总局,체육총국
11029,低開発国,개발도상국
11030,低脳児,발달에 어려움이 있는 아동
11031,低能,조금 떨어지는
11032,会,회의
11033,伊朗,이란
11034,伊斯兰,이슬람
11035,伊拉克,이라크
11036,伊勢乞食,이세코지키
11037,伊勢こじき,이세코지키
11038,以茎至洞,부적절한 행동 묘사
11039,以茎制洞,
11040,代表大会,대표 회의
11041,他马的,기분이 뒤숭숭하다
11042,他妈的,답답한 마음이 든다
11043,他妈地,이런
11044,他ㄇ的,그들의
11045,他ㄇㄞ,그분들
11046,仆街,형편없는 상황이다
11047,仁王立ちフェラ,
11048,人非人,사람이 아닌 사람
11049,人民日报,일간 신문사
11050,人民广场,도심 광장
11051,人民大会堂,인민대회당
11052,人民,사람들
11053,人弹,극단적 행동
11054,人夫,현장 노동자
11055,人大代表,인민 대표
11056,人大,인민 대표 기관
11057,人体炸弹,위험한 행동을 하는 사람
11058,人代会,인민 대표 회의
11059,人事部,인사부서로 표현
11060,亲民党,친민당
11061,产权局,재산권 관련 기관
11062,交通部,교통 부처
11063,五輪,올림픽 대회
11064,云龙湖,운룡호 지역
11065,二逼,눈치가 없다
11066,二屄,서툴게 행동한다
11067,二乙基酰胺,의약·화학 물질
11068,事務局,사무국
11069,亀甲ｼﾊﾞﾘ,
11070,亀甲シバリ,
11071,亀甲しばり,
11072,乳波臀浪,신체 움직임
11073,乳房,가슴
11074,乳交,신체 접촉 행위
11075,乡巴佬,시골 사람
11076,中宣部,선전 관련 부처
11077,中出し,
11078,丫的,이런
11079,丫头养的,버릇없이 굴지 마
11080,东突,독립 주장 단체
11081,东土耳其斯坦,특정 지역명
11082,东亚病夫,동아시아 사람
11083,丕 刀卜,
11084,不得不内,마음이 답답하다
11085,不可触民,불가촉천민
11086,下男下女,신분이 낮은 사람
11087,上方の贅六,위족
11088,上妳,
11089,上你,
11090,三韓征伐,삼한정벌
11091,三陪,동행 서비스로 표현
11092,三级片,
11093,三唑仑,수면 관련 약물
11094,三去车仑,특정 구호로 설명
11095,三助,목욕 시설 보조 직원
11096,三个代婊,정치적 비판
11097,丄,
11098,丁加班,공적 업무에 참여한 사람
11099,一贯道,一贯道 종교
11100,一夜情,즉흥적 만남
11101,一国两制,하나의 나라 두 제도
11102,一九八九年六,1989년 6월 관련 표현
11103,㉨ㅏ㉨ㅣ,
11104,㉥㉥ㅏ,
11105,ㅣ발,
11106,ㅣ바알,
11107,ㅗ,
11108,ㅕㅇ신,
11109,ㅍㅏ,조용히
11110,ㅉㅣㅈㅕ,
11111,ㅈ지빨,
11112,ㅈ망,엉망이야
11113,ㅈ랄,
11114,ㅈ라,그만해
11115,ㅈ나,아주
11116,ㅈ까,그만하자
11117,ㅈ경,
11118,ㅈ같,나쁜 기분이야
11119,ㅈ가튼,별로인
11120,ㅈㅣ룰,
11121,ㅈㅣ럴,
11122,ㅈㅣ랄,
11123,ㅈㅣㄹㅓ,
11124,ㅈㅣㄹㅏ,
11125,ㅈㅗㅈ,
11126,ㅈㅕㄲㅏ,
11127,ㅈㅓㅃㅏ,
11128,ㅈㅓㄲㅏ,
11129,ㅈㅏ지,
11130,ㅈㅏ우ㅣ,
11131,ㅈㅏㅈㅣ,
11132,ㅈㅏ★우,
11133,ㅈㅈ빨,
11134,ㅈㄹ,그러지 말자
11135,ㅈㄴ,아주
11136,ㅈㄲ,
11137,ㅈL랄,
11138,ㅈI랄,
11139,ㅈ1랄,
11140,ㅇ나홀,
11141,ㅇㄴ홀,
11142,ㅇH미,
11143,ㅆ엘,
11144,ㅆ앙,
11145,ㅆ삐라,
11146,ㅆ뿔,
11147,ㅆ불,
11148,ㅆ발,
11149,ㅆ바,
11150,ㅆ끼,거친 사람
11151,ㅆㅣ파,
11152,ㅆㅣ블년,
11153,ㅆㅣ불얼,
11154,ㅆㅣ불년,
11155,ㅆㅣ부랄,
11156,ㅆㅣ벨년,
11157,ㅆㅣ발,
11158,ㅆㅣㅍㅓ,
11159,ㅆㅣㅍㅏ,
11160,ㅆㅣㅂㅏ,
11161,ㅆㅣㅂ,
11162,ㅆㅣㄷ,
11163,ㅆㅣㄲㅣ,
11164,ㅆㅣ,
11165,ㅆㅖ끼,
11166,ㅆㅖㄲㅣ,
11167,ㅆㅔㄹㅣ,
11168,ㅆㅔㄲㅣ,
11169,ㅆㅔㄲㅑ,
11170,ㅆㅔㄱ,
11171,ㅆㅐㄹㅣ,
11172,ㅆㅐㄲㅣ,
11173,ㅆㅐㄲㅑ,
11174,ㅆㅏㄲㅏ,
11175,ㅆㅍ,
11176,ㅆㅃ,
11177,ㅆㅂ놈,
11178,ㅆㅂㄻ,
11179,ㅆㅂㄹㅁ,
11180,ㅆㅂ,
11181,ㅆl팔,
11182,ㅆl발,
11183,ㅆL,
11184,ㅆI팔,
11185,ㅆI발,
11186,ㅆI,
11187,ㅆ1팔,
11188,ㅆ1벨,
11189,ㅆ1밸,
11190,ㅆ1발,
11191,ㅆ1바,
11192,ㅆ1,
11193,ㅆ!발,
11194,ㅅ시발,
11195,ㅅ쁠,
11196,ㅅ빩,
11197,ㅅ불,
11198,ㅅ벌,
11199,ㅅ발,
11200,ㅅ바,
11201,ㅅ끼,무례한 사람
11202,ㅅㅣ팔,
11203,ㅅㅣ팍,
11204,ㅅㅣ입팔,
11205,ㅅㅣ빨,
11206,ㅅㅣ벨,아이쿠
11207,ㅅㅣ발,
11208,ㅅㅣ박,어이구
11209,ㅅㅣ달년,무례한 사람
11210,ㅅㅣㅍㅓ,
11211,ㅅㅣㅍㅏ,
11212,ㅅㅣㅋㅣ,
11213,ㅅㅣㅂㅗㅏㄹ,아이쿠
11214,ㅅㅣㅂㅏ,
11215,ㅅㅣㄲㅣ,무례한 사람
11216,ㅅㅟ발,
11217,ㅅㅔ끼,
11218,ㅅㅔㅅㄱ,
11219,ㅅㅔㅅ,
11220,ㅅㅔㄹㅣ,
11221,ㅅㅔㄲㅣ,
11222,ㅅㅔㄱ,
11223,ㅅㅐ끼,
11224,ㅅㅐ뀌,
11225,ㅅㅐ꺄,
11226,ㅅㅐㄹㅣ,
11227,ㅅㅐㄲㅣ,
11228,ㅅㅐㄲㅑ,
11229,ㅅㅐ,
11230,ㅅㅏ까시,
11231,ㅅㅏ까,
11232,ㅅㅏㄲㅏ,
11233,ㅅㅍ,
11234,ㅅㅅ,
11235,ㅅㅂㅏ,
11236,ㅅㅂㄹㅁ,
11237,ㅅㅂ,
11238,ㅅㄲ,예의 없는 사람
11239,ㅅH끼,
11240,ㅅHㄲI,
11241,ㅅ1발,
11242,ㅄ,
11243,ㅃㅏ구리,
11244,ㅃㅏ구ㄹㅣ,
11245,ㅃㅏㄹㅏ,
11246,ㅃㅏㄱㅜ,
11247,ㅃr굴,
11248,ㅃR,
11249,ㅂ지,
11250,ㅂ신,미숙한 사람
11251,ㅂㅓ즤,
11252,ㅂㅈ,
11253,ㅂㅇ신,
11254,ㅂㅅ,
11255,ㅂㅂㅏ구리,
11256,ㅂㅂㅏ구ㄹㅣ,
11257,ㅁㅊ,
11258,ㅁ1친놈,생각이 거친 사람
11259,ㄴ미,
11260,ㄴ금빠,
11261,ㄴ금마,
11262,ㄴㅣㅇㅣㅁㅣ,
11263,ㄴㅣㅇㅐㅁㅣ,
11264,ㄴㅣㄱㅣ,
11265,ㄴㄱ빠,
11266,ㄴㄱ마,
11267,ㄴㄱㅁ,
11268,ㄴlㅁl,
11269,ㄴ1에미,
11270,ㄴ1미,
11271,ㄴ1ㅇH미,
11272,ㄴ1ㅁ1,
11273,ㄴ1ㅁ,
11274,ㄴ1ㄱ1,
11275,ㄴ1ㄱ,
11276,ㄲㅣ,
11277,ㄲㅑ,
11278,ㄲㅏ,
11279,ㄲㅈ,저리 가
11280,ㄱㅐㅈㅏ,
11281,ㄱㅐㅅㅐㄲl,
11282,ㄱㅐ,
11283,ㄙㄞ你老母,기분이 몹시 상한다
11284,ㄙㄞ你老师,마음이 언짢다
11285,ㄙㄞ你爸,말하기 어려울 만큼 불편하다
11286,ㄙㄞ你母,
11287,ㄙㄞ你娘,
11288,ㄙㄞ你妈,속이 상한다
11289,ㄙㄞ你公,정말 불쾌하다
11290,ㄐ掰,민감한 말
11291,ㄐ巴,예민한 표현
11292,ㄐ八,민감한 표현
11293,ㄇㄞ,그만하자
11294,ヴァギナ,
11295,ヴぁぎな,
11296,ワギナ,
11297,ワカメ酒,
11298,ロンパリ,사시
11299,ロンドン,런던
11300,ロリコン,
11301,ロスケ,러시아인
11302,レズ友,
11303,リアルマネートレード,환전
11304,リアルマネー_トレード,환전
11305,リアルタイム取引,실시간 거래
11306,リアル_マネートレード,환전
11307,リアル_マネー_トレード,환전
11308,ライ病,한센병
11309,ユルマン,
11310,ヤリマン,
11311,ヤリニゲ,책임 없이 관계를 끊고 떠나는 행동
11312,ヤリまん,
11313,マﾝｺ,
11314,マﾝこ,
11315,マンｺ,
11316,マン毛,
11317,マンコ,
11318,マンこ,
11319,マネートレード,환전
11320,マネー_トレード,환전
11321,マスターﾍﾞｰｼｮﾝ,
11322,マスターベーション,
11323,マスターべーしょん,
11324,マスをかく,자기 위안
11325,マんｺ,
11326,マんコ,
11327,マんこ,
11328,ポン引き,불법적인 일
11329,ポコペン,말도안돼
11330,ポア,
11331,ボケ老人,고령자
11332,ペニバン,
11333,ペニス,
11334,ペイ患,환자
11335,ペイ中,환자
11336,ベロ射,
11337,プロデューサー,프로듀서
11338,プッシー,
11339,フェラチオ,
11340,フェラ,
11341,ファック,
11342,ピンクサロン,
11343,ビッコ,장애우
11344,ヒモ,경제적 지원을 받으며 지내는 사람
11345,ヒッキー,히키코모리
11346,パン助,여성
11347,パンマ,여성
11348,パパ募集,
11349,パイパン,
11350,パイズリ,
11351,バルトリン腺液,신체 분비물
11352,バタ屋,중고 물품을 다루는 상인
11353,バギナ,
11354,バカチョン,한국인
11355,バカでもチョンでも,조금 모자라든 아니든
11356,ハメ撮リ,
11357,ハメ撮り,
11358,ハミ毛,
11359,ハゲ,머리숱이 없는 사람
11360,ネオウィズ,네오위즈 게임즈
11361,ヌレヌレ,
11362,ニコヨン,일용직 노동자
11363,ニグロ,흑인
11364,ニガー,어두운 피부색
11365,ナビゲーター,네비게이터
11366,ドヤ街,숙박비가 저렴한 숙소
11367,トルコ嬢,
11368,デムパ,데무파
11369,ディープスロート,
11370,ツボ洗い,목욕
11371,チﾝこ,
11372,チン毛,
11373,チンポジウム,
11374,チンポ,
11375,チンバ,장애우
11376,チンコ,
11377,チンゲ,
11378,チンこ,
11379,チョン,한국인
11380,チャンコロ,중국인
11381,チソコ,
11382,チェリーボーイ,연애 경험이 없는 사람
11383,チんｺ,
11384,チんコ,
11385,チんこ,
11386,ダメオン,좋지 않은 상황
11387,ダッチマン,
11388,ダ,
11389,タコ部屋,열악한 합숙소
11390,ソープランド,
11391,センズリ,
11392,セックス,
11393,ズリネタ,
11394,スペルマ,
11395,スケコマシ,
11396,スカトロ,
11397,ジースポット,
11398,ジーエム,유전자 변형
11399,ジャンキー,약물 의존이 있는 사람
11400,ジャップ,미국인
11401,ションベン,소변
11402,シネ,
11403,シ　ネ,
11404,ザーメン,
11405,ゴム尺,고무 재질의 자
11406,ゴムフェラ,
11407,ゴムふぇら,
11408,ゴミ屋,폐기물을 처리하는 일
11409,コンドーム,
11410,コロスゾ,
11411,ゲーム通貨,게임 내 화폐
11412,ゲームマスター,유전자 변형
11413,ゲームチュー,게임 진행
11414,ゲームオン,게임 시작
11415,ケチャマン,
11416,クンニリングス,
11417,クンニ,
11418,クロンボ,
11419,クリトリス,
11420,クリトりす,
11421,クリとリス,
11422,クソ野郎,
11423,クソガキ,버릇없는 행동
11424,クソやろう,
11425,クスコ,
11426,クサマン,
11427,クりとりす,
11428,ギッチョ,
11429,キ印,
11430,キモオタ,
11431,キチガイ,
11432,ガマンジル,
11433,ガバマン,
11434,ガイ児,
11435,カリ首,
11436,カリクビ,
11437,カウパー腺液,
11438,オﾏﾝｺ,
11439,オﾏンコ,
11440,オﾏンこ,
11441,オﾏんコ,
11442,オﾏんこ,
11443,オﾁﾝｺ,
11444,オﾁﾝこ,
11445,オﾁンこ,
11446,オﾁんｺ,
11447,オﾁんコ,
11448,オﾁんこ,
11449,オーラルセックス,
11450,オリンピック,올림픽 대회
11451,オメコ,
11452,オマﾝｺ,
11453,オマﾝこ,
11454,オマンｺ,
11455,オマンコ,
11456,オマンこ,
11457,オマんｺ,
11458,オマんコ,
11459,オマんこ,
11460,オフェラ,
11461,オフィシャル,공식
11462,オナニー,
11463,オナクラ,
11464,オチﾝこ,
11465,オチンコ,
11466,オチンこ,
11467,オチんｺ,
11468,オチんコ,
11469,オチんこ,
11470,オちﾝこ,
11471,オちンこ,
11472,オちんこ,
11473,エスキモー,
11474,エイズ,
11475,ウンコ,
11476,イタ公,
11477,アル中,
11478,アメ公,
11479,アヌス,
11480,アナルﾌｧｯｸ,
11481,アナル舐め,
11482,アナル処女,
11483,アナルファック,
11484,アナルセックス,
11485,アナルで,
11486,アオカン,
11487,アイヌ犬,
11488,アイヌ人,아이누
11489,わぎな,
11490,わかめざけ,
11491,ろりこん,
11492,ろう者,청각 장애가 있는 사람
11493,ろうしゃ,청각·언어적 장애가 있는 사람
11494,ろうあ者,청각·언어적 장애가 있는 사람
11495,らんこう,
11496,やりﾏﾝ,
11497,やりマン,
11498,やりまん,
11499,めっかち,시력이 약한 사람
11500,めくら判,문서를 제대로 보지 않고 도장 찍음
11501,まンこ,
11502,まん毛,
11503,まんこ,
11504,まぬけ,덤벙대는 사람
11505,ますたーﾍﾞｰｼｮﾝ,
11506,ますたーベーション,
11507,ますたーべーしょん,
11508,まえつき,
11509,ぽん引き,불법적인 일
11510,ぽあ,
11511,ほんぼし,용의자
11512,ぺニパン,
11513,ぺにばん,
11514,ぺってぃんぐ,
11515,ふぇらちお,
11516,ふぇら,
11517,ふぁっく,
11518,ぴんくさろん,
11519,びっこ,걷기 어려움이 있는 사람
11520,ばくろう,떠벌이
11521,ばぎな,
11522,ばかでもちょんでも,조금 모자라든 아니든
11523,ばかちょん,조금 모자란 사람
11524,はんとうじん,한국인
11525,はめどり,
11526,はなびらだいかいてん,
11527,ねこばば,도둑질
11528,にょたいもり,
11529,にくべんき,
11530,にくつぼ,
11531,なまふぇら,
11532,どん百姓,농촌 사람
11533,どや街,숙박비가 저렴한 숙소
11534,どもり,말을 더듬는 사람
11535,どざえもん,물에 떠오른 사람
11536,つんぼ桟敷,무대에서 먼 좌석
11537,つんぼ,청각 장애인
11538,ちﾝこ,
11539,ちンこ,
11540,ちん毛,
11541,ちんば,걸음이 불편한 사람
11542,ちんこ,
11543,ちんげ,
11544,ちかめ,가까움
11545,たまきん,
11546,そーぷらんど,
11547,ぜんりつせんまっさーじ,
11548,せんずり,
11549,せむし,등이 굽은 사람
11550,せっくす,
11551,せいじょうい,
11552,ずりネタ,
11553,じーすぽっと,
11554,しらっこ,생선 내장
11555,しょくぶつにんげん,장애우
11556,しじゅうはって,
11557,ざーめん,
11558,さんごくじん,제3국인
11559,さきばしりじる,
11560,ごむﾌｪﾗ,
11561,ごむフェラ,
11562,けちゃまん,
11563,くリとりす,
11564,くんに,
11565,くわえこむ,입으로 물다
11566,くろんぼ,
11567,くりﾄﾘｽ,
11568,くりトリス,
11569,くりトりす,
11570,くりとリす,
11571,くりとりス,
11572,くりとりす,
11573,くみとり屋,분뇨 수거 일을 하는 사람
11574,くそﾔﾛｳ,
11575,くそヤロウ,
11576,くそ,속상하다
11577,くず屋,
11578,くぐりｲｽ,
11579,くぐり椅子,
11580,くぐりイス,
11581,ぎっちょ,
11582,きんたま,
11583,きちがい,
11584,きじるし,
11585,きくびらかいてん,
11586,がんめんきじょう,
11587,がまん汁,
11588,がまんじる,
11589,がばまん,
11590,がちゃ目,
11591,かわかぶり,
11592,かつぎ屋,
11593,かたわ,
11594,おﾏﾝｺ,
11595,おﾏンコ,
11596,おﾏンこ,
11597,おﾏんコ,
11598,おﾏんこ,
11599,おﾁﾝｺ,
11600,おﾁﾝこ,
11601,おﾁンこ,
11602,おﾁんｺ,
11603,おﾁんコ,
11604,おﾁんこ,
11605,おーらるぷれい,
11606,おマﾝｺ,
11607,おマﾝこ,
11608,おマンｺ,
11609,おマンコ,
11610,おマンこ,
11611,おマんｺ,
11612,おマんコ,
11613,おマんこ,
11614,おフェラ,
11615,おチﾝこ,
11616,おチンチン,
11617,おチンコ,
11618,おチンこ,
11619,おチんｺ,
11620,おチんコ,
11621,おチんこ,
11622,おめこ,
11623,おまンこ,
11624,おまんこ,
11625,おふぇら,
11626,おなぺっと,
11627,おなにー,
11628,おちﾝこ,
11629,おちンこ,
11630,おちんこ,
11631,うんこ,
11632,あなる舐め,
11633,あなるふぁっく,
11634,あなるに,
11635,あなるで,
11636,あなるせっくす,
11637,あなる,
11638,あなきょうだい,
11639,あしずり,발버둥
11640,あきめくら,글자를 모르는 사람
11641,あおかん,
11642,あえぎごえ,
11643,あいえき,
11644,┻,
11645,┹,
11646,┴,
11647,ⓢEX,
11648,ⓑⓞⓩⓘ,
11649,⒮⒠⒳,
11650,⊥,
11651,z랄,
11652,zot,
11653,zazy,
11654,zazi,
11655,zasal ,나쁜 행동
11656,zaji,
11657,zajebany,멋진 녀석
11658,zajebane,멋진 녀석
11659,zabourah,무례한 사람
11660,yed ,어수룩한 사람
11661,yangkee,서양인
11662,yamad,
11663,x지,
11664,x위,
11665,x스,
11666,x섹x스x해x,
11667,x발,아이구
11668,x들이,사람들이
11669,xx해버려,그냥 해버려
11670,xx년이라는,나쁜 여자라는
11671,xx년,그분
11672,xx,어떤 것
11673,xrated,
11674,w같은,안 좋은
11675,wyjebć,
11676,wyjebany,엉망인 상태
11677,wyjebac,
11678,wtf,뭐야
11679,wop,이탈리아계 사람
11680,wlfkf,
11681,wistone,위스톤 게임 스튜디오
11682,wildgear,와일드기어
11683,wichser,무례한 사람
11684,whore들의,좋지 않은 행동을 하는 사람들의
11685,whore,좋지 않은 행동을 하는 사람
11686,whoar,
11687,wh0re,좋지 않은 행동을 하는 사람
11688,wh00r,좋지 않은 행동을 하는 사람
11689,wetback,이민자
11690,warstory,전쟁 이야기 게임
11691,warcrisis,워크라이시스 전략 게임
11692,warcloud,워클라우드 게임
11693,wank,
11694,w0p,다른 문화권 사람
11695,w00se,소심한 사람
11696,vulva,여성의 소중한 곳
11697,vullva,여성의 소중한 곳
11698,vittu,정말 속상하다
11699,violar,
11700,victorywars,빅토리워즈 전략 게임
11701,verga,
11702,vajina,여성의 소중한 곳
11703,vaj1na,여성의 소중한 곳
11704,vagina ,여성의 소중한 곳
11705,vagiina ,여성의 소중한 곳
11706,vag1na ,여성의 소중한 곳
11707,va1jina ,여성의 소중한 곳
11708,t발,
11709,tㅂ,
11710,twat ,예민한 부위
11711,turd ,버릇없는 사람
11712,tq,
11713,total football,축구 전술
11714,tnnd,이런
11715,tmd ,이런
11716,tl팔,
11717,tl빨,
11718,tl불,
11719,tl발,
11720,tl바,
11721,tlval,
11722,tlva,
11723,tlqkf,
11724,tlqkd,
11725,tlqk,
11726,tlpal,
11727,tlbar,
11728,tlbal,
11729,tlbak,
11730,tlba ,
11731,titt ,가슴
11732,tits ,가슴
11733,tit ,가슴
11734,tinyworld,타이니월드 게임
11735,testicle,남성의 소중한 곳
11736,testical,남성의 소중한 곳
11737,test,테스트
11738,teez,가슴
11739,teets,가슴
11740,tapsonicstar,탭소닉 리듬 게임 스타 버전
11741,tapsonicringstar,탭소닉 리듬 게임 스타 버전
11742,tapsonic,탭소닉 리듬 게임 버전
11743,s하고e싶다x,
11744,s스,
11745,suka,무례한 사람
11746,sudaca,라틴아메리카계 이민자
11747,sucks,아쉬워
11748,suck,별로야
11749,subnormal,능력이 부족함
11750,ssival,그만해
11751,ssibbal,
11752,ssibal,그러지 말자
11753,ssiba,
11754,ssang,
11755,sranie,
11756,splooge,체액
11757,spierdalaj,꺼져
11758,spic,라틴계 사람
11759,sphencter,
11760,sonofabitch,못되게 구는 사람
11761,sodomizar,
11762,sochu만큼,아주 조금
11763,snatch,여성 신체 부위
11764,smut ,
11765,smartpmang,플랫폼 앱
11766,slutz,무책임하게 행동하는 사람들
11767,slutty,단정하지 않은 모습
11768,sluts,무책임하게 행동하는 사람들
11769,slut,무례한 사람
11770,skórwiel,
11771,skurwysyn,무례한 사람
11772,skribz,무례한 사람
11773,skorwiel,
11774,skanks,행동이 좋지 않은 사람들
11775,skankey,행동이 좋지 않은 사람
11776,skankee,행동이 좋지 않은 사람
11777,skank,행동이 좋지 않은 사람
11778,skanck,행동이 좋지 않은 사람
11779,si팔,그만해
11780,si빨,
11781,si불,
11782,si발,
11783,si바,
11784,six月four日,6월 4일
11785,six月4日,6월 4일
11786,sival,그러지 말자
11787,siva ,
11788,siutty,단정하지 않은
11789,siqk ,
11790,sipal,아이구
11791,sieg heil,
11792,sib새,
11793,sibar,
11794,sibal,
11795,sibak,
11796,siba ,
11797,si8,
11798,shutup,조용히 해
11799,shiz,엉망
11800,shitz,곤란한 일들
11801,shitter,곤란하게 하는 사람
11802,shits,곤란한 일들
11803,shit,정말 곤란하네
11804,shipal,정말 짜증나
11805,shengdar,shengdar 회사명
11806,shemale,트랜스젠더 여성
11807,sharmute,좋지 않은 행동을 하는 사람
11808,sharmuta,좋지 않은 행동을 하는 사람
11809,sh1tz,곤란한 일들
11810,sh1tter,곤란하게 하는 사람
11811,sh1ts,곤란한 일들
11812,sh1ter,곤란하게 하는 사람
11813,sh1t,정말 곤란하네
11814,sf,SF
11815,se엑스,
11816,se스,
11817,sexy,매력적인
11818,sex,사랑
11819,semen,체액
11820,sega,sega 게임회사
11821,scrotum,
11822,screwing,좋지 않은 행동
11823,screw,속상하게 한다
11824,schmuck,어수룩한 사람
11825,schlong,남성의 소중한 부분
11826,schlampe,좋지 않은 행동을 하는 사람
11827,schaffer,무례한 사람
11828,scank,행동이 좋지 않은 사람
11829,sb ,
11830,sayclub,세이클럽 온라인 커뮤니티
11831,sadist,
11832,sadismo,가학적 행동
11833,ruhać,
11834,ruhanie,
11835,ruchać,
11836,ruchanie,
11837,rozpierdalać,휘두르다
11838,rotprl,
11839,rotorl,
11840,rmt ,현금 거래
11841,rioOlympic2016,2016년 리우 행사
11842,rio2016,2016년 리우 행사
11843,ri ,
11844,retard,생각이 느린 사람
11845,rectum,항문
11846,recktum,항문
11847,rautenberg,무례한 사람
11848,racist,차별적인 사람
11849,qweir,다른 성향의 사람
11850,qweerz,다른 성향의 사람들
11851,qweers,다른 성향의 사람들
11852,queerz,다른 성향의 사람들
11853,queers,다른 성향의 사람들
11854,queer,다른 성향의 사람
11855,queef,신체 소리
11856,qt ,
11857,qahbeh ,좋지 않은 행동을 하는 사람
11858,puuker ,토하는 사람
11859,puuke ,토하다
11860,puto ,무례한 사람
11861,puta ,좋지 않은 행동을 하는 사람
11862,pussy ,
11863,pussee ,
11864,pusse ,
11865,pule ,
11866,pula ,
11867,pthc ,
11868,przyjeb,문제 행동
11869,przejebane,아주 힘든 상황
11870,proxeneta,
11871,prostitu,
11872,producer,프로듀서
11873,preteen,어린 학생
11874,pr1k,기분 나쁜 사람
11875,pr1ck,기분 나쁜 사람
11876,pr1c,
11877,pr0n,
11878,portalapp,포털 앱 서비스
11879,porno,어른 영상
11880,porner,어른 영상 만드는 사람
11881,porn,어른 영상
11882,poop,배설물
11883,poontsee,
11884,ponsek,
11885,ponsec,
11886,polla,
11887,polak,
11888,polack,
11889,polac,
11890,pmang,게임 플랫폼
11891,pluspmang,게임 서비스
11892,pleyboy,잡지
11893,pleybog,잡지
11894,playbozi,잡지
11895,playbog,잡지
11896,pizda,
11897,piss,소변
11898,pimpis,
11899,pimmel,
11900,pillu,
11901,piexlammo,피코네코 캐릭터 브랜드
11902,pierdol,지껄이다
11903,picneko,피코네코 캐릭터 브랜드
11904,picka,
11905,phonsek,
11906,phonesex,
11907,petish,특이한 취향
11908,pervert,특이한 행동을 하는 사람
11909,perse,엉덩이
11910,penuus,
11911,penus,
11912,pennis,몸의 부분
11913,penis-breath,
11914,penis,몸의 부분
11915,penas,
11916,pen1s,
11917,pen!s,
11918,peinus,
11919,peenus,
11920,peeenusss,
11921,peeenus,
11922,pedófila,
11923,pedofila,
11924,pederasta,
11925,pedał,
11926,pedal,
11927,pecker,
11928,paska,배설물
11929,panis,남성의 소중한 곳
11930,panchito,
11931,paky,
11932,pakie,
11933,paki,
11934,pajote,
11935,pajear,
11936,packy,
11937,packie,
11938,packi,
11939,p0rn,
11940,orospu,좋지 않은 행동을 하는 사람
11941,orifiss,
11942,orifice,
11943,oriface,
11944,orgasum,
11945,orgasmus,
11946,orgasms,강한 기쁨
11947,orgasm,
11948,orgasim,
11949,oral,
11950,orafis,
11951,olympicgamescity,올림픽 게임 시티 게임
11952,olympic2016,2016년 국제 행사
11953,odjebało,웃었다
11954,odbyt,항문
11955,nutsack,
11956,niteworker,나이트워커 게임
11957,niigr,
11958,niiger,
11959,nigur,
11960,nigimi,그런 말 하지 말자
11961,nigger,
11962,nigga,
11963,nflavor,엔플러버 게임회사
11964,nextapps,앱 개발사
11965,new리얼돌,인형 제품
11966,nepesaurio,무례한 사람
11967,neowizmoblie,네오위즈 모바일 회사
11968,neowizinternet,네오위즈 인터넷 회사
11969,neowizgames,네오위즈 게임회사
11970,neowizcrs,네오위즈 게임회사 직원들
11971,neowiz,네오위즈 게임회사
11972,nekrofil,
11973,negro,흑인
11974,negrero,
11975,negrata,
11976,neger,
11977,nazis,전체주의자
11978,nazi,극단적 신념을 가진 사람
11979,nastt,불쾌한
11980,n1gr,
11981,muschi,
11982,mulkku,
11983,muie,
11984,mouliewop,
11985,motherfucker,무례한 사람
11986,motherfuck,아주 엉망
11987,mother fuck,아주 엉망
11988,mothafuker,
11989,mothafucker,
11990,morinori,모리노리 캐주얼 게임
11991,moraco,
11992,monkleigh,
11993,moliyo,
11994,mofo,무례한 사람
11995,misogyny,여성혐오
11996,mineciarz,채굴하는 사람
11997,mibun,
11998,mentor,지도해 주는 사람
11999,masturbate,
12000,masturbat,
12001,mastorbat,
12002,masterbates,
12003,masterbate,
12004,masterbat3,
12005,masterbat,
12006,masterbaiter,
12007,masstrbate,
12008,masstrbait,
12009,massterbait,
12010,masokist,
12011,masochist,
12012,mamhoon,
12013,mamarla,
12014,mamado,
12015,mamada,
12016,loli ,
12017,lesbo,
12018,leck mich,그만해
12019,kórwa,무례한 사람
12020,kutas,
12021,kutafon,어수선한 사람
12022,kurwiszon,버릇없는 사람
12023,kurwia,
12024,kurwa,좋지 않은 행동을 하는 사람
12025,kuntz,
12026,kunts,
12027,kunt,
12028,kuksuger,무례한 사람
12029,kuk,
12030,kraut,독일인
12031,korwa,무례한 사람
12032,knulle,좋지 않은 행동
12033,knobz,
12034,knobs,
12035,knob,
12036,klootzak,무례한 사람
12037,kissmyass,그만 말하자
12038,kingdomofhero,킹덤오브히어로
12039,kike,유대인
12040,keriracing,레이싱 게임
12041,kawk,남성의 소중한 곳
12042,kao,놀람
12043,kaiawars,세계 모험 게임
12044,justnine,프로젝트 팀
12045,judensöhne,
12046,judenmutter,
12047,jot,
12048,joder,투덜거리다
12049,jmt,정말 맛있는 음식
12050,ji랄,그만해
12051,jizz,
12052,jizm,
12053,jiss,
12054,jism,체액
12055,jisim,
12056,jiral,
12057,jerkoff,
12058,jebca,무례한 사람
12059,jebać,엉망으로 만들다
12060,jebanie,엉망
12061,ja지,
12062,ja위,
12063,jazy,
12064,jazi,
12065,jawi,
12066,jawe,
12067,japs,
12068,jap,
12069,jamji,신체 부위
12070,jaji,
12071,jackoff,
12072,injun,원주민
12073,hój,
12074,huj,헛소리
12075,hui,
12076,ho로쉐끼,나쁜 사람
12077,ho로,
12078,hore,좋지 않은 행동을 하는 사람
12079,hoore,
12080,hoor,
12081,honkey,백인
12082,hoer,좋지 않은 행동을 하는 사람
12083,hoar,
12084,hijo Hitler,
12085,hentai,만화 콘텐츠
12086,helvete,고통스러운 상황
12087,hells,지옥
12088,hell,정말 힘든 곳
12089,heil hitler,
12090,haypikingdom,하이피킹덤 게임
12091,haypidragon,하이피드래곤 모험 게임
12092,h4x0r,해커
12093,h0re,
12094,h0r,좋지 않은 행동을 하는 사람
12095,h0ar,
12096,h00r,
12097,g스팟,
12098,g룰,헛소리
12099,g뢀,헛소리
12100,g롤,헛된 소란
12101,g럴,헛소리
12102,g랄,그만하자
12103,guiena,라틴계 사람
12104,gringo,외국인
12105,granatha,그라나사
12106,gotohell,
12107,gotdamn,
12108,gook,동양인
12109,goatse,
12110,gayz,
12111,gays,
12112,gaygirl,
12113,gayboy,
12114,gay,
12115,gameon,게임 온
12116,gamemaster,게임 진행 담당자
12117,gamemanager,게임 관리자
12118,gameguider,게임 도우미
12119,gamechu,gamechu 사이트
12120,g00k,
12121,fvc,
12122,fv(,
12123,fux0r,
12124,futkretzn,혼란스럽게 한다
12125,furyeyes,퓨리아이
12126,furyeye,퓨리아이
12127,fuker,
12128,fuk,
12129,fuckyou,정말 속상하네
12130,fucks,
12131,fucking,정말
12132,fuckin,아주
12133,fucker,버릇없는 사람
12134,fuck,
12135,fuc,
12136,fu(,
12137,foyada,
12138,fosaon,
12139,foreskin,포피
12140,follada,
12141,flipping the bird,
12142,ficken,
12143,fick dich,
12144,fetish,특이한 취향
12145,feg,
12146,feces,배설물
12147,fcuk,
12148,fatass,몸집이 큰 사람
12149,fascista,극단적 정치 성향
12150,fart,방귀
12151,fanny,엉덩이
12152,fanculo,짜증 난다
12153,falundafa,특정 수련 활동
12154,falun,수련 단체
12155,falangista,극단적 정치 단체 지칭
12156,faigs,
12157,faig,
12158,fagz,
12159,fags,
12160,fagit,
12161,faggot,
12162,faggit,
12163,fagg1t,
12164,faget,
12165,fag1t,
12166,fag,
12167,faen,안 좋은 사람
12168,facha,극단적 정치 성향
12169,enema,
12170,enculer,모욕적인 사람
12171,encular,
12172,ejakulate,
12173,ejackulate,
12174,dziwka,좋지 않은 행동을 하는 사람
12175,dyke,
12176,dupa,엉덩이
12177,drecksjude,
12178,dragonfly,게임 회사
12179,dork,엉뚱한 사람
12180,dominatrix,
12181,dominatrics,
12182,dominatricks,
12183,dog새,무례한 사람
12184,dodeka,도데카
12185,djmaxray,디제이맥스 음악 게임
12186,dirsa,
12187,dilld0s,
12188,dilld0,
12189,dildos,
12190,dildo,
12191,dild0s,
12192,dild0,
12193,dick,
12194,devil,나쁜 존재
12195,devclan,데브클랜 개발자 모임
12196,dego,다른 문화권 사람
12197,daygo,다른 문화권 사람
12198,damn,
12199,damm,
12200,d4mn,정말 안 좋다
12201,c팔,
12202,c빨넘,
12203,c블늠,
12204,c블놈,
12205,c블넘,
12206,c불늠,
12207,c불놈,
12208,c불넘,
12209,c부랄,
12210,c벌넘,
12211,c발쉑,
12212,c발섹,
12213,c발뇬,
12214,c발놈,
12215,c발년,
12216,c발넘,
12217,c발,
12218,czarnuch,
12219,cval,
12220,cuntz,
12221,cunts,
12222,cunt,
12223,cum,
12224,cs,
12225,crap,엉망
12226,coño,
12227,comepoyas,
12228,codex,기록 모음
12229,cocks,
12230,cockhead,
12231,cock,
12232,cntz,
12233,cnts,
12234,clits,
12235,cival,
12236,cipsko,
12237,cipo,무례한 사람
12238,cipal,
12239,cipa,
12240,cibal,
12241,chuj,
12242,chraa,
12243,chong,
12244,chink,아시아인
12245,ching,
12246,ccival,
12247,ccipal,
12248,ccibal,
12249,cazzo,
12250,cawks,
12251,cawk,
12252,cabron,버릇없는 사람
12253,c0k,
12254,c0cks,
12255,c0ck,
12256,byuntae,이상한 사람
12257,buttwipe,
12258,buttpirate,무례한 사람
12259,butthole,
12260,butthead,경솔한 사람
12261,buttfuck,
12262,bunsek,
12263,bunsec,
12264,bugs,벅스 음악 서비스
12265,buceta,
12266,breasts,가슴
12267,bo지,
12268,bozy,
12269,bozi,
12270,booooly2online,학교 이야기 게임
12271,boobs,가슴
12272,bojy,
12273,boji,
12274,boiolas,
12275,bogy,
12276,bogi,
12277,boffing,
12278,bluemoon,블루문 게임
12279,blowjob,
12280,blow job,
12281,bitches,
12282,bitch,무례한 사람
12283,bi7ch,무례한 사람
12284,bbagury,
12285,bbagoori,
12286,basterdz,
12287,basterds,
12288,bastardz,
12289,bastards,
12290,bastard,
12291,bassterds,
12292,baseballshowdown,야구 경기 게임
12293,b1tch,무례한 사람
12294,b17ch,무례한 사람
12295,b00bs,가슴
12296,b00b,가슴
12297,b!tch,무례한 사람
12298,azzhole,
12299,ayir,
12300,ausschwitz,아우슈비츠 수용소
12301,auschwitz,아우슈비츠 수용소
12302,asswipe,
12303,assrammer,무례한 행동을 하는 사람
12304,assholz,
12305,assholes,
12306,asshole,
12307,assh0lez,
12308,assh0le,
12309,ass,
12310,asholes,
12311,ash0les,
12312,ash0le,
12313,as$hole,무례한 사람
12314,arschloch,무례한 사람
12315,arbeit macht frei,
12316,anus,
12317,anul,
12318,annal,
12319,andskota,무례한 사람
12320,anal,
12321,amcik,
12322,ahole,
12323,ac팔,
12324,ac발,
12325,a$shole,무례한 사람
12326,a$$hole,무례한 사람
12327,_ㅣ_,
12328,_|_,
12329,_l_,
12330,_I_,
12331,_/_,
12332,_ |_,
12333,^ㅣ빨,
12334,^ㅣ발,
12335,^l발,
12336,^^ㅣ빨,
12337,^^ㅣ벌,
12338,^^ㅣ발,
12339,^^l발,
12340,X옷됐다고,망했다고
12341,X새끼,사람
12342,X랄하고,이상하게 하고
12343,X끼,
12344,XX할,
12345,Wanker,버릇없는 사람
12346,Wanka,버릇없는 사람
12347,Wank,
12348,WG,
12349,Violer,
12350,UXPLUS,유엑스플러스 디자인 스튜디오
12351,Twat,
12352,Tranny,
12353,Tosspot,무례한 사람
12354,Tosser,무례한 사람
12355,Toss,그만두다
12356,Te faire enculer,
12357,SⓔX,
12358,Spaz,서툰 행동
12359,Spast,서툰 행동
12360,Spacka,서툰 사람
12361,Slut,
12362,Skurwiel,
12363,Skanky,행동이 좋지 않은
12364,Shyty,형편없는
12365,Shytty,형편없는
12366,Shyte,곤란하네
12367,Shyt,곤란하네
12368,Shity,형편없는
12369,Shitty,형편없는
12370,Shite,곤란하네
12371,Shit,
12372,Shag,사귀다
12373,Sh!t,정말 곤란하네
12374,Schwanzlutscher,
12375,Satan,나쁜 존재
12376,SUCKSEX,
12377,SUCKER,
12378,SMﾌﾟﾚｲ,
12379,SM調教,
12380,SMプレイ,
12381,SM,
12382,SIBALNYUN,
12383,SF募集,게임 내 모집
12384,SEX로리타,
12385,Rapist,
12386,Rape,
12387,RR,로얄층 로얄동
12388,R2beat,R2beat 음악 게임
12389,Queer,성소수자
12390,Pédé,
12391,Pussy,
12392,Punani,
12393,Prick,
12394,Poonani,
12395,Pmangplus,게임 서비스
12396,Phukker,
12397,Phuker,
12398,Phuk,
12399,Phuck,
12400,Phuc,
12401,Paki,
12402,PVP,플레이어 대전
12403,PM,기획 담당자
12404,PHONSEC,
12405,PHONE색,
12406,PHONESEC,
12407,PD,콘텐츠 제작자
12408,Olympic2012,2012년 국제 대회
12409,Olympic,올림픽 대회
12410,Official,공식
12411,Nègre,
12412,Niquer,엉망으로 만들다
12413,Nigger,
12414,Nigga,
12415,Nazi,나찌
12416,Navigator,네비게이터
12417,NPC,논 플레이 캐릭터
12418,Mutha Fukker,
12419,Mutha Fukkah,
12420,Mutha Fuker,
12421,Mutha Fukah,
12422,Mutha Fucker,
12423,Mother Fukker,
12424,Mother Fukkah,
12425,Mother Fuker,
12426,Mother Fukah,
12427,Motha Fukker,
12428,Motha Fukkah,
12429,MORAKO,MORAKO 브랜드 서비스
12430,LondonOlympic2012,2012년 런던 대회
12431,London2012,2012런던 스포츠 게임
12432,Liusishijian,1989년 사건 표현
12433,Lipshitz,
12434,Lipshits,
12435,Lezzian,
12436,Lesbian,
12437,K粉,불법 약물
12438,K他命,불법 약물
12439,Kurac,
12440,Kike,
12441,Jizz,
12442,Japseye,
12443,JB,
12444,IOS,운영체제
12445,IOC,국제 체육 기구
12446,Huevon,게으른 사람
12447,HWDP,
12448,G스팟,
12449,Grosse merde,아주 엉망
12450,Goddamned,젠장
12451,GM,게임 운영 담당자
12452,GG,굿 게임
12453,Führer,지도자
12454,Fukkin,아주
12455,Fukker,
12456,Fukken,아주
12457,Fukkah,
12458,Fukk,
12459,Fukin,아주
12460,Fuken,아주
12461,Fukah,
12462,Fudge Packer,
12463,Fucking,정말
12464,Fuck,엉망이다
12465,Foutre,
12466,Fotze,
12467,Fook,헛소리
12468,Flikker,무례한 사람
12469,Fiut,
12470,Fiucie,
12471,Fils de pute,
12472,Ferme ta gueule,조용히 해
12473,Fellatio,
12474,Felcher,무례한 사람
12475,Faggot,
12476,Endsieg,
12477,Endlösung,
12478,Enculé,무례한 사람
12479,Ekto,무례한 사람
12480,D랄,헛소리
12481,Drecksau,
12482,Dickhead,
12483,Dick,
12484,C벌년,
12485,Cybercrime,온라인 범죄
12486,Cunt,
12487,Cul,엉덩이
12488,Cow,
12489,Connard,무례한 사람
12490,Cocksucker,
12491,CockSucker,
12492,Cock,
12493,Clit,
12494,Chink,
12495,Carpet Muncher,
12496,CS,미니언
12497,CC기,군중제어기
12498,CCTV,CCTV 방송사
12499,CARSEX,
12500,C8뇬,
12501,C8놈,
12502,C8년,
12503,C8넘,
12504,C8,아이구
12505,B博士,박사님
12506,Bullshit,헛소리
12507,Bougnoul,
12508,Bollocks,
12509,BnB,Air BnB
12510,Blowjob,
12511,Biatch,
12512,Bexter,Bexter 음악 작곡가
12513,Bellend,
12514,Bangzi,
12515,Baiser,
12516,Assface,
12517,Ass Monkey,
12518,Arse,
12519,Arsch,
12520,Admin,관리자
12521,ARCHBEARS,아크베어즈 게임 개발사
12522,APSTUDIO,창작 스튜디오
12523,@sshole,무례한 사람
12524,@!@,
12525,:middle_finger:,
12526,89风波,1989년 사회적 혼란 사건
12527,89运动,1989년 학생 운동
12528,89暴乱,1989년 큰 시위
12529,89年的斗争,1989년 시위
12530,89学潮,1989년 학생 시위
12531,89动乱,1989년 학생 소요
12532,6月4,6월 4일
12533,69전문,
12534,64动乱,1989년 큰 시위
12535,52키로감량녀,52kg 감량한 여성
12536,4까시,4까지
12537,4까C,
12538,4kkasi,
12539,4f,4f 게임
12540,4KKASI,
12541,3딸을,세 딸을
12542,306医院,306 병원
12543,2차는,다음 순서는
12544,2찍돌이들이,특정 정치 성향을 가진 분들이
12545,2찍,특정 후보 지지자
12546,2씨8,
12547,2girls1cup,
12548,2C팔,
12549,2C8,
12550,20살된색기가,20살 된 사람이
12551,2016rioOlympic,2016년 리우 행사
12552,2016rio,2016년 리우 행사
12553,2016olympic,2016년 국제 행사
12554,2014지잡,2014년 지방대
12555,2012LondonOlympic,2012년 런던 대회
12556,2012London,2012런던 스포츠 게임
12557,1세계백인남,선진국 백인 남성
12558,1세계가,선진국이
12559,1세계,선진국
12560,1o세끼,
12561,1o세,사람
12562,1o새끼,
12563,1o새,사람
12564,1989年6月4日,1989년 6월 사건
12565,18운영자,
12566,18아,
12567,18씨끼,
12568,18쒝끼,
12569,18쒜리,
12570,18쒜끼,
12571,18쎄리,
12572,18시키,
12573,18시끼,
12574,18스,
12575,18쉑,
12576,18쉐키,사람
12577,18쉐,
12578,18섹,
12579,18세리,
12580,18세끼,
12581,18샹늠,
12582,18샹놈,
12583,18색끼,
12584,18색,
12585,18새끼,
12586,18새,사람
12587,18롬,
12588,18련,
12589,18럼,
12590,18늠,사람
12591,18눔,
12592,18뇬,여자
12593,18놈,사람
12594,18노,
12595,18넘,
12596,18것,
12597,18x,
12598,18sus,
12599,15年纪念日,15주년 기념일
12600,13点,엉뚱한 사람
12601,10할연,
12602,10할년,
12603,10할,10퍼센트
12604,10펄,
12605,10팔연,
12606,10팔쉑,
12607,10팔섹,
12608,10팔색,
12609,10팔뇬,
12610,10팔놈,
12611,10팔년,
12612,10팔,
12613,10팍,
12614,10탱,
12615,10챵,
12616,10창,
12617,10이다,
12618,10앨늠,
12619,10앨놈,
12620,10앨넘,
12621,10알,
12622,10쎝치,
12623,10쎈치,
12624,10쎄끼,
12625,10쎄,
12626,10쌔기,
12627,10쌔,
12628,10스,
12629,10쉑,
12630,10쉐이,
12631,10섹,
12632,10세리,
12633,10새퀴,
12634,10새야,
12635,10새리,
12636,10새끼,
12637,10새기,
12638,10새,10색
12639,10버지,
12640,10밸늠,
12641,10밸놈,
12642,10밸넘,
12643,10발련,
12644,10발놈,
12645,10발년,
12646,10발넘,
12647,10련,
12648,10놈아,말투가 거친 사람아
12649,10놈,
12650,10넘,
12651,10r,
12652,10JIL,
12653,108새끼,
12654,00005보통펀치,아주 약한 펀치
12655,.c0m,.com
12656,.c O M,.com
12657, 한남이, 한국 남성이
12658, 한남을, 한국 남성을
12659, 한남은, 한국 남성은
12660, 크 , 정말
12661, 쫑, 일의 끝
12662, 좀, 조금
12663, 전차스 , 전자파 차단 스티커
12664, 전쪽, 전체 쪽지
12665, 전따, 전교적으로 따돌림
12666, 전거지, 전세사는 가난한 사람
12667, 저메추, 저녁 메뉴 추천
12668, 장미족, 장기간 미취업 상태에 있는 사람
12669, 잇님, 이웃님
12670, 인스타 , 인스타그램
12671, 인별 , 인스타그램
12672, 은꼴사, 은근히 끌리는 사진
12673, 은꼴, 눈길을 끄는 모습
12674, 윤락,
12675, 윤간,
12676, 엄카, 엄마 카드
12677, 얼집, 어린이집
12678, 앰들이, 사람들이
12679, 알바 , 아르바이트
12680, 알몸, 부끄러운 차림
12681, 아굴, 입
12682, 쓰글, 썩을
12683, 꼴, 모습
12684, 벌거벗은, 부끄러운 차림의
12685, 나체의, 부끄러운 차림의
12686, 나체, 부끄러운 차림
12687, 뚱돼지, 몸집이 큰
12688,가슴이 드러나는,
12689,가슴이 패인,
12689,젖가슴,가슴
12690,발가숭이,부끄러운 차림
12691,벌거숭이,부끄러운 차림
12692,누드,옷을 입지 않은